{"nodes": [{"id": 12, "infected": true, "start": "2020-01-01 00:00:00", "end": "2020-01-01 00:15:00"}, {"id": 244, "start": "2020-01-01 00:00:00", "end": "2020-01-01 00:15:00", "infected": false}, {"id": 454, "start": "2020-01-01 00:00:00", "end": "2020-01-01 00:15:00", "infected": false}, {"id": 12, "infected": true, "start": "2020-01-01 01:00:00", "end": "2020-01-01 01:15:00"}, {"id": 244, "start": "2020-01-01 01:00:00", "end": "2020-01-01 01:15:00", "infected": false}, {"id": 454, "start": "2020-01-01 01:00:00", "end": "2020-01-01 01:15:00", "infected": false}, {"id": 12, "infected": true, "start": "2020-01-01 02:00:00", "end": "2020-01-01 02:15:00"}, {"id": 244, "start": "2020-01-01 02:00:00", "end": "2020-01-01 02:15:00", "infected": false}, {"id": 12, "infected": true, "start": "2020-01-01 03:00:00", "end": "2020-01-01 03:15:00"}, {"id": 244, "start": "2020-01-01 03:00:00", "end": "2020-01-01 03:15:00", "infected": false}, {"id": 12, "infected": true, "start": "2020-01-01 11:00:00", "end": "2020-01-01 11:15:00"}, {"id": 11, "start": "2020-01-01 11:00:00", "end": "2020-01-01 11:15:00", "infected": false}, {"id": 12, "infected": true, "start": "2020-01-01 14:00:00", "end": "2020-01-01 14:15:00"}, {"id": 11, "start": "2020-01-01 14:00:00", "end": "2020-01-01 14:15:00", "infected": false}, {"id": 12, "infected": true, "start": "2020-01-01 15:00:00", "end": "2020-01-01 15:15:00"}, {"id": 492, "start": "2020-01-01 15:00:00", "end": "2020-01-01 15:15:00", "infected": false}, {"id": 13, "start": "2020-01-01 15:00:00", "end": "2020-01-01 15:15:00", "infected": false}, {"id": 461, "start": "2020-01-01 15:00:00", "end": "2020-01-01 15:15:00", "infected": false}, {"id": 12, "infected": true, "start": "2020-01-01 16:00:00", "end": "2020-01-01 16:15:00"}, {"id": 13, "start": "2020-01-01 16:00:00", "end": "2020-01-01 16:15:00", "infected": false}, {"id": 492, "start": "2020-01-01 16:00:00", "end": "2020-01-01 16:15:00", "infected": false}, {"id": 12, "infected": true, "start": "2020-01-01 17:00:00", "end": "2020-01-01 17:15:00"}, {"id": 13, "start": "2020-01-01 17:00:00", "end": "2020-01-01 17:15:00", "infected": false}, {"id": 12, "infected": true, "start": "2020-01-01 18:00:00", "end": "2020-01-01 18:15:00"}, {"id": 13, "start": "2020-01-01 18:00:00", "end": "2020-01-01 18:15:00", "infected": false}, {"id": 12, "infected": true, "start": "2020-01-01 19:00:00", "end": "2020-01-01 19:15:00"}, {"id": 13, "start": "2020-01-01 19:00:00", "end": "2020-01-01 19:15:00", "infected": false}, {"id": 11, "start": "2020-01-01 19:00:00", "end": "2020-01-01 19:15:00", "infected": false}, {"id": 12, "infected": true, "start": "2020-01-01 20:00:00", "end": "2020-01-01 20:15:00"}, {"id": 13, "start": "2020-01-01 20:00:00", "end": "2020-01-01 20:15:00", "infected": false}, {"id": 461, "start": "2020-01-01 20:00:00", "end": "2020-01-01 20:15:00", "infected": false}, {"id": 12, "infected": true, "start": "2020-01-01 21:00:00", "end": "2020-01-01 21:15:00"}, {"id": 13, "start": "2020-01-01 21:00:00", "end": "2020-01-01 21:15:00", "infected": false}, {"id": 12, "infected": true, "start": "2020-01-01 22:00:00", "end": "2020-01-01 22:15:00"}, {"id": 13, "start": "2020-01-01 22:00:00", "end": "2020-01-01 22:15:00", "infected": false}, {"id": 12, "infected": true, "start": "2020-01-01 23:00:00", "end": "2020-01-01 23:15:00"}, {"id": 11, "start": "2020-01-01 23:00:00", "end": "2020-01-01 23:15:00", "infected": false}, {"id": 12, "infected": true, "start": "2020-01-02 00:00:00", "end": "2020-01-02 00:15:00"}, {"id": 13, "start": "2020-01-02 00:00:00", "end": "2020-01-02 00:15:00", "infected": false}, {"id": 12, "infected": true, "start": "2020-01-02 02:00:00", "end": "2020-01-02 02:15:00"}, {"id": 13, "start": "2020-01-02 02:00:00", "end": "2020-01-02 02:15:00", "infected": false}, {"id": 12, "infected": true, "start": "2020-01-02 03:00:00", "end": "2020-01-02 03:15:00"}, {"id": 13, "start": "2020-01-02 03:00:00", "end": "2020-01-02 03:15:00", "infected": false}, {"id": 12, "infected": true, "start": "2020-01-02 08:00:00", "end": "2020-01-02 08:15:00"}, {"id": 13, "start": "2020-01-02 08:00:00", "end": "2020-01-02 08:15:00", "infected": false}, {"id": 12, "infected": true, "start": "2020-01-02 10:00:00", "end": "2020-01-02 10:15:00"}, {"id": 13, "start": "2020-01-02 10:00:00", "end": "2020-01-02 10:15:00", "infected": false}, {"id": 12, "infected": true, "start": "2020-01-02 12:00:00", "end": "2020-01-02 12:15:00"}, {"id": 13, "start": "2020-01-02 12:00:00", "end": "2020-01-02 12:15:00", "infected": false}, {"id": 317, "start": "2020-01-02 12:00:00", "end": "2020-01-02 12:15:00", "infected": false}, {"id": 12, "infected": true, "start": "2020-01-02 13:00:00", "end": "2020-01-02 13:15:00"}, {"id": 244, "start": "2020-01-02 13:00:00", "end": "2020-01-02 13:15:00", "infected": false}, {"id": 317, "start": "2020-01-02 13:00:00", "end": "2020-01-02 13:15:00", "infected": false}, {"id": 423, "start": "2020-01-02 13:00:00", "end": "2020-01-02 13:15:00", "infected": false}, {"id": 25, "start": "2020-01-02 13:00:00", "end": "2020-01-02 13:15:00", "infected": false}, {"id": 215, "start": "2020-01-02 13:00:00", "end": "2020-01-02 13:15:00", "infected": false}, {"id": 14, "start": "2020-01-02 13:00:00", "end": "2020-01-02 13:15:00", "infected": false}, {"id": 12, "infected": true, "start": "2020-01-02 14:00:00", "end": "2020-01-02 14:15:00"}, {"id": 244, "start": "2020-01-02 14:00:00", "end": "2020-01-02 14:15:00", "infected": false}, {"id": 317, "start": "2020-01-02 14:00:00", "end": "2020-01-02 14:15:00", "infected": false}, {"id": 423, "start": "2020-01-02 14:00:00", "end": "2020-01-02 14:15:00", "infected": false}, {"id": 12, "infected": true, "start": "2020-01-02 15:00:00", "end": "2020-01-02 15:15:00"}, {"id": 25, "start": "2020-01-02 15:00:00", "end": "2020-01-02 15:15:00", "infected": false}, {"id": 613, "start": "2020-01-02 15:00:00", "end": "2020-01-02 15:15:00", "infected": false}, {"id": 642, "start": "2020-01-02 15:00:00", "end": "2020-01-02 15:15:00", "infected": false}, {"id": 244, "start": "2020-01-02 15:00:00", "end": "2020-01-02 15:15:00", "infected": false}, {"id": 12, "infected": true, "start": "2020-01-02 16:00:00", "end": "2020-01-02 16:15:00"}, {"id": 244, "start": "2020-01-02 16:00:00", "end": "2020-01-02 16:15:00", "infected": false}, {"id": 25, "start": "2020-01-02 16:00:00", "end": "2020-01-02 16:15:00", "infected": false}, {"id": 12, "infected": true, "start": "2020-01-02 17:00:00", "end": "2020-01-02 17:15:00"}, {"id": 25, "start": "2020-01-02 17:00:00", "end": "2020-01-02 17:15:00", "infected": false}, {"id": 244, "start": "2020-01-02 17:00:00", "end": "2020-01-02 17:15:00", "infected": false}, {"id": 12, "infected": true, "start": "2020-01-02 22:00:00", "end": "2020-01-02 22:15:00"}, {"id": 13, "start": "2020-01-02 22:00:00", "end": "2020-01-02 22:15:00", "infected": false}, {"id": 492, "start": "2020-01-02 22:00:00", "end": "2020-01-02 22:15:00", "infected": false}, {"id": 12, "infected": true, "start": "2020-01-02 23:00:00", "end": "2020-01-02 23:15:00"}, {"id": 13, "start": "2020-01-02 23:00:00", "end": "2020-01-02 23:15:00", "infected": false}, {"id": 12, "infected": true, "start": "2020-01-03 00:00:00", "end": "2020-01-03 00:15:00"}, {"id": 13, "start": "2020-01-03 00:00:00", "end": "2020-01-03 00:15:00", "infected": false}, {"id": 12, "infected": true, "start": "2020-01-03 01:00:00", "end": "2020-01-03 01:15:00"}, {"id": 13, "start": "2020-01-03 01:00:00", "end": "2020-01-03 01:15:00", "infected": false}, {"id": 12, "infected": true, "start": "2020-01-03 02:00:00", "end": "2020-01-03 02:15:00"}, {"id": 11, "start": "2020-01-03 02:00:00", "end": "2020-01-03 02:15:00", "infected": false}, {"id": 12, "infected": true, "start": "2020-01-03 03:00:00", "end": "2020-01-03 03:15:00"}, {"id": 13, "start": "2020-01-03 03:00:00", "end": "2020-01-03 03:15:00", "infected": false}, {"id": 12, "infected": true, "start": "2020-01-03 04:00:00", "end": "2020-01-03 04:15:00"}, {"id": 13, "start": "2020-01-03 04:00:00", "end": "2020-01-03 04:15:00", "infected": false}, {"id": 12, "infected": true, "start": "2020-01-03 05:00:00", "end": "2020-01-03 05:15:00"}, {"id": 13, "start": "2020-01-03 05:00:00", "end": "2020-01-03 05:15:00", "infected": false}, {"id": 12, "infected": true, "start": "2020-01-03 07:00:00", "end": "2020-01-03 07:15:00"}, {"id": 13, "start": "2020-01-03 07:00:00", "end": "2020-01-03 07:15:00", "infected": false}, {"id": 12, "infected": true, "start": "2020-01-03 08:00:00", "end": "2020-01-03 08:15:00"}, {"id": 13, "start": "2020-01-03 08:00:00", "end": "2020-01-03 08:15:00", "infected": false}, {"id": 12, "infected": true, "start": "2020-01-03 09:00:00", "end": "2020-01-03 09:15:00"}, {"id": 13, "start": "2020-01-03 09:00:00", "end": "2020-01-03 09:15:00", "infected": false}, {"id": 492, "start": "2020-01-03 09:00:00", "end": "2020-01-03 09:15:00", "infected": false}, {"id": 12, "infected": true, "start": "2020-01-03 14:00:00", "end": "2020-01-03 14:15:00"}, {"id": 492, "start": "2020-01-03 14:00:00", "end": "2020-01-03 14:15:00", "infected": false}, {"id": 12, "infected": true, "start": "2020-01-03 17:00:00", "end": "2020-01-03 17:15:00"}, {"id": 492, "start": "2020-01-03 17:00:00", "end": "2020-01-03 17:15:00", "infected": false}, {"id": 12, "infected": true, "start": "2020-01-03 18:00:00", "end": "2020-01-03 18:15:00"}, {"id": 492, "start": "2020-01-03 18:00:00", "end": "2020-01-03 18:15:00", "infected": false}, {"id": 12, "infected": true, "start": "2020-01-03 19:00:00", "end": "2020-01-03 19:15:00"}, {"id": 13, "start": "2020-01-03 19:00:00", "end": "2020-01-03 19:15:00", "infected": false}, {"id": 12, "infected": true, "start": "2020-01-03 20:00:00", "end": "2020-01-03 20:15:00"}, {"id": 13, "start": "2020-01-03 20:00:00", "end": "2020-01-03 20:15:00", "infected": false}, {"id": 12, "infected": true, "start": "2020-01-03 21:00:00", "end": "2020-01-03 21:15:00"}, {"id": 13, "start": "2020-01-03 21:00:00", "end": "2020-01-03 21:15:00", "infected": false}, {"id": 12, "infected": true, "start": "2020-01-03 22:00:00", "end": "2020-01-03 22:15:00"}, {"id": 13, "start": "2020-01-03 22:00:00", "end": "2020-01-03 22:15:00", "infected": false}, {"id": 12, "infected": true, "start": "2020-01-03 23:00:00", "end": "2020-01-03 23:15:00"}, {"id": 13, "start": "2020-01-03 23:00:00", "end": "2020-01-03 23:15:00", "infected": false}, {"id": 12, "infected": true, "start": "2020-01-04 04:00:00", "end": "2020-01-04 04:15:00"}, {"id": 13, "start": "2020-01-04 04:00:00", "end": "2020-01-04 04:15:00", "infected": false}, {"id": 12, "infected": true, "start": "2020-01-04 05:00:00", "end": "2020-01-04 05:15:00"}, {"id": 13, "start": "2020-01-04 05:00:00", "end": "2020-01-04 05:15:00", "infected": false}, {"id": 12, "infected": true, "start": "2020-01-04 06:00:00", "end": "2020-01-04 06:15:00"}, {"id": 13, "start": "2020-01-04 06:00:00", "end": "2020-01-04 06:15:00", "infected": false}, {"id": 12, "infected": true, "start": "2020-01-04 07:00:00", "end": "2020-01-04 07:15:00"}, {"id": 13, "start": "2020-01-04 07:00:00", "end": "2020-01-04 07:15:00", "infected": false}, {"id": 12, "infected": true, "start": "2020-01-04 17:00:00", "end": "2020-01-04 17:15:00"}, {"id": 13, "start": "2020-01-04 17:00:00", "end": "2020-01-04 17:15:00", "infected": false}, {"id": 12, "infected": true, "start": "2020-01-04 18:00:00", "end": "2020-01-04 18:15:00"}, {"id": 13, "start": "2020-01-04 18:00:00", "end": "2020-01-04 18:15:00", "infected": false}, {"id": 12, "infected": true, "start": "2020-01-04 19:00:00", "end": "2020-01-04 19:15:00"}, {"id": 13, "start": "2020-01-04 19:00:00", "end": "2020-01-04 19:15:00", "infected": false}, {"id": 12, "infected": true, "start": "2020-01-04 20:00:00", "end": "2020-01-04 20:15:00"}, {"id": 13, "start": "2020-01-04 20:00:00", "end": "2020-01-04 20:15:00", "infected": false}, {"id": 12, "infected": true, "start": "2020-01-04 21:00:00", "end": "2020-01-04 21:15:00"}, {"id": 13, "start": "2020-01-04 21:00:00", "end": "2020-01-04 21:15:00", "infected": false}, {"id": 12, "infected": true, "start": "2020-01-04 22:00:00", "end": "2020-01-04 22:15:00"}, {"id": 13, "start": "2020-01-04 22:00:00", "end": "2020-01-04 22:15:00", "infected": false}, {"id": 12, "infected": true, "start": "2020-01-04 23:00:00", "end": "2020-01-04 23:15:00"}, {"id": 13, "start": "2020-01-04 23:00:00", "end": "2020-01-04 23:15:00", "infected": false}, {"id": 12, "infected": true, "start": "2020-01-05 00:00:00", "end": "2020-01-05 00:15:00"}, {"id": 13, "start": "2020-01-05 00:00:00", "end": "2020-01-05 00:15:00", "infected": false}, {"id": 12, "infected": true, "start": "2020-01-05 01:00:00", "end": "2020-01-05 01:15:00"}, {"id": 13, "start": "2020-01-05 01:00:00", "end": "2020-01-05 01:15:00", "infected": false}, {"id": 12, "infected": true, "start": "2020-01-05 02:00:00", "end": "2020-01-05 02:15:00"}, {"id": 13, "start": "2020-01-05 02:00:00", "end": "2020-01-05 02:15:00", "infected": false}, {"id": 12, "infected": true, "start": "2020-01-05 04:00:00", "end": "2020-01-05 04:15:00"}, {"id": 13, "start": "2020-01-05 04:00:00", "end": "2020-01-05 04:15:00", "infected": false}, {"id": 12, "infected": true, "start": "2020-01-05 06:00:00", "end": "2020-01-05 06:15:00"}, {"id": 13, "start": "2020-01-05 06:00:00", "end": "2020-01-05 06:15:00", "infected": false}, {"id": 448, "start": "2020-01-05 06:00:00", "end": "2020-01-05 06:15:00", "infected": false}, {"id": 12, "infected": true, "start": "2020-01-05 07:00:00", "end": "2020-01-05 07:15:00"}, {"id": 13, "start": "2020-01-05 07:00:00", "end": "2020-01-05 07:15:00", "infected": false}, {"id": 12, "infected": true, "start": "2020-01-05 08:00:00", "end": "2020-01-05 08:15:00"}, {"id": 244, "start": "2020-01-05 08:00:00", "end": "2020-01-05 08:15:00", "infected": false}, {"id": 170, "start": "2020-01-05 08:00:00", "end": "2020-01-05 08:15:00", "infected": false}, {"id": 264, "start": "2020-01-05 08:00:00", "end": "2020-01-05 08:15:00", "infected": false}, {"id": 555, "start": "2020-01-05 08:00:00", "end": "2020-01-05 08:15:00", "infected": false}, {"id": 349, "start": "2020-01-05 08:00:00", "end": "2020-01-05 08:15:00", "infected": false}, {"id": 216, "start": "2020-01-05 08:00:00", "end": "2020-01-05 08:15:00", "infected": false}, {"id": 12, "infected": true, "start": "2020-01-05 09:00:00", "end": "2020-01-05 09:15:00"}, {"id": 244, "start": "2020-01-05 09:00:00", "end": "2020-01-05 09:15:00", "infected": false}, {"id": 105, "start": "2020-01-05 09:00:00", "end": "2020-01-05 09:15:00", "infected": false}, {"id": 349, "start": "2020-01-05 09:00:00", "end": "2020-01-05 09:15:00", "infected": false}, {"id": 302, "start": "2020-01-05 09:00:00", "end": "2020-01-05 09:15:00", "infected": false}, {"id": 12, "infected": true, "start": "2020-01-05 10:00:00", "end": "2020-01-05 10:15:00"}, {"id": 244, "start": "2020-01-05 10:00:00", "end": "2020-01-05 10:15:00", "infected": false}, {"id": 349, "start": "2020-01-05 10:00:00", "end": "2020-01-05 10:15:00", "infected": false}, {"id": 105, "start": "2020-01-05 10:00:00", "end": "2020-01-05 10:15:00", "infected": false}, {"id": 25, "start": "2020-01-05 10:00:00", "end": "2020-01-05 10:15:00", "infected": false}, {"id": 155, "start": "2020-01-05 10:00:00", "end": "2020-01-05 10:15:00", "infected": false}, {"id": 243, "start": "2020-01-05 10:00:00", "end": "2020-01-05 10:15:00", "infected": false}, {"id": 264, "start": "2020-01-05 10:00:00", "end": "2020-01-05 10:15:00", "infected": false}, {"id": 555, "start": "2020-01-05 10:00:00", "end": "2020-01-05 10:15:00", "infected": false}, {"id": 12, "infected": true, "start": "2020-01-05 11:00:00", "end": "2020-01-05 11:15:00"}, {"id": 25, "start": "2020-01-05 11:00:00", "end": "2020-01-05 11:15:00", "infected": false}, {"id": 244, "start": "2020-01-05 11:00:00", "end": "2020-01-05 11:15:00", "infected": false}, {"id": 555, "start": "2020-01-05 11:00:00", "end": "2020-01-05 11:15:00", "infected": false}, {"id": 264, "start": "2020-01-05 11:00:00", "end": "2020-01-05 11:15:00", "infected": false}, {"id": 483, "start": "2020-01-05 11:00:00", "end": "2020-01-05 11:15:00", "infected": false}, {"id": 309, "start": "2020-01-05 11:00:00", "end": "2020-01-05 11:15:00", "infected": false}, {"id": 12, "infected": true, "start": "2020-01-06 12:00:00", "end": "2020-01-06 12:15:00", "tested": true}, {"id": 359, "start": "2020-01-06 12:00:00", "end": "2020-01-06 12:15:00", "infected": false, "tested": true}, {"id": 12, "infected": true, "start": "2020-01-06 13:00:00", "end": "2020-01-06 13:15:00", "tested": true}, {"id": 244, "start": "2020-01-06 13:00:00", "end": "2020-01-06 13:15:00", "infected": false}, {"id": 12, "infected": true, "start": "2020-01-06 14:00:00", "end": "2020-01-06 14:15:00", "tested": true}, {"id": 244, "start": "2020-01-06 14:00:00", "end": "2020-01-06 14:15:00", "infected": false}, {"id": 28, "start": "2020-01-06 14:00:00", "end": "2020-01-06 14:15:00", "infected": true, "tested": true}, {"id": 28, "infected": true, "start": "2020-01-06 14:00:00", "end": "2020-01-06 14:15:00", "tested": true}, {"id": 483, "start": "2020-01-06 14:00:00", "end": "2020-01-06 14:15:00", "infected": false, "tested": true}, {"id": 25, "start": "2020-01-06 14:00:00", "end": "2020-01-06 14:15:00", "infected": false}, {"id": 73, "start": "2020-01-06 14:00:00", "end": "2020-01-06 14:15:00", "infected": false}, {"id": 284, "start": "2020-01-06 14:00:00", "end": "2020-01-06 14:15:00", "infected": false}, {"id": 14, "start": "2020-01-06 14:00:00", "end": "2020-01-06 14:15:00", "infected": false}, {"id": 72, "start": "2020-01-06 14:00:00", "end": "2020-01-06 14:15:00", "infected": true, "tested": true}, {"id": 78, "start": "2020-01-06 14:00:00", "end": "2020-01-06 14:15:00", "infected": false}, {"id": 72, "infected": true, "start": "2020-01-06 14:00:00", "end": "2020-01-06 14:15:00", "tested": true}, {"id": 149, "start": "2020-01-06 14:00:00", "end": "2020-01-06 14:15:00", "infected": false}, {"id": 359, "start": "2020-01-06 14:00:00", "end": "2020-01-06 14:15:00", "infected": false, "tested": true}, {"id": 423, "start": "2020-01-06 14:00:00", "end": "2020-01-06 14:15:00", "infected": false}, {"id": 72, "infected": true, "start": "2020-01-06 15:00:00", "end": "2020-01-06 15:15:00", "tested": true}, {"id": 73, "start": "2020-01-06 15:00:00", "end": "2020-01-06 15:15:00", "infected": false}, {"id": 78, "start": "2020-01-06 15:00:00", "end": "2020-01-06 15:15:00", "infected": false}, {"id": 149, "start": "2020-01-06 15:00:00", "end": "2020-01-06 15:15:00", "infected": false}, {"id": 359, "start": "2020-01-06 15:00:00", "end": "2020-01-06 15:15:00", "infected": false, "tested": true}, {"id": 667, "start": "2020-01-06 15:00:00", "end": "2020-01-06 15:15:00", "infected": false}, {"id": 28, "infected": true, "start": "2020-01-06 15:00:00", "end": "2020-01-06 15:15:00", "tested": true}, {"id": 423, "start": "2020-01-06 15:00:00", "end": "2020-01-06 15:15:00", "infected": false}, {"id": 215, "start": "2020-01-06 15:00:00", "end": "2020-01-06 15:15:00", "infected": false}, {"id": 359, "infected": true, "start": "2020-01-06 15:00:00", "end": "2020-01-06 15:15:00", "tested": true}, {"id": 12, "infected": true, "start": "2020-01-06 15:00:00", "end": "2020-01-06 15:15:00", "tested": true}, {"id": 25, "start": "2020-01-06 15:00:00", "end": "2020-01-06 15:15:00", "infected": false}, {"id": 244, "start": "2020-01-06 15:00:00", "end": "2020-01-06 15:15:00", "infected": false}, {"id": 170, "start": "2020-01-06 15:00:00", "end": "2020-01-06 15:15:00", "infected": false}, {"id": 483, "start": "2020-01-06 15:00:00", "end": "2020-01-06 15:15:00", "infected": false, "tested": true}, {"id": 399, "start": "2020-01-06 15:00:00", "end": "2020-01-06 15:15:00", "infected": false}, {"id": 663, "start": "2020-01-06 15:00:00", "end": "2020-01-06 15:15:00", "infected": false}, {"id": 12, "infected": true, "start": "2020-01-06 16:00:00", "end": "2020-01-06 16:15:00", "tested": true}, {"id": 25, "start": "2020-01-06 16:00:00", "end": "2020-01-06 16:15:00", "infected": false}, {"id": 72, "infected": true, "start": "2020-01-06 16:00:00", "end": "2020-01-06 16:15:00", "tested": true}, {"id": 73, "start": "2020-01-06 16:00:00", "end": "2020-01-06 16:15:00", "infected": false}, {"id": 149, "start": "2020-01-06 16:00:00", "end": "2020-01-06 16:15:00", "infected": false}, {"id": 170, "start": "2020-01-06 16:00:00", "end": "2020-01-06 16:15:00", "infected": false}, {"id": 244, "start": "2020-01-06 16:00:00", "end": "2020-01-06 16:15:00", "infected": false}, {"id": 359, "infected": true, "start": "2020-01-06 16:00:00", "end": "2020-01-06 16:15:00", "tested": true}, {"id": 78, "start": "2020-01-06 16:00:00", "end": "2020-01-06 16:15:00", "infected": false}, {"id": 28, "infected": true, "start": "2020-01-06 16:00:00", "end": "2020-01-06 16:15:00", "tested": true}, {"id": 423, "start": "2020-01-06 16:00:00", "end": "2020-01-06 16:15:00", "infected": false}, {"id": 483, "start": "2020-01-06 16:00:00", "end": "2020-01-06 16:15:00", "infected": false, "tested": true}, {"id": 513, "start": "2020-01-06 16:00:00", "end": "2020-01-06 16:15:00", "infected": false}, {"id": 667, "start": "2020-01-06 16:00:00", "end": "2020-01-06 16:15:00", "infected": false}, {"id": 399, "start": "2020-01-06 16:00:00", "end": "2020-01-06 16:15:00", "infected": false}, {"id": 483, "infected": true, "start": "2020-01-06 16:00:00", "end": "2020-01-06 16:15:00", "tested": true}, {"id": 181, "start": "2020-01-06 16:00:00", "end": "2020-01-06 16:15:00", "infected": false}, {"id": 12, "infected": true, "start": "2020-01-06 17:00:00", "end": "2020-01-06 17:15:00", "tested": true}, {"id": 25, "start": "2020-01-06 17:00:00", "end": "2020-01-06 17:15:00", "infected": false}, {"id": 12, "infected": true, "start": "2020-01-06 18:00:00", "end": "2020-01-06 18:15:00", "tested": true}, {"id": 25, "start": "2020-01-06 18:00:00", "end": "2020-01-06 18:15:00", "infected": false}, {"id": 473, "start": "2020-01-06 18:00:00", "end": "2020-01-06 18:15:00", "infected": false}, {"id": 513, "start": "2020-01-06 18:00:00", "end": "2020-01-06 18:15:00", "infected": false}, {"id": 12, "infected": true, "start": "2020-01-06 19:00:00", "end": "2020-01-06 19:15:00", "tested": true}, {"id": 25, "start": "2020-01-06 19:00:00", "end": "2020-01-06 19:15:00", "infected": false}, {"id": 473, "start": "2020-01-06 19:00:00", "end": "2020-01-06 19:15:00", "infected": false}, {"id": 438, "start": "2020-01-06 19:00:00", "end": "2020-01-06 19:15:00", "infected": false}, {"id": 12, "infected": true, "start": "2020-01-06 20:00:00", "end": "2020-01-06 20:15:00", "tested": true}, {"id": 25, "start": "2020-01-06 20:00:00", "end": "2020-01-06 20:15:00", "infected": false}, {"id": 359, "infected": true, "start": "2020-01-06 20:00:00", "end": "2020-01-06 20:15:00", "tested": true}, {"id": 207, "start": "2020-01-06 20:00:00", "end": "2020-01-06 20:15:00", "infected": false}, {"id": 359, "infected": true, "start": "2020-01-06 21:00:00", "end": "2020-01-06 21:15:00", "tested": true}, {"id": 207, "start": "2020-01-06 21:00:00", "end": "2020-01-06 21:15:00", "infected": false}, {"id": 12, "infected": true, "start": "2020-01-06 21:00:00", "end": "2020-01-06 21:15:00", "tested": true}, {"id": 25, "start": "2020-01-06 21:00:00", "end": "2020-01-06 21:15:00", "infected": false}, {"id": 401, "start": "2020-01-06 21:00:00", "end": "2020-01-06 21:15:00", "infected": false}, {"id": 458, "start": "2020-01-06 21:00:00", "end": "2020-01-06 21:15:00", "infected": false}, {"id": 370, "start": "2020-01-06 21:00:00", "end": "2020-01-06 21:15:00", "infected": false}, {"id": 513, "start": "2020-01-06 21:00:00", "end": "2020-01-06 21:15:00", "infected": false}, {"id": 12, "infected": true, "start": "2020-01-06 22:00:00", "end": "2020-01-06 22:15:00", "tested": true}, {"id": 513, "start": "2020-01-06 22:00:00", "end": "2020-01-06 22:15:00", "infected": false}, {"id": 72, "infected": true, "start": "2020-01-06 22:00:00", "end": "2020-01-06 22:15:00", "tested": true}, {"id": 220, "start": "2020-01-06 22:00:00", "end": "2020-01-06 22:15:00", "infected": false}, {"id": 12, "infected": true, "start": "2020-01-06 23:00:00", "end": "2020-01-06 23:15:00", "tested": true}, {"id": 25, "start": "2020-01-06 23:00:00", "end": "2020-01-06 23:15:00", "infected": false}, {"id": 263, "start": "2020-01-06 23:00:00", "end": "2020-01-06 23:15:00", "infected": false}, {"id": 405, "start": "2020-01-06 23:00:00", "end": "2020-01-06 23:15:00", "infected": false}, {"id": 492, "start": "2020-01-06 23:00:00", "end": "2020-01-06 23:15:00", "infected": false}, {"id": 197, "start": "2020-01-06 23:00:00", "end": "2020-01-06 23:15:00", "infected": false}, {"id": 12, "infected": true, "start": "2020-01-07 00:00:00", "end": "2020-01-07 00:15:00", "test_result": "positive", "status": "PQ"}, {"id": 492, "start": "2020-01-07 00:00:00", "end": "2020-01-07 00:15:00", "infected": false}, {"id": 513, "start": "2020-01-07 00:00:00", "end": "2020-01-07 00:15:00", "infected": false}, {"id": 25, "start": "2020-01-07 00:00:00", "end": "2020-01-07 00:15:00", "infected": false}, {"id": 263, "start": "2020-01-07 00:00:00", "end": "2020-01-07 00:15:00", "infected": false}, {"id": 79, "start": "2020-01-07 00:00:00", "end": "2020-01-07 00:15:00", "infected": false}, {"id": 455, "start": "2020-01-07 00:00:00", "end": "2020-01-07 00:15:00", "infected": false}, {"id": 12, "infected": true, "start": "2020-01-07 01:00:00", "end": "2020-01-07 01:15:00", "test_result": "positive", "status": "PQ"}, {"id": 492, "start": "2020-01-07 01:00:00", "end": "2020-01-07 01:15:00", "infected": false}, {"id": 88, "start": "2020-01-07 01:00:00", "end": "2020-01-07 01:15:00", "infected": false}, {"id": 263, "start": "2020-01-07 01:00:00", "end": "2020-01-07 01:15:00", "infected": false}, {"id": 401, "start": "2020-01-07 01:00:00", "end": "2020-01-07 01:15:00", "infected": false}, {"id": 455, "start": "2020-01-07 01:00:00", "end": "2020-01-07 01:15:00", "infected": false}, {"id": 25, "start": "2020-01-07 01:00:00", "end": "2020-01-07 01:15:00", "infected": false}, {"id": 175, "start": "2020-01-07 01:00:00", "end": "2020-01-07 01:15:00", "infected": false}, {"id": 12, "infected": true, "start": "2020-01-07 02:00:00", "end": "2020-01-07 02:15:00", "test_result": "positive", "status": "PQ"}, {"id": 492, "start": "2020-01-07 02:00:00", "end": "2020-01-07 02:15:00", "infected": false}, {"id": 401, "start": "2020-01-07 02:00:00", "end": "2020-01-07 02:15:00", "infected": false}, {"id": 485, "start": "2020-01-07 02:00:00", "end": "2020-01-07 02:15:00", "infected": false}, {"id": 79, "start": "2020-01-07 02:00:00", "end": "2020-01-07 02:15:00", "infected": false}, {"id": 175, "start": "2020-01-07 02:00:00", "end": "2020-01-07 02:15:00", "infected": false}, {"id": 455, "start": "2020-01-07 02:00:00", "end": "2020-01-07 02:15:00", "infected": false}, {"id": 513, "start": "2020-01-07 02:00:00", "end": "2020-01-07 02:15:00", "infected": false}, {"id": 12, "infected": true, "start": "2020-01-07 03:00:00", "end": "2020-01-07 03:15:00", "test_result": "positive", "status": "PQ"}, {"id": 455, "start": "2020-01-07 03:00:00", "end": "2020-01-07 03:15:00", "infected": false}, {"id": 175, "start": "2020-01-07 03:00:00", "end": "2020-01-07 03:15:00", "infected": false}, {"id": 485, "start": "2020-01-07 03:00:00", "end": "2020-01-07 03:15:00", "infected": false}, {"id": 359, "infected": true, "start": "2020-01-07 15:00:00", "end": "2020-01-07 15:15:00", "test_result": "positive", "status": "PQ"}, {"id": 166, "start": "2020-01-07 15:00:00", "end": "2020-01-07 15:15:00", "infected": false}, {"id": 359, "infected": true, "start": "2020-01-07 16:00:00", "end": "2020-01-07 16:15:00", "test_result": "positive", "status": "PQ"}, {"id": 634, "start": "2020-01-07 16:00:00", "end": "2020-01-07 16:15:00", "infected": false}, {"id": 359, "infected": true, "start": "2020-01-07 19:00:00", "end": "2020-01-07 19:15:00", "test_result": "positive", "status": "PQ"}, {"id": 207, "start": "2020-01-07 19:00:00", "end": "2020-01-07 19:15:00", "infected": false}, {"id": 72, "infected": true, "start": "2020-01-07 23:00:00", "end": "2020-01-07 23:15:00", "test_result": "positive", "status": "PQ"}, {"id": 22, "start": "2020-01-07 23:00:00", "end": "2020-01-07 23:15:00", "infected": false}, {"id": 12, "infected": true, "start": "2020-01-07 23:00:00", "end": "2020-01-07 23:15:00", "test_result": "positive", "status": "PQ"}, {"id": 401, "start": "2020-01-07 23:00:00", "end": "2020-01-07 23:15:00", "infected": false}, {"id": 72, "infected": true, "start": "2020-01-08 00:00:00", "end": "2020-01-08 00:15:00"}, {"id": 22, "start": "2020-01-08 00:00:00", "end": "2020-01-08 00:15:00", "infected": false}, {"id": 12, "infected": true, "start": "2020-01-08 00:00:00", "end": "2020-01-08 00:15:00"}, {"id": 401, "start": "2020-01-08 00:00:00", "end": "2020-01-08 00:15:00", "infected": false}, {"id": 12, "infected": true, "start": "2020-01-08 01:00:00", "end": "2020-01-08 01:15:00"}, {"id": 401, "start": "2020-01-08 01:00:00", "end": "2020-01-08 01:15:00", "infected": false}, {"id": 72, "infected": true, "start": "2020-01-08 01:00:00", "end": "2020-01-08 01:15:00"}, {"id": 22, "start": "2020-01-08 01:00:00", "end": "2020-01-08 01:15:00", "infected": false}, {"id": 72, "infected": true, "start": "2020-01-08 03:00:00", "end": "2020-01-08 03:15:00"}, {"id": 220, "start": "2020-01-08 03:00:00", "end": "2020-01-08 03:15:00", "infected": false}, {"id": 12, "infected": true, "start": "2020-01-08 07:00:00", "end": "2020-01-08 07:15:00"}, {"id": 13, "start": "2020-01-08 07:00:00", "end": "2020-01-08 07:15:00", "infected": false}, {"id": 12, "infected": true, "start": "2020-01-08 09:00:00", "end": "2020-01-08 09:15:00"}, {"id": 13, "start": "2020-01-08 09:00:00", "end": "2020-01-08 09:15:00", "infected": false}, {"id": 12, "infected": true, "start": "2020-01-08 12:00:00", "end": "2020-01-08 12:15:00"}, {"id": 13, "start": "2020-01-08 12:00:00", "end": "2020-01-08 12:15:00", "infected": false}, {"id": 12, "infected": true, "start": "2020-01-08 13:00:00", "end": "2020-01-08 13:15:00"}, {"id": 13, "start": "2020-01-08 13:00:00", "end": "2020-01-08 13:15:00", "infected": false}, {"id": 12, "infected": true, "start": "2020-01-08 14:00:00", "end": "2020-01-08 14:15:00"}, {"id": 13, "start": "2020-01-08 14:00:00", "end": "2020-01-08 14:15:00", "infected": false}, {"id": 12, "infected": true, "start": "2020-01-08 15:00:00", "end": "2020-01-08 15:15:00"}, {"id": 13, "start": "2020-01-08 15:00:00", "end": "2020-01-08 15:15:00", "infected": false}, {"id": 492, "start": "2020-01-08 15:00:00", "end": "2020-01-08 15:15:00", "infected": false}, {"id": 359, "infected": true, "start": "2020-01-08 17:00:00", "end": "2020-01-08 17:15:00"}, {"id": 560, "start": "2020-01-08 17:00:00", "end": "2020-01-08 17:15:00", "infected": false}, {"id": 359, "infected": true, "start": "2020-01-08 18:00:00", "end": "2020-01-08 18:15:00"}, {"id": 300, "start": "2020-01-08 18:00:00", "end": "2020-01-08 18:15:00", "infected": false}, {"id": 301, "start": "2020-01-08 18:00:00", "end": "2020-01-08 18:15:00", "infected": false}, {"id": 207, "start": "2020-01-08 18:00:00", "end": "2020-01-08 18:15:00", "infected": false}, {"id": 560, "start": "2020-01-08 18:00:00", "end": "2020-01-08 18:15:00", "infected": false}, {"id": 12, "infected": true, "start": "2020-01-08 19:00:00", "end": "2020-01-08 19:15:00"}, {"id": 13, "start": "2020-01-08 19:00:00", "end": "2020-01-08 19:15:00", "infected": false}, {"id": 359, "infected": true, "start": "2020-01-08 19:00:00", "end": "2020-01-08 19:15:00"}, {"id": 560, "start": "2020-01-08 19:00:00", "end": "2020-01-08 19:15:00", "infected": false}, {"id": 12, "infected": true, "start": "2020-01-08 20:00:00", "end": "2020-01-08 20:15:00"}, {"id": 13, "start": "2020-01-08 20:00:00", "end": "2020-01-08 20:15:00", "infected": false}, {"id": 359, "infected": true, "start": "2020-01-08 20:00:00", "end": "2020-01-08 20:15:00"}, {"id": 560, "start": "2020-01-08 20:00:00", "end": "2020-01-08 20:15:00", "infected": false}, {"id": 12, "infected": true, "start": "2020-01-08 21:00:00", "end": "2020-01-08 21:15:00"}, {"id": 13, "start": "2020-01-08 21:00:00", "end": "2020-01-08 21:15:00", "infected": false}, {"id": 12, "infected": true, "start": "2020-01-08 22:00:00", "end": "2020-01-08 22:15:00"}, {"id": 13, "start": "2020-01-08 22:00:00", "end": "2020-01-08 22:15:00", "infected": false}, {"id": 12, "infected": true, "start": "2020-01-08 23:00:00", "end": "2020-01-08 23:15:00"}, {"id": 13, "start": "2020-01-08 23:00:00", "end": "2020-01-08 23:15:00", "infected": false}], "links": [{"source": 12, "target": 244, "timestamp": 0, "infection_occured": false, "masked": false, "start": "2020-01-01 00:00:00", "end": "2020-01-01 00:15:00"}, {"source": 12, "target": 454, "timestamp": 0, "infection_occured": false, "masked": false, "start": "2020-01-01 00:00:00", "end": "2020-01-01 00:15:00"}, {"source": 12, "target": 244, "timestamp": 1, "infection_occured": false, "masked": true, "start": "2020-01-01 01:00:00", "end": "2020-01-01 01:15:00"}, {"source": 12, "target": 454, "timestamp": 1, "infection_occured": false, "masked": false, "start": "2020-01-01 01:00:00", "end": "2020-01-01 01:15:00"}, {"source": 12, "target": 244, "timestamp": 2, "infection_occured": false, "masked": false, "start": "2020-01-01 02:00:00", "end": "2020-01-01 02:15:00"}, {"source": 12, "target": 244, "timestamp": 3, "infection_occured": false, "masked": false, "start": "2020-01-01 03:00:00", "end": "2020-01-01 03:15:00"}, {"source": 12, "target": 11, "timestamp": 11, "infection_occured": false, "masked": true, "start": "2020-01-01 11:00:00", "end": "2020-01-01 11:15:00"}, {"source": 12, "target": 11, "timestamp": 14, "infection_occured": false, "masked": false, "start": "2020-01-01 14:00:00", "end": "2020-01-01 14:15:00"}, {"source": 12, "target": 492, "timestamp": 15, "infection_occured": false, "masked": true, "start": "2020-01-01 15:00:00", "end": "2020-01-01 15:15:00"}, {"source": 12, "target": 13, "timestamp": 15, "infection_occured": false, "masked": false, "start": "2020-01-01 15:00:00", "end": "2020-01-01 15:15:00"}, {"source": 12, "target": 461, "timestamp": 15, "infection_occured": false, "masked": false, "start": "2020-01-01 15:00:00", "end": "2020-01-01 15:15:00"}, {"source": 12, "target": 13, "timestamp": 16, "infection_occured": false, "masked": false, "start": "2020-01-01 16:00:00", "end": "2020-01-01 16:15:00"}, {"source": 12, "target": 492, "timestamp": 16, "infection_occured": false, "masked": true, "start": "2020-01-01 16:00:00", "end": "2020-01-01 16:15:00"}, {"source": 12, "target": 13, "timestamp": 17, "infection_occured": false, "masked": true, "start": "2020-01-01 17:00:00", "end": "2020-01-01 17:15:00"}, {"source": 12, "target": 13, "timestamp": 18, "infection_occured": false, "masked": false, "start": "2020-01-01 18:00:00", "end": "2020-01-01 18:15:00"}, {"source": 12, "target": 13, "timestamp": 19, "infection_occured": false, "masked": false, "start": "2020-01-01 19:00:00", "end": "2020-01-01 19:15:00"}, {"source": 12, "target": 11, "timestamp": 19, "infection_occured": false, "masked": true, "start": "2020-01-01 19:00:00", "end": "2020-01-01 19:15:00"}, {"source": 12, "target": 13, "timestamp": 20, "infection_occured": false, "masked": true, "start": "2020-01-01 20:00:00", "end": "2020-01-01 20:15:00"}, {"source": 12, "target": 461, "timestamp": 20, "infection_occured": false, "masked": false, "start": "2020-01-01 20:00:00", "end": "2020-01-01 20:15:00"}, {"source": 12, "target": 13, "timestamp": 21, "infection_occured": false, "masked": false, "start": "2020-01-01 21:00:00", "end": "2020-01-01 21:15:00"}, {"source": 12, "target": 13, "timestamp": 22, "infection_occured": false, "masked": false, "start": "2020-01-01 22:00:00", "end": "2020-01-01 22:15:00"}, {"source": 12, "target": 11, "timestamp": 23, "infection_occured": false, "masked": false, "start": "2020-01-01 23:00:00", "end": "2020-01-01 23:15:00"}, {"source": 12, "target": 13, "timestamp": 0, "infection_occured": false, "masked": false, "start": "2020-01-02 00:00:00", "end": "2020-01-02 00:15:00"}, {"source": 12, "target": 13, "timestamp": 2, "infection_occured": false, "masked": false, "start": "2020-01-02 02:00:00", "end": "2020-01-02 02:15:00"}, {"source": 12, "target": 13, "timestamp": 3, "infection_occured": false, "masked": true, "start": "2020-01-02 03:00:00", "end": "2020-01-02 03:15:00"}, {"source": 12, "target": 13, "timestamp": 8, "infection_occured": false, "masked": false, "start": "2020-01-02 08:00:00", "end": "2020-01-02 08:15:00"}, {"source": 12, "target": 13, "timestamp": 10, "infection_occured": false, "masked": true, "start": "2020-01-02 10:00:00", "end": "2020-01-02 10:15:00"}, {"source": 12, "target": 13, "timestamp": 12, "infection_occured": false, "masked": true, "start": "2020-01-02 12:00:00", "end": "2020-01-02 12:15:00"}, {"source": 12, "target": 317, "timestamp": 12, "infection_occured": false, "masked": true, "start": "2020-01-02 12:00:00", "end": "2020-01-02 12:15:00"}, {"source": 12, "target": 244, "timestamp": 13, "infection_occured": false, "masked": false, "start": "2020-01-02 13:00:00", "end": "2020-01-02 13:15:00"}, {"source": 12, "target": 317, "timestamp": 13, "infection_occured": false, "masked": true, "start": "2020-01-02 13:00:00", "end": "2020-01-02 13:15:00"}, {"source": 12, "target": 423, "timestamp": 13, "infection_occured": false, "masked": true, "start": "2020-01-02 13:00:00", "end": "2020-01-02 13:15:00"}, {"source": 12, "target": 25, "timestamp": 13, "infection_occured": false, "masked": true, "start": "2020-01-02 13:00:00", "end": "2020-01-02 13:15:00"}, {"source": 12, "target": 215, "timestamp": 13, "infection_occured": false, "masked": false, "start": "2020-01-02 13:00:00", "end": "2020-01-02 13:15:00"}, {"source": 12, "target": 14, "timestamp": 13, "infection_occured": false, "masked": false, "start": "2020-01-02 13:00:00", "end": "2020-01-02 13:15:00"}, {"source": 12, "target": 244, "timestamp": 14, "infection_occured": false, "masked": false, "start": "2020-01-02 14:00:00", "end": "2020-01-02 14:15:00"}, {"source": 12, "target": 317, "timestamp": 14, "infection_occured": false, "masked": true, "start": "2020-01-02 14:00:00", "end": "2020-01-02 14:15:00"}, {"source": 12, "target": 423, "timestamp": 14, "infection_occured": false, "masked": false, "start": "2020-01-02 14:00:00", "end": "2020-01-02 14:15:00"}, {"source": 12, "target": 25, "timestamp": 15, "infection_occured": false, "masked": true, "start": "2020-01-02 15:00:00", "end": "2020-01-02 15:15:00"}, {"source": 12, "target": 613, "timestamp": 15, "infection_occured": false, "masked": true, "start": "2020-01-02 15:00:00", "end": "2020-01-02 15:15:00"}, {"source": 12, "target": 642, "timestamp": 15, "infection_occured": false, "masked": false, "start": "2020-01-02 15:00:00", "end": "2020-01-02 15:15:00"}, {"source": 12, "target": 244, "timestamp": 15, "infection_occured": false, "masked": true, "start": "2020-01-02 15:00:00", "end": "2020-01-02 15:15:00"}, {"source": 12, "target": 244, "timestamp": 16, "infection_occured": false, "masked": false, "start": "2020-01-02 16:00:00", "end": "2020-01-02 16:15:00"}, {"source": 12, "target": 25, "timestamp": 16, "infection_occured": false, "masked": false, "start": "2020-01-02 16:00:00", "end": "2020-01-02 16:15:00"}, {"source": 12, "target": 25, "timestamp": 17, "infection_occured": false, "masked": true, "start": "2020-01-02 17:00:00", "end": "2020-01-02 17:15:00"}, {"source": 12, "target": 244, "timestamp": 17, "infection_occured": false, "masked": false, "start": "2020-01-02 17:00:00", "end": "2020-01-02 17:15:00"}, {"source": 12, "target": 13, "timestamp": 22, "infection_occured": false, "masked": false, "start": "2020-01-02 22:00:00", "end": "2020-01-02 22:15:00"}, {"source": 12, "target": 492, "timestamp": 22, "infection_occured": false, "masked": true, "start": "2020-01-02 22:00:00", "end": "2020-01-02 22:15:00"}, {"source": 12, "target": 13, "timestamp": 23, "infection_occured": false, "masked": false, "start": "2020-01-02 23:00:00", "end": "2020-01-02 23:15:00"}, {"source": 12, "target": 13, "timestamp": 0, "infection_occured": false, "masked": false, "start": "2020-01-03 00:00:00", "end": "2020-01-03 00:15:00"}, {"source": 12, "target": 13, "timestamp": 1, "infection_occured": false, "masked": false, "start": "2020-01-03 01:00:00", "end": "2020-01-03 01:15:00"}, {"source": 12, "target": 11, "timestamp": 2, "infection_occured": false, "masked": true, "start": "2020-01-03 02:00:00", "end": "2020-01-03 02:15:00"}, {"source": 12, "target": 13, "timestamp": 3, "infection_occured": false, "masked": false, "start": "2020-01-03 03:00:00", "end": "2020-01-03 03:15:00"}, {"source": 12, "target": 13, "timestamp": 4, "infection_occured": false, "masked": false, "start": "2020-01-03 04:00:00", "end": "2020-01-03 04:15:00"}, {"source": 12, "target": 13, "timestamp": 5, "infection_occured": false, "masked": true, "start": "2020-01-03 05:00:00", "end": "2020-01-03 05:15:00"}, {"source": 12, "target": 13, "timestamp": 7, "infection_occured": false, "masked": false, "start": "2020-01-03 07:00:00", "end": "2020-01-03 07:15:00"}, {"source": 12, "target": 13, "timestamp": 8, "infection_occured": false, "masked": false, "start": "2020-01-03 08:00:00", "end": "2020-01-03 08:15:00"}, {"source": 12, "target": 13, "timestamp": 9, "infection_occured": false, "masked": false, "start": "2020-01-03 09:00:00", "end": "2020-01-03 09:15:00"}, {"source": 12, "target": 492, "timestamp": 9, "infection_occured": false, "masked": false, "start": "2020-01-03 09:00:00", "end": "2020-01-03 09:15:00"}, {"source": 12, "target": 492, "timestamp": 14, "infection_occured": false, "masked": false, "start": "2020-01-03 14:00:00", "end": "2020-01-03 14:15:00"}, {"source": 12, "target": 492, "timestamp": 17, "infection_occured": false, "masked": true, "start": "2020-01-03 17:00:00", "end": "2020-01-03 17:15:00"}, {"source": 12, "target": 492, "timestamp": 18, "infection_occured": false, "masked": false, "start": "2020-01-03 18:00:00", "end": "2020-01-03 18:15:00"}, {"source": 12, "target": 13, "timestamp": 19, "infection_occured": false, "masked": false, "start": "2020-01-03 19:00:00", "end": "2020-01-03 19:15:00"}, {"source": 12, "target": 13, "timestamp": 20, "infection_occured": false, "masked": false, "start": "2020-01-03 20:00:00", "end": "2020-01-03 20:15:00"}, {"source": 12, "target": 13, "timestamp": 21, "infection_occured": false, "masked": true, "start": "2020-01-03 21:00:00", "end": "2020-01-03 21:15:00"}, {"source": 12, "target": 13, "timestamp": 22, "infection_occured": false, "masked": false, "start": "2020-01-03 22:00:00", "end": "2020-01-03 22:15:00"}, {"source": 12, "target": 13, "timestamp": 23, "infection_occured": false, "masked": false, "start": "2020-01-03 23:00:00", "end": "2020-01-03 23:15:00"}, {"source": 12, "target": 13, "timestamp": 4, "infection_occured": false, "masked": true, "start": "2020-01-04 04:00:00", "end": "2020-01-04 04:15:00"}, {"source": 12, "target": 13, "timestamp": 5, "infection_occured": false, "masked": false, "start": "2020-01-04 05:00:00", "end": "2020-01-04 05:15:00"}, {"source": 12, "target": 13, "timestamp": 6, "infection_occured": false, "masked": true, "start": "2020-01-04 06:00:00", "end": "2020-01-04 06:15:00"}, {"source": 12, "target": 13, "timestamp": 7, "infection_occured": false, "masked": true, "start": "2020-01-04 07:00:00", "end": "2020-01-04 07:15:00"}, {"source": 12, "target": 13, "timestamp": 17, "infection_occured": false, "masked": true, "start": "2020-01-04 17:00:00", "end": "2020-01-04 17:15:00"}, {"source": 12, "target": 13, "timestamp": 18, "infection_occured": false, "masked": true, "start": "2020-01-04 18:00:00", "end": "2020-01-04 18:15:00"}, {"source": 12, "target": 13, "timestamp": 19, "infection_occured": false, "masked": false, "start": "2020-01-04 19:00:00", "end": "2020-01-04 19:15:00"}, {"source": 12, "target": 13, "timestamp": 20, "infection_occured": false, "masked": true, "start": "2020-01-04 20:00:00", "end": "2020-01-04 20:15:00"}, {"source": 12, "target": 13, "timestamp": 21, "infection_occured": false, "masked": false, "start": "2020-01-04 21:00:00", "end": "2020-01-04 21:15:00"}, {"source": 12, "target": 13, "timestamp": 22, "infection_occured": false, "masked": true, "start": "2020-01-04 22:00:00", "end": "2020-01-04 22:15:00"}, {"source": 12, "target": 13, "timestamp": 23, "infection_occured": false, "masked": false, "start": "2020-01-04 23:00:00", "end": "2020-01-04 23:15:00"}, {"source": 12, "target": 13, "timestamp": 0, "infection_occured": false, "masked": false, "start": "2020-01-05 00:00:00", "end": "2020-01-05 00:15:00"}, {"source": 12, "target": 13, "timestamp": 1, "infection_occured": false, "masked": true, "start": "2020-01-05 01:00:00", "end": "2020-01-05 01:15:00"}, {"source": 12, "target": 13, "timestamp": 2, "infection_occured": false, "masked": true, "start": "2020-01-05 02:00:00", "end": "2020-01-05 02:15:00"}, {"source": 12, "target": 13, "timestamp": 4, "infection_occured": false, "masked": true, "start": "2020-01-05 04:00:00", "end": "2020-01-05 04:15:00"}, {"source": 12, "target": 13, "timestamp": 6, "infection_occured": false, "masked": false, "start": "2020-01-05 06:00:00", "end": "2020-01-05 06:15:00"}, {"source": 12, "target": 448, "timestamp": 6, "infection_occured": false, "masked": false, "start": "2020-01-05 06:00:00", "end": "2020-01-05 06:15:00"}, {"source": 12, "target": 13, "timestamp": 7, "infection_occured": false, "masked": false, "start": "2020-01-05 07:00:00", "end": "2020-01-05 07:15:00"}, {"source": 12, "target": 244, "timestamp": 8, "infection_occured": false, "masked": true, "start": "2020-01-05 08:00:00", "end": "2020-01-05 08:15:00"}, {"source": 12, "target": 170, "timestamp": 8, "infection_occured": false, "masked": true, "start": "2020-01-05 08:00:00", "end": "2020-01-05 08:15:00"}, {"source": 12, "target": 264, "timestamp": 8, "infection_occured": false, "masked": false, "start": "2020-01-05 08:00:00", "end": "2020-01-05 08:15:00"}, {"source": 12, "target": 555, "timestamp": 8, "infection_occured": false, "masked": false, "start": "2020-01-05 08:00:00", "end": "2020-01-05 08:15:00"}, {"source": 12, "target": 349, "timestamp": 8, "infection_occured": false, "masked": false, "start": "2020-01-05 08:00:00", "end": "2020-01-05 08:15:00"}, {"source": 12, "target": 216, "timestamp": 8, "infection_occured": false, "masked": false, "start": "2020-01-05 08:00:00", "end": "2020-01-05 08:15:00"}, {"source": 12, "target": 244, "timestamp": 9, "infection_occured": false, "masked": true, "start": "2020-01-05 09:00:00", "end": "2020-01-05 09:15:00"}, {"source": 12, "target": 105, "timestamp": 9, "infection_occured": false, "masked": false, "start": "2020-01-05 09:00:00", "end": "2020-01-05 09:15:00"}, {"source": 12, "target": 349, "timestamp": 9, "infection_occured": false, "masked": false, "start": "2020-01-05 09:00:00", "end": "2020-01-05 09:15:00"}, {"source": 12, "target": 302, "timestamp": 9, "infection_occured": false, "masked": false, "start": "2020-01-05 09:00:00", "end": "2020-01-05 09:15:00"}, {"source": 12, "target": 244, "timestamp": 10, "infection_occured": false, "masked": true, "start": "2020-01-05 10:00:00", "end": "2020-01-05 10:15:00"}, {"source": 12, "target": 349, "timestamp": 10, "infection_occured": false, "masked": false, "start": "2020-01-05 10:00:00", "end": "2020-01-05 10:15:00"}, {"source": 12, "target": 105, "timestamp": 10, "infection_occured": false, "masked": false, "start": "2020-01-05 10:00:00", "end": "2020-01-05 10:15:00"}, {"source": 12, "target": 25, "timestamp": 10, "infection_occured": false, "masked": true, "start": "2020-01-05 10:00:00", "end": "2020-01-05 10:15:00"}, {"source": 12, "target": 155, "timestamp": 10, "infection_occured": false, "masked": true, "start": "2020-01-05 10:00:00", "end": "2020-01-05 10:15:00"}, {"source": 12, "target": 243, "timestamp": 10, "infection_occured": false, "masked": true, "start": "2020-01-05 10:00:00", "end": "2020-01-05 10:15:00"}, {"source": 12, "target": 264, "timestamp": 10, "infection_occured": false, "masked": false, "start": "2020-01-05 10:00:00", "end": "2020-01-05 10:15:00"}, {"source": 12, "target": 555, "timestamp": 10, "infection_occured": false, "masked": true, "start": "2020-01-05 10:00:00", "end": "2020-01-05 10:15:00"}, {"source": 12, "target": 25, "timestamp": 11, "infection_occured": false, "masked": false, "start": "2020-01-05 11:00:00", "end": "2020-01-05 11:15:00"}, {"source": 12, "target": 244, "timestamp": 11, "infection_occured": false, "masked": false, "start": "2020-01-05 11:00:00", "end": "2020-01-05 11:15:00"}, {"source": 12, "target": 555, "timestamp": 11, "infection_occured": false, "masked": false, "start": "2020-01-05 11:00:00", "end": "2020-01-05 11:15:00"}, {"source": 12, "target": 264, "timestamp": 11, "infection_occured": false, "masked": false, "start": "2020-01-05 11:00:00", "end": "2020-01-05 11:15:00"}, {"source": 12, "target": 483, "timestamp": 11, "infection_occured": false, "masked": true, "start": "2020-01-05 11:00:00", "end": "2020-01-05 11:15:00"}, {"source": 12, "target": 309, "timestamp": 11, "infection_occured": false, "masked": false, "start": "2020-01-05 11:00:00", "end": "2020-01-05 11:15:00"}, {"source": 12, "target": 359, "timestamp": 12, "infection_occured": false, "masked": false, "start": "2020-01-06 12:00:00", "end": "2020-01-06 12:15:00"}, {"source": 12, "target": 244, "timestamp": 13, "infection_occured": false, "masked": true, "start": "2020-01-06 13:00:00", "end": "2020-01-06 13:15:00"}, {"source": 12, "target": 244, "timestamp": 14, "infection_occured": false, "masked": false, "start": "2020-01-06 14:00:00", "end": "2020-01-06 14:15:00"}, {"source": 12, "target": 28, "timestamp": 14, "infection_occured": true, "masked": false, "start": "2020-01-06 14:00:00", "end": "2020-01-06 14:15:00"}, {"source": 28, "target": 244, "timestamp": 14, "infection_occured": false, "masked": false, "start": "2020-01-06 14:00:00", "end": "2020-01-06 14:15:00"}, {"source": 28, "target": 483, "timestamp": 14, "infection_occured": false, "masked": true, "start": "2020-01-06 14:00:00", "end": "2020-01-06 14:15:00"}, {"source": 12, "target": 25, "timestamp": 14, "infection_occured": false, "masked": true, "start": "2020-01-06 14:00:00", "end": "2020-01-06 14:15:00"}, {"source": 12, "target": 73, "timestamp": 14, "infection_occured": false, "masked": true, "start": "2020-01-06 14:00:00", "end": "2020-01-06 14:15:00"}, {"source": 12, "target": 284, "timestamp": 14, "infection_occured": false, "masked": false, "start": "2020-01-06 14:00:00", "end": "2020-01-06 14:15:00"}, {"source": 28, "target": 14, "timestamp": 14, "infection_occured": false, "masked": false, "start": "2020-01-06 14:00:00", "end": "2020-01-06 14:15:00"}, {"source": 28, "target": 72, "timestamp": 14, "infection_occured": true, "masked": false, "start": "2020-01-06 14:00:00", "end": "2020-01-06 14:15:00"}, {"source": 28, "target": 78, "timestamp": 14, "infection_occured": false, "masked": true, "start": "2020-01-06 14:00:00", "end": "2020-01-06 14:15:00"}, {"source": 72, "target": 78, "timestamp": 14, "infection_occured": false, "masked": true, "start": "2020-01-06 14:00:00", "end": "2020-01-06 14:15:00"}, {"source": 28, "target": 149, "timestamp": 14, "infection_occured": false, "masked": false, "start": "2020-01-06 14:00:00", "end": "2020-01-06 14:15:00"}, {"source": 72, "target": 359, "timestamp": 14, "infection_occured": false, "masked": true, "start": "2020-01-06 14:00:00", "end": "2020-01-06 14:15:00"}, {"source": 28, "target": 423, "timestamp": 14, "infection_occured": false, "masked": true, "start": "2020-01-06 14:00:00", "end": "2020-01-06 14:15:00"}, {"source": 72, "target": 73, "timestamp": 15, "infection_occured": false, "masked": false, "start": "2020-01-06 15:00:00", "end": "2020-01-06 15:15:00"}, {"source": 72, "target": 78, "timestamp": 15, "infection_occured": false, "masked": false, "start": "2020-01-06 15:00:00", "end": "2020-01-06 15:15:00"}, {"source": 72, "target": 149, "timestamp": 15, "infection_occured": false, "masked": false, "start": "2020-01-06 15:00:00", "end": "2020-01-06 15:15:00"}, {"source": 72, "target": 359, "timestamp": 15, "infection_occured": false, "masked": true, "start": "2020-01-06 15:00:00", "end": "2020-01-06 15:15:00"}, {"source": 72, "target": 667, "timestamp": 15, "infection_occured": false, "masked": false, "start": "2020-01-06 15:00:00", "end": "2020-01-06 15:15:00"}, {"source": 28, "target": 423, "timestamp": 15, "infection_occured": false, "masked": true, "start": "2020-01-06 15:00:00", "end": "2020-01-06 15:15:00"}, {"source": 28, "target": 215, "timestamp": 15, "infection_occured": false, "masked": true, "start": "2020-01-06 15:00:00", "end": "2020-01-06 15:15:00"}, {"source": 359, "target": 78, "timestamp": 15, "infection_occured": false, "masked": false, "start": "2020-01-06 15:00:00", "end": "2020-01-06 15:15:00"}, {"source": 12, "target": 25, "timestamp": 15, "infection_occured": false, "masked": false, "start": "2020-01-06 15:00:00", "end": "2020-01-06 15:15:00"}, {"source": 12, "target": 244, "timestamp": 15, "infection_occured": false, "masked": false, "start": "2020-01-06 15:00:00", "end": "2020-01-06 15:15:00"}, {"source": 12, "target": 170, "timestamp": 15, "infection_occured": false, "masked": false, "start": "2020-01-06 15:00:00", "end": "2020-01-06 15:15:00"}, {"source": 12, "target": 483, "timestamp": 15, "infection_occured": false, "masked": false, "start": "2020-01-06 15:00:00", "end": "2020-01-06 15:15:00"}, {"source": 12, "target": 399, "timestamp": 15, "infection_occured": false, "masked": true, "start": "2020-01-06 15:00:00", "end": "2020-01-06 15:15:00"}, {"source": 72, "target": 663, "timestamp": 15, "infection_occured": false, "masked": false, "start": "2020-01-06 15:00:00", "end": "2020-01-06 15:15:00"}, {"source": 12, "target": 25, "timestamp": 16, "infection_occured": false, "masked": true, "start": "2020-01-06 16:00:00", "end": "2020-01-06 16:15:00"}, {"source": 72, "target": 73, "timestamp": 16, "infection_occured": false, "masked": true, "start": "2020-01-06 16:00:00", "end": "2020-01-06 16:15:00"}, {"source": 72, "target": 149, "timestamp": 16, "infection_occured": false, "masked": true, "start": "2020-01-06 16:00:00", "end": "2020-01-06 16:15:00"}, {"source": 12, "target": 170, "timestamp": 16, "infection_occured": false, "masked": true, "start": "2020-01-06 16:00:00", "end": "2020-01-06 16:15:00"}, {"source": 12, "target": 244, "timestamp": 16, "infection_occured": false, "masked": false, "start": "2020-01-06 16:00:00", "end": "2020-01-06 16:15:00"}, {"source": 359, "target": 78, "timestamp": 16, "infection_occured": false, "masked": false, "start": "2020-01-06 16:00:00", "end": "2020-01-06 16:15:00"}, {"source": 28, "target": 423, "timestamp": 16, "infection_occured": false, "masked": false, "start": "2020-01-06 16:00:00", "end": "2020-01-06 16:15:00"}, {"source": 12, "target": 483, "timestamp": 16, "infection_occured": false, "masked": false, "start": "2020-01-06 16:00:00", "end": "2020-01-06 16:15:00"}, {"source": 72, "target": 513, "timestamp": 16, "infection_occured": false, "masked": false, "start": "2020-01-06 16:00:00", "end": "2020-01-06 16:15:00"}, {"source": 72, "target": 667, "timestamp": 16, "infection_occured": false, "masked": false, "start": "2020-01-06 16:00:00", "end": "2020-01-06 16:15:00"}, {"source": 12, "target": 399, "timestamp": 16, "infection_occured": false, "masked": true, "start": "2020-01-06 16:00:00", "end": "2020-01-06 16:15:00"}, {"source": 483, "target": 181, "timestamp": 16, "infection_occured": false, "masked": true, "start": "2020-01-06 16:00:00", "end": "2020-01-06 16:15:00"}, {"source": 12, "target": 25, "timestamp": 17, "infection_occured": false, "masked": true, "start": "2020-01-06 17:00:00", "end": "2020-01-06 17:15:00"}, {"source": 12, "target": 25, "timestamp": 18, "infection_occured": false, "masked": true, "start": "2020-01-06 18:00:00", "end": "2020-01-06 18:15:00"}, {"source": 12, "target": 473, "timestamp": 18, "infection_occured": false, "masked": false, "start": "2020-01-06 18:00:00", "end": "2020-01-06 18:15:00"}, {"source": 12, "target": 513, "timestamp": 18, "infection_occured": false, "masked": false, "start": "2020-01-06 18:00:00", "end": "2020-01-06 18:15:00"}, {"source": 12, "target": 25, "timestamp": 19, "infection_occured": false, "masked": true, "start": "2020-01-06 19:00:00", "end": "2020-01-06 19:15:00"}, {"source": 12, "target": 473, "timestamp": 19, "infection_occured": false, "masked": false, "start": "2020-01-06 19:00:00", "end": "2020-01-06 19:15:00"}, {"source": 12, "target": 438, "timestamp": 19, "infection_occured": false, "masked": false, "start": "2020-01-06 19:00:00", "end": "2020-01-06 19:15:00"}, {"source": 12, "target": 25, "timestamp": 20, "infection_occured": false, "masked": true, "start": "2020-01-06 20:00:00", "end": "2020-01-06 20:15:00"}, {"source": 359, "target": 207, "timestamp": 20, "infection_occured": false, "masked": true, "start": "2020-01-06 20:00:00", "end": "2020-01-06 20:15:00"}, {"source": 359, "target": 207, "timestamp": 21, "infection_occured": false, "masked": false, "start": "2020-01-06 21:00:00", "end": "2020-01-06 21:15:00"}, {"source": 12, "target": 25, "timestamp": 21, "infection_occured": false, "masked": false, "start": "2020-01-06 21:00:00", "end": "2020-01-06 21:15:00"}, {"source": 12, "target": 401, "timestamp": 21, "infection_occured": false, "masked": true, "start": "2020-01-06 21:00:00", "end": "2020-01-06 21:15:00"}, {"source": 12, "target": 458, "timestamp": 21, "infection_occured": false, "masked": false, "start": "2020-01-06 21:00:00", "end": "2020-01-06 21:15:00"}, {"source": 12, "target": 370, "timestamp": 21, "infection_occured": false, "masked": false, "start": "2020-01-06 21:00:00", "end": "2020-01-06 21:15:00"}, {"source": 12, "target": 513, "timestamp": 21, "infection_occured": false, "masked": true, "start": "2020-01-06 21:00:00", "end": "2020-01-06 21:15:00"}, {"source": 12, "target": 513, "timestamp": 22, "infection_occured": false, "masked": true, "start": "2020-01-06 22:00:00", "end": "2020-01-06 22:15:00"}, {"source": 72, "target": 220, "timestamp": 22, "infection_occured": false, "masked": false, "start": "2020-01-06 22:00:00", "end": "2020-01-06 22:15:00"}, {"source": 12, "target": 25, "timestamp": 23, "infection_occured": false, "masked": false, "start": "2020-01-06 23:00:00", "end": "2020-01-06 23:15:00"}, {"source": 12, "target": 263, "timestamp": 23, "infection_occured": false, "masked": true, "start": "2020-01-06 23:00:00", "end": "2020-01-06 23:15:00"}, {"source": 12, "target": 405, "timestamp": 23, "infection_occured": false, "masked": false, "start": "2020-01-06 23:00:00", "end": "2020-01-06 23:15:00"}, {"source": 12, "target": 492, "timestamp": 23, "infection_occured": false, "masked": false, "start": "2020-01-06 23:00:00", "end": "2020-01-06 23:15:00"}, {"source": 12, "target": 197, "timestamp": 23, "infection_occured": false, "masked": true, "start": "2020-01-06 23:00:00", "end": "2020-01-06 23:15:00"}, {"source": 12, "target": 492, "timestamp": 0, "infection_occured": false, "masked": true, "start": "2020-01-07 00:00:00", "end": "2020-01-07 00:15:00"}, {"source": 12, "target": 513, "timestamp": 0, "infection_occured": false, "masked": false, "start": "2020-01-07 00:00:00", "end": "2020-01-07 00:15:00"}, {"source": 12, "target": 25, "timestamp": 0, "infection_occured": false, "masked": true, "start": "2020-01-07 00:00:00", "end": "2020-01-07 00:15:00"}, {"source": 12, "target": 263, "timestamp": 0, "infection_occured": false, "masked": false, "start": "2020-01-07 00:00:00", "end": "2020-01-07 00:15:00"}, {"source": 12, "target": 79, "timestamp": 0, "infection_occured": false, "masked": true, "start": "2020-01-07 00:00:00", "end": "2020-01-07 00:15:00"}, {"source": 12, "target": 455, "timestamp": 0, "infection_occured": false, "masked": true, "start": "2020-01-07 00:00:00", "end": "2020-01-07 00:15:00"}, {"source": 12, "target": 492, "timestamp": 1, "infection_occured": false, "masked": false, "start": "2020-01-07 01:00:00", "end": "2020-01-07 01:15:00"}, {"source": 12, "target": 88, "timestamp": 1, "infection_occured": false, "masked": true, "start": "2020-01-07 01:00:00", "end": "2020-01-07 01:15:00"}, {"source": 12, "target": 263, "timestamp": 1, "infection_occured": false, "masked": true, "start": "2020-01-07 01:00:00", "end": "2020-01-07 01:15:00"}, {"source": 12, "target": 401, "timestamp": 1, "infection_occured": false, "masked": false, "start": "2020-01-07 01:00:00", "end": "2020-01-07 01:15:00"}, {"source": 12, "target": 455, "timestamp": 1, "infection_occured": false, "masked": true, "start": "2020-01-07 01:00:00", "end": "2020-01-07 01:15:00"}, {"source": 12, "target": 25, "timestamp": 1, "infection_occured": false, "masked": false, "start": "2020-01-07 01:00:00", "end": "2020-01-07 01:15:00"}, {"source": 12, "target": 175, "timestamp": 1, "infection_occured": false, "masked": false, "start": "2020-01-07 01:00:00", "end": "2020-01-07 01:15:00"}, {"source": 12, "target": 492, "timestamp": 2, "infection_occured": false, "masked": true, "start": "2020-01-07 02:00:00", "end": "2020-01-07 02:15:00"}, {"source": 12, "target": 401, "timestamp": 2, "infection_occured": false, "masked": true, "start": "2020-01-07 02:00:00", "end": "2020-01-07 02:15:00"}, {"source": 12, "target": 485, "timestamp": 2, "infection_occured": false, "masked": true, "start": "2020-01-07 02:00:00", "end": "2020-01-07 02:15:00"}, {"source": 12, "target": 79, "timestamp": 2, "infection_occured": false, "masked": false, "start": "2020-01-07 02:00:00", "end": "2020-01-07 02:15:00"}, {"source": 12, "target": 175, "timestamp": 2, "infection_occured": false, "masked": false, "start": "2020-01-07 02:00:00", "end": "2020-01-07 02:15:00"}, {"source": 12, "target": 455, "timestamp": 2, "infection_occured": false, "masked": true, "start": "2020-01-07 02:00:00", "end": "2020-01-07 02:15:00"}, {"source": 12, "target": 513, "timestamp": 2, "infection_occured": false, "masked": false, "start": "2020-01-07 02:00:00", "end": "2020-01-07 02:15:00"}, {"source": 12, "target": 455, "timestamp": 3, "infection_occured": false, "masked": false, "start": "2020-01-07 03:00:00", "end": "2020-01-07 03:15:00"}, {"source": 12, "target": 175, "timestamp": 3, "infection_occured": false, "masked": false, "start": "2020-01-07 03:00:00", "end": "2020-01-07 03:15:00"}, {"source": 12, "target": 485, "timestamp": 3, "infection_occured": false, "masked": true, "start": "2020-01-07 03:00:00", "end": "2020-01-07 03:15:00"}, {"source": 359, "target": 166, "timestamp": 15, "infection_occured": false, "masked": false, "start": "2020-01-07 15:00:00", "end": "2020-01-07 15:15:00"}, {"source": 359, "target": 634, "timestamp": 16, "infection_occured": false, "masked": true, "start": "2020-01-07 16:00:00", "end": "2020-01-07 16:15:00"}, {"source": 359, "target": 207, "timestamp": 19, "infection_occured": false, "masked": true, "start": "2020-01-07 19:00:00", "end": "2020-01-07 19:15:00"}, {"source": 72, "target": 22, "timestamp": 23, "infection_occured": false, "masked": true, "start": "2020-01-07 23:00:00", "end": "2020-01-07 23:15:00"}, {"source": 12, "target": 401, "timestamp": 23, "infection_occured": false, "masked": false, "start": "2020-01-07 23:00:00", "end": "2020-01-07 23:15:00"}, {"source": 72, "target": 22, "timestamp": 0, "infection_occured": false, "masked": true, "start": "2020-01-08 00:00:00", "end": "2020-01-08 00:15:00"}, {"source": 12, "target": 401, "timestamp": 0, "infection_occured": false, "masked": false, "start": "2020-01-08 00:00:00", "end": "2020-01-08 00:15:00"}, {"source": 12, "target": 401, "timestamp": 1, "infection_occured": false, "masked": true, "start": "2020-01-08 01:00:00", "end": "2020-01-08 01:15:00"}, {"source": 72, "target": 22, "timestamp": 1, "infection_occured": false, "masked": false, "start": "2020-01-08 01:00:00", "end": "2020-01-08 01:15:00"}, {"source": 72, "target": 220, "timestamp": 3, "infection_occured": false, "masked": false, "start": "2020-01-08 03:00:00", "end": "2020-01-08 03:15:00"}, {"source": 12, "target": 13, "timestamp": 7, "infection_occured": false, "masked": true, "start": "2020-01-08 07:00:00", "end": "2020-01-08 07:15:00"}, {"source": 12, "target": 13, "timestamp": 9, "infection_occured": false, "masked": true, "start": "2020-01-08 09:00:00", "end": "2020-01-08 09:15:00"}, {"source": 12, "target": 13, "timestamp": 12, "infection_occured": false, "masked": false, "start": "2020-01-08 12:00:00", "end": "2020-01-08 12:15:00"}, {"source": 12, "target": 13, "timestamp": 13, "infection_occured": false, "masked": true, "start": "2020-01-08 13:00:00", "end": "2020-01-08 13:15:00"}, {"source": 12, "target": 13, "timestamp": 14, "infection_occured": false, "masked": false, "start": "2020-01-08 14:00:00", "end": "2020-01-08 14:15:00"}, {"source": 12, "target": 13, "timestamp": 15, "infection_occured": false, "masked": false, "start": "2020-01-08 15:00:00", "end": "2020-01-08 15:15:00"}, {"source": 12, "target": 492, "timestamp": 15, "infection_occured": false, "masked": true, "start": "2020-01-08 15:00:00", "end": "2020-01-08 15:15:00"}, {"source": 359, "target": 560, "timestamp": 17, "infection_occured": false, "masked": false, "start": "2020-01-08 17:00:00", "end": "2020-01-08 17:15:00"}, {"source": 359, "target": 300, "timestamp": 18, "infection_occured": false, "masked": false, "start": "2020-01-08 18:00:00", "end": "2020-01-08 18:15:00"}, {"source": 359, "target": 301, "timestamp": 18, "infection_occured": false, "masked": true, "start": "2020-01-08 18:00:00", "end": "2020-01-08 18:15:00"}, {"source": 359, "target": 207, "timestamp": 18, "infection_occured": false, "masked": false, "start": "2020-01-08 18:00:00", "end": "2020-01-08 18:15:00"}, {"source": 359, "target": 560, "timestamp": 18, "infection_occured": false, "masked": false, "start": "2020-01-08 18:00:00", "end": "2020-01-08 18:15:00"}, {"source": 12, "target": 13, "timestamp": 19, "infection_occured": false, "masked": true, "start": "2020-01-08 19:00:00", "end": "2020-01-08 19:15:00"}, {"source": 359, "target": 560, "timestamp": 19, "infection_occured": false, "masked": false, "start": "2020-01-08 19:00:00", "end": "2020-01-08 19:15:00"}, {"source": 12, "target": 13, "timestamp": 20, "infection_occured": false, "masked": false, "start": "2020-01-08 20:00:00", "end": "2020-01-08 20:15:00"}, {"source": 359, "target": 560, "timestamp": 20, "infection_occured": false, "masked": true, "start": "2020-01-08 20:00:00", "end": "2020-01-08 20:15:00"}, {"source": 12, "target": 13, "timestamp": 21, "infection_occured": false, "masked": false, "start": "2020-01-08 21:00:00", "end": "2020-01-08 21:15:00"}, {"source": 12, "target": 13, "timestamp": 22, "infection_occured": false, "masked": false, "start": "2020-01-08 22:00:00", "end": "2020-01-08 22:15:00"}, {"source": 12, "target": 13, "timestamp": 23, "infection_occured": false, "masked": false, "start": "2020-01-08 23:00:00", "end": "2020-01-08 23:15:00"}]}