time,day,hour,infected,exposed,masked,infection_occured
-1,-1,-1,-1,12,False,True
0,0,0,12,244,False,False
0,0,0,12,454,False,False
300,0,0,12,244,False,False
600,0,0,12,244,False,False
600,0,0,12,454,False,False
1500,0,0,12,244,True,False
1500,0,0,12,454,False,False
1800,0,0,12,244,False,False
4200,0,1,12,244,True,False
4200,0,1,12,454,False,False
4500,0,1,12,244,False,False
4800,0,1,12,244,True,False
6000,0,1,12,454,False,False
7200,0,2,12,244,False,False
7500,0,2,12,244,True,False
10800,0,3,12,244,False,False
11100,0,3,12,244,True,False
11400,0,3,12,244,True,False
39600,0,11,12,11,True,False
51900,0,14,12,11,False,False
54600,0,15,12,492,True,False
54900,0,15,12,492,True,False
55200,0,15,12,492,False,False
55500,0,15,12,492,False,False
55800,0,15,12,13,False,False
55800,0,15,12,492,False,False
56100,0,15,12,13,False,False
56100,0,15,12,492,False,False
56400,0,15,12,13,True,False
56700,0,15,12,13,False,False
56700,0,15,12,492,True,False
57000,0,15,12,13,True,False
57000,0,15,12,492,True,False
57300,0,15,12,13,False,False
57300,0,15,12,461,False,False
57600,0,16,12,13,False,False
57600,0,16,12,492,True,False
57900,0,16,12,13,True,False
57900,0,16,12,492,True,False
58200,0,16,12,13,True,False
58200,0,16,12,492,False,False
58500,0,16,12,13,False,False
58800,0,16,12,13,True,False
58800,0,16,12,492,False,False
59100,0,16,12,492,False,False
59400,0,16,12,492,False,False
63300,0,17,12,13,True,False
63600,0,17,12,13,False,False
66600,0,18,12,13,False,False
69600,0,19,12,13,False,False
70200,0,19,12,11,True,False
71700,0,19,12,13,True,False
72900,0,20,12,13,True,False
73500,0,20,12,13,True,False
74100,0,20,12,13,False,False
74700,0,20,12,13,False,False
74700,0,20,12,461,False,False
75000,0,20,12,13,False,False
75300,0,20,12,13,False,False
75600,0,21,12,13,False,False
75900,0,21,12,13,True,False
76200,0,21,12,13,False,False
76500,0,21,12,13,False,False
80700,0,22,12,13,False,False
83700,0,23,12,11,False,False
84000,0,23,12,11,True,False
86400,1,0,12,13,False,False
86700,1,0,12,13,True,False
88500,1,0,12,13,False,False
88800,1,0,12,13,False,False
89100,1,0,12,13,False,False
95100,1,2,12,13,False,False
96000,1,2,12,13,True,False
97800,1,3,12,13,True,False
98100,1,3,12,13,True,False
98400,1,3,12,13,False,False
98700,1,3,12,13,False,False
117000,1,8,12,13,False,False
117300,1,8,12,13,True,False
117600,1,8,12,13,False,False
123000,1,10,12,13,True,False
123300,1,10,12,13,False,False
123600,1,10,12,13,False,False
124200,1,10,12,13,False,False
130800,1,12,12,13,True,False
131400,1,12,12,13,True,False
132900,1,12,12,317,True,False
133200,1,13,12,244,False,False
133200,1,13,12,317,True,False
133500,1,13,12,317,False,False
133800,1,13,12,423,True,False
134100,1,13,12,25,True,False
134100,1,13,12,244,False,False
134100,1,13,12,423,False,False
134400,1,13,12,25,False,False
134400,1,13,12,244,False,False
134400,1,13,12,317,False,False
134400,1,13,12,423,False,False
134700,1,13,12,25,True,False
134700,1,13,12,215,False,False
134700,1,13,12,244,True,False
134700,1,13,12,317,False,False
135000,1,13,12,244,True,False
135000,1,13,12,317,True,False
135300,1,13,12,215,False,False
135300,1,13,12,244,True,False
135300,1,13,12,317,False,False
135600,1,13,12,244,False,False
135600,1,13,12,317,False,False
135900,1,13,12,215,True,False
135900,1,13,12,317,False,False
136200,1,13,12,14,False,False
136800,1,14,12,244,False,False
136800,1,14,12,317,True,False
136800,1,14,12,423,False,False
137100,1,14,12,244,False,False
137400,1,14,12,244,True,False
137700,1,14,12,317,True,False
137700,1,14,12,423,False,False
138000,1,14,12,317,False,False
138000,1,14,12,423,False,False
138300,1,14,12,317,True,False
138600,1,14,12,244,False,False
138600,1,14,12,317,True,False
138600,1,14,12,423,False,False
138900,1,14,12,244,False,False
138900,1,14,12,317,True,False
138900,1,14,12,423,False,False
139200,1,14,12,244,False,False
139200,1,14,12,317,True,False
139500,1,14,12,317,True,False
139800,1,14,12,317,True,False
139800,1,14,12,423,False,False
140100,1,14,12,244,False,False
140400,1,15,12,25,True,False
140400,1,15,12,613,True,False
140400,1,15,12,642,False,False
140700,1,15,12,25,True,False
140700,1,15,12,244,True,False
141000,1,15,12,25,False,False
141000,1,15,12,244,False,False
141300,1,15,12,25,True,False
141300,1,15,12,244,True,False
141600,1,15,12,25,False,False
141600,1,15,12,244,False,False
141900,1,15,12,25,True,False
141900,1,15,12,244,False,False
142200,1,15,12,244,False,False
142500,1,15,12,25,True,False
142800,1,15,12,25,False,False
142800,1,15,12,244,True,False
143100,1,15,12,25,True,False
143100,1,15,12,244,False,False
143700,1,15,12,25,True,False
143700,1,15,12,244,False,False
144000,1,16,12,244,False,False
144300,1,16,12,244,True,False
144600,1,16,12,25,False,False
144600,1,16,12,244,False,False
144900,1,16,12,244,False,False
145200,1,16,12,25,True,False
145200,1,16,12,244,False,False
145500,1,16,12,25,False,False
145500,1,16,12,244,True,False
145800,1,16,12,244,True,False
146100,1,16,12,25,True,False
146100,1,16,12,244,False,False
146400,1,16,12,25,False,False
146400,1,16,12,244,True,False
146700,1,16,12,25,True,False
146700,1,16,12,244,True,False
147000,1,16,12,25,False,False
147000,1,16,12,244,True,False
147300,1,16,12,244,True,False
147900,1,17,12,25,True,False
147900,1,17,12,244,False,False
148200,1,17,12,25,True,False
148200,1,17,12,244,True,False
148800,1,17,12,244,False,False
168900,1,22,12,13,False,False
168900,1,22,12,492,True,False
169500,1,23,12,13,False,False
171600,1,23,12,13,True,False
171900,1,23,12,13,False,False
172200,1,23,12,13,True,False
172500,1,23,12,13,True,False
172800,2,0,12,13,False,False
173100,2,0,12,13,True,False
173700,2,0,12,13,True,False
174000,2,0,12,13,True,False
174600,2,0,12,13,False,False
175200,2,0,12,13,False,False
176100,2,0,12,13,False,False
177600,2,1,12,13,False,False
177900,2,1,12,13,False,False
179400,2,1,12,13,False,False
181200,2,2,12,11,True,False
184800,2,3,12,13,False,False
187200,2,4,12,13,False,False
189300,2,4,12,13,False,False
190500,2,4,12,13,True,False
191700,2,5,12,13,True,False
192300,2,5,12,13,True,False
201300,2,7,12,13,False,False
201600,2,8,12,13,False,False
201900,2,8,12,13,True,False
202200,2,8,12,13,True,False
202500,2,8,12,13,True,False
204900,2,8,12,13,True,False
205500,2,9,12,13,False,False
206100,2,9,12,13,False,False
206400,2,9,12,13,False,False
206400,2,9,12,492,False,False
207300,2,9,12,13,False,False
207600,2,9,12,13,False,False
226500,2,14,12,492,False,False
236700,2,17,12,492,True,False
237000,2,17,12,492,False,False
237600,2,18,12,492,False,False
243900,2,19,12,13,False,False
244200,2,19,12,13,True,False
244500,2,19,12,13,False,False
244800,2,20,12,13,False,False
245700,2,20,12,13,True,False
246900,2,20,12,13,False,False
247500,2,20,12,13,False,False
247800,2,20,12,13,True,False
248100,2,20,12,13,True,False
248400,2,21,12,13,True,False
248700,2,21,12,13,True,False
249000,2,21,12,13,False,False
254700,2,22,12,13,False,False
255000,2,22,12,13,False,False
255900,2,23,12,13,False,False
256800,2,23,12,13,False,False
274800,3,4,12,13,True,False
279000,3,5,12,13,False,False
279300,3,5,12,13,True,False
279600,3,5,12,13,True,False
280800,3,6,12,13,True,False
281100,3,6,12,13,True,False
281400,3,6,12,13,True,False
281700,3,6,12,13,True,False
282000,3,6,12,13,False,False
282300,3,6,12,13,False,False
282600,3,6,12,13,True,False
282900,3,6,12,13,False,False
283200,3,6,12,13,True,False
283500,3,6,12,13,True,False
283800,3,6,12,13,False,False
284100,3,6,12,13,True,False
284400,3,7,12,13,True,False
284700,3,7,12,13,False,False
285000,3,7,12,13,False,False
285300,3,7,12,13,True,False
285600,3,7,12,13,False,False
285900,3,7,12,13,False,False
320700,3,17,12,13,True,False
321000,3,17,12,13,False,False
321600,3,17,12,13,False,False
323700,3,17,12,13,False,False
324000,3,18,12,13,True,False
324300,3,18,12,13,False,False
324900,3,18,12,13,False,False
325200,3,18,12,13,False,False
325500,3,18,12,13,False,False
325800,3,18,12,13,False,False
326100,3,18,12,13,True,False
326400,3,18,12,13,True,False
327300,3,18,12,13,True,False
327600,3,19,12,13,False,False
327900,3,19,12,13,True,False
328200,3,19,12,13,True,False
328800,3,19,12,13,True,False
329700,3,19,12,13,True,False
330300,3,19,12,13,True,False
330900,3,19,12,13,False,False
331500,3,20,12,13,True,False
331800,3,20,12,13,True,False
332100,3,20,12,13,True,False
334200,3,20,12,13,False,False
335100,3,21,12,13,False,False
335700,3,21,12,13,False,False
336900,3,21,12,13,True,False
337200,3,21,12,13,False,False
337500,3,21,12,13,False,False
339000,3,22,12,13,True,False
345000,3,23,12,13,False,False
345900,4,0,12,13,False,False
348000,4,0,12,13,True,False
348900,4,0,12,13,False,False
350100,4,1,12,13,True,False
351600,4,1,12,13,False,False
352200,4,1,12,13,True,False
354900,4,2,12,13,True,False
361800,4,4,12,13,True,False
367200,4,6,12,13,False,False
367500,4,6,12,13,False,False
367500,4,6,12,448,False,False
367800,4,6,12,13,False,False
370800,4,7,12,13,False,False
371100,4,7,12,13,False,False
371400,4,7,12,13,False,False
371700,4,7,12,13,True,False
372000,4,7,12,13,True,False
372600,4,7,12,13,False,False
374400,4,8,12,244,True,False
374700,4,8,12,170,True,False
374700,4,8,12,244,False,False
374700,4,8,12,264,False,False
374700,4,8,12,555,False,False
375000,4,8,12,244,False,False
375300,4,8,12,244,False,False
375600,4,8,12,244,False,False
375900,4,8,12,244,True,False
376200,4,8,12,244,False,False
376500,4,8,12,244,False,False
376800,4,8,12,244,False,False
376800,4,8,12,349,False,False
377100,4,8,12,244,True,False
377400,4,8,12,244,False,False
377700,4,8,12,216,False,False
377700,4,8,12,244,False,False
378000,4,9,12,244,True,False
378300,4,9,12,244,True,False
379200,4,9,12,244,True,False
379500,4,9,12,244,False,False
379800,4,9,12,244,True,False
380100,4,9,12,105,False,False
380100,4,9,12,244,False,False
380400,4,9,12,244,False,False
380400,4,9,12,349,False,False
380700,4,9,12,244,False,False
380700,4,9,12,349,False,False
381000,4,9,12,244,True,False
381000,4,9,12,349,False,False
381300,4,9,12,244,False,False
381300,4,9,12,302,False,False
381300,4,9,12,349,True,False
381600,4,10,12,244,True,False
381600,4,10,12,349,False,False
381900,4,10,12,244,False,False
381900,4,10,12,349,False,False
382200,4,10,12,244,True,False
382500,4,10,12,105,False,False
382500,4,10,12,244,False,False
382500,4,10,12,349,False,False
382800,4,10,12,244,False,False
383400,4,10,12,25,True,False
383400,4,10,12,155,True,False
383400,4,10,12,243,True,False
383400,4,10,12,264,False,False
383400,4,10,12,555,True,False
383700,4,10,12,25,False,False
384000,4,10,12,25,True,False
384300,4,10,12,25,False,False
384600,4,10,12,25,True,False
384900,4,10,12,25,False,False
385200,4,11,12,25,False,False
385500,4,11,12,25,False,False
385800,4,11,12,25,False,False
385800,4,11,12,244,False,False
386100,4,11,12,555,False,False
386400,4,11,12,25,True,False
386400,4,11,12,264,False,False
386700,4,11,12,25,True,False
386700,4,11,12,264,True,False
387000,4,11,12,25,False,False
387000,4,11,12,244,False,False
387000,4,11,12,483,True,False
387300,4,11,12,25,False,False
387300,4,11,12,264,True,False
387900,4,11,12,25,True,False
387900,4,11,12,309,False,False
478500,5,12,12,359,False,False
478800,5,13,12,244,True,False
479100,5,13,12,244,False,False
479400,5,13,12,244,False,False
479700,5,13,12,244,False,False
480000,5,13,12,244,False,False
480300,5,13,12,244,False,False
480600,5,13,12,244,True,False
480900,5,13,12,244,True,False
481500,5,13,12,244,True,False
482100,5,13,12,244,True,False
482700,5,14,12,244,False,False
483000,5,14,12,28,False,True
483000,5,14,28,244,False,False
483000,5,14,28,483,True,False
483300,5,14,12,244,False,False
483300,5,14,28,483,False,False
483600,5,14,12,25,True,False
483600,5,14,12,73,True,False
483600,5,14,12,244,False,False
483600,5,14,28,244,True,False
483600,5,14,28,483,False,False
483900,5,14,12,244,False,False
483900,5,14,28,244,False,False
483900,5,14,12,284,False,False
483900,5,14,28,483,False,False
484200,5,14,28,14,False,False
484200,5,14,12,244,False,False
484200,5,14,28,244,False,False
484200,5,14,28,483,True,False
484500,5,14,28,244,False,False
484800,5,14,12,244,False,False
484800,5,14,28,244,True,False
485100,5,14,12,244,True,False
485100,5,14,28,244,False,False
485100,5,14,12,483,True,False
485100,5,14,28,483,True,False
485400,5,14,12,25,False,False
485400,5,14,28,72,False,True
485400,5,14,28,78,True,False
485400,5,14,72,78,True,False
485400,5,14,28,149,False,False
485400,5,14,72,149,False,False
485400,5,14,12,244,True,False
485700,5,14,72,149,False,False
485700,5,14,72,359,True,False
485700,5,14,28,423,True,False
486000,5,15,72,73,False,False
486000,5,15,72,78,False,False
486000,5,15,72,149,False,False
486000,5,15,72,359,True,False
486000,5,15,72,667,False,False
486300,5,15,72,78,True,False
486300,5,15,72,149,False,False
486300,5,15,28,423,True,False
486300,5,15,72,667,True,False
486600,5,15,72,73,False,False
486600,5,15,72,149,False,False
486600,5,15,28,423,False,False
486900,5,15,72,149,True,False
486900,5,15,28,423,True,False
486900,5,15,72,667,False,False
487200,5,15,72,78,False,False
487200,5,15,72,149,False,False
487200,5,15,72,359,False,False
487200,5,15,28,423,False,False
487200,5,15,72,667,True,False
487500,5,15,72,359,False,True
487500,5,15,28,423,True,False
487800,5,15,72,73,False,False
487800,5,15,72,78,False,False
487800,5,15,28,215,True,False
487800,5,15,359,78,False,False
487800,5,15,359,149,True,False
487800,5,15,28,423,False,False
487800,5,15,72,667,True,False
488100,5,15,12,25,False,False
488100,5,15,72,78,False,False
488100,5,15,72,149,True,False
488100,5,15,12,244,False,False
488100,5,15,359,78,False,False
488100,5,15,28,423,True,False
488400,5,15,12,25,False,False
488400,5,15,12,170,False,False
488400,5,15,12,244,True,False
488400,5,15,359,78,False,False
488400,5,15,359,149,True,False
488400,5,15,28,423,False,False
488400,5,15,12,483,False,False
488700,5,15,12,25,True,False
488700,5,15,72,149,True,False
488700,5,15,12,170,False,False
488700,5,15,12,244,False,False
488700,5,15,359,78,False,False
488700,5,15,12,399,True,False
488700,5,15,28,423,False,False
488700,5,15,12,483,False,False
488700,5,15,72,667,True,False
489000,5,15,12,25,True,False
489000,5,15,72,149,True,False
489000,5,15,12,170,True,False
489000,5,15,12,244,True,False
489000,5,15,359,78,False,False
489000,5,15,359,149,True,False
489000,5,15,28,423,True,False
489000,5,15,12,483,True,False
489000,5,15,72,667,False,False
489300,5,15,12,25,False,False
489300,5,15,72,149,False,False
489300,5,15,12,170,False,False
489300,5,15,12,244,True,False
489300,5,15,359,78,False,False
489300,5,15,12,483,True,False
489300,5,15,72,663,False,False
489300,5,15,72,667,True,False
489600,5,16,12,25,True,False
489600,5,16,72,73,True,False
489600,5,16,72,149,True,False
489600,5,16,12,170,True,False
489600,5,16,12,244,False,False
489600,5,16,359,78,False,False
489600,5,16,28,423,False,False
489600,5,16,12,483,False,False
489600,5,16,72,513,False,False
489600,5,16,72,667,False,False
489900,5,16,12,25,False,False
489900,5,16,72,149,True,False
489900,5,16,12,170,False,False
489900,5,16,12,244,False,False
489900,5,16,12,399,True,False
489900,5,16,28,423,True,False
489900,5,16,12,483,False,False
489900,5,16,72,667,False,False
490200,5,16,12,25,True,False
490200,5,16,72,149,False,False
490200,5,16,12,170,True,False
490200,5,16,12,244,False,False
490200,5,16,359,78,True,False
490200,5,16,28,423,False,False
490200,5,16,12,483,False,False
490500,5,16,12,25,False,False
490500,5,16,12,170,True,False
490500,5,16,12,244,True,False
490500,5,16,359,78,True,False
490500,5,16,12,399,False,False
490500,5,16,28,423,False,False
490800,5,16,12,25,True,False
490800,5,16,12,170,True,False
490800,5,16,12,244,False,False
490800,5,16,359,78,False,False
490800,5,16,28,423,True,False
490800,5,16,12,483,True,False
490800,5,16,72,667,False,False
491100,5,16,12,25,False,False
491100,5,16,72,78,True,False
491100,5,16,72,149,True,False
491100,5,16,12,170,False,False
491100,5,16,359,78,True,False
491100,5,16,28,423,False,False
491100,5,16,12,483,False,False
491100,5,16,72,667,False,False
491400,5,16,12,25,False,False
491400,5,16,12,170,False,False
491400,5,16,12,244,False,False
491400,5,16,28,423,False,False
491400,5,16,12,483,False,False
491400,5,16,72,667,False,False
491700,5,16,12,170,True,False
491700,5,16,12,244,False,False
491700,5,16,28,423,False,False
491700,5,16,12,483,False,False
491700,5,16,72,667,True,False
492000,5,16,12,25,False,False
492000,5,16,12,244,False,False
492000,5,16,28,423,False,False
492000,5,16,12,483,True,False
492000,5,16,72,667,False,False
492300,5,16,12,25,False,False
492300,5,16,12,244,True,False
492300,5,16,28,423,True,False
492300,5,16,12,483,False,False
492600,5,16,12,25,False,False
492600,5,16,12,244,False,False
492600,5,16,12,483,False,True
492600,5,16,483,181,True,False
492900,5,16,12,25,True,False
493200,5,17,12,25,True,False
496800,5,18,12,25,True,False
497100,5,18,12,25,True,False
497400,5,18,12,25,True,False
497700,5,18,12,25,True,False
498300,5,18,12,25,True,False
498600,5,18,12,25,False,False
498900,5,18,12,25,True,False
498900,5,18,12,473,False,False
498900,5,18,12,513,False,False
499200,5,18,12,25,True,False
499500,5,18,12,25,False,False
499800,5,18,12,25,True,False
500100,5,18,12,25,True,False
500400,5,19,12,25,True,False
501600,5,19,12,25,True,False
501900,5,19,12,25,False,False
501900,5,19,12,473,False,False
502200,5,19,12,25,False,False
502500,5,19,12,25,False,False
502800,5,19,12,25,False,False
503100,5,19,12,25,True,False
503100,5,19,12,438,False,False
503400,5,19,12,25,False,False
503700,5,19,12,25,False,False
504900,5,20,12,25,True,False
505500,5,20,12,25,False,False
505800,5,20,12,25,False,False
505800,5,20,359,207,True,False
506100,5,20,12,25,True,False
506100,5,20,359,207,True,False
506400,5,20,12,25,True,False
506400,5,20,359,207,True,False
506700,5,20,359,207,False,False
507000,5,20,12,25,True,False
507300,5,20,12,25,True,False
507300,5,20,359,207,True,False
507600,5,21,359,207,False,False
507900,5,21,12,25,False,False
508200,5,21,12,25,False,False
508200,5,21,359,207,True,False
508500,5,21,12,25,False,False
508500,5,21,359,207,True,False
510000,5,21,12,401,True,False
510300,5,21,12,25,False,False
510300,5,21,12,401,False,False
510300,5,21,12,458,False,False
510600,5,21,12,25,False,False
510600,5,21,12,370,False,False
510600,5,21,12,401,False,False
510600,5,21,12,458,True,False
510900,5,21,12,513,True,False
513900,5,22,12,513,True,False
514500,5,22,72,220,False,False
515100,5,23,12,25,False,False
515400,5,23,12,25,False,False
515400,5,23,12,263,True,False
515400,5,23,12,405,False,False
515700,5,23,12,25,False,False
515700,5,23,12,263,True,False
516000,5,23,12,25,True,False
516000,5,23,12,492,False,False
517500,5,23,12,263,False,False
517800,5,23,12,197,True,False
518100,5,23,12,263,False,False
518400,6,0,12,492,True,False
518700,6,0,12,492,False,False
518700,6,0,12,513,False,False
519000,6,0,12,25,True,False
519000,6,0,12,492,False,False
519300,6,0,12,25,False,False
519300,6,0,12,263,False,False
519300,6,0,12,492,True,False
519600,6,0,12,492,False,False
519900,6,0,12,25,False,False
520200,6,0,12,79,True,False
520200,6,0,12,455,True,False
521100,6,0,12,25,False,False
521100,6,0,12,492,False,False
521400,6,0,12,263,False,False
521400,6,0,12,492,False,False
521700,6,0,12,263,False,False
521700,6,0,12,492,False,False
522000,6,1,12,492,False,False
522900,6,1,12,88,True,False
522900,6,1,12,263,True,False
522900,6,1,12,401,False,False
522900,6,1,12,455,True,False
522900,6,1,12,492,True,False
523200,6,1,12,263,False,False
524100,6,1,12,455,False,False
524400,6,1,12,25,False,False
525000,6,1,12,25,True,False
525000,6,1,12,401,False,False
525300,6,1,12,25,True,False
525300,6,1,12,88,False,False
525300,6,1,12,175,False,False
525300,6,1,12,401,False,False
525300,6,1,12,492,False,False
525600,6,2,12,492,True,False
525900,6,2,12,401,True,False
525900,6,2,12,485,True,False
526500,6,2,12,485,False,False
526500,6,2,12,492,True,False
526800,6,2,12,79,False,False
526800,6,2,12,175,False,False
526800,6,2,12,401,True,False
527400,6,2,12,492,False,False
528300,6,2,12,455,True,False
528300,6,2,12,513,False,False
528600,6,2,12,401,True,False
529200,6,3,12,455,False,False
531900,6,3,12,175,False,False
532500,6,3,12,485,True,False
575100,6,15,359,166,False,False
576000,6,16,359,634,True,False
589500,6,19,359,207,True,False
590100,6,19,359,207,False,False
602400,6,23,72,22,True,False
604200,6,23,12,401,False,False
604500,6,23,12,401,True,False
666600,7,17,359,560,True,False
666900,7,17,359,560,False,False
667200,7,17,359,560,False,False
667800,7,17,359,560,False,False
668100,7,17,359,560,True,False
668400,7,17,359,560,False,False
669900,7,18,359,300,False,False
669900,7,18,359,301,True,False
670200,7,18,359,207,True,False
670200,7,18,359,560,False,False
670500,7,18,359,560,False,False
670800,7,18,359,207,True,False
670800,7,18,359,560,False,False
671100,7,18,359,560,True,False
671400,7,18,359,207,False,False
671700,7,18,359,207,True,False
671700,7,18,359,560,True,False
672000,7,18,359,207,True,False
672300,7,18,359,560,False,False
672600,7,18,359,560,False,False
673200,7,19,359,560,False,False
673500,7,19,359,560,False,False
675600,7,19,359,560,False,False
675900,7,19,359,560,True,False
676200,7,19,359,560,False,False
676500,7,19,359,560,False,False
676800,7,20,359,560,True,False
677100,7,20,359,560,False,False
677400,7,20,359,560,False,False
737700,8,12,359,547,True,False
738000,8,13,359,244,False,False
738000,8,13,359,399,False,False
738300,8,13,359,399,False,False
738600,8,13,359,155,False,False
738600,8,13,359,399,False,False
738900,8,13,359,399,True,False
738900,8,13,359,514,True,False
739200,8,13,359,155,True,False
739200,8,13,359,514,True,False
739500,8,13,359,14,False,False
739500,8,13,359,244,False,False
739800,8,13,359,399,True,False
740100,8,13,359,155,False,False
740100,8,13,359,399,False,False
740700,8,13,359,399,False,False
741300,8,13,359,302,False,False
741900,8,14,359,399,False,False
742200,8,14,359,399,True,False
742800,8,14,359,155,True,False
743100,8,14,359,399,False,False
743400,8,14,359,399,False,False
743700,8,14,359,399,True,False
743700,8,14,359,514,True,False
744000,8,14,359,25,True,False
744000,8,14,359,399,True,False
744300,8,14,359,317,False,False
744300,8,14,359,399,True,False
744600,8,14,359,302,False,False
744600,8,14,359,349,True,False
744600,8,14,359,399,True,False
744900,8,14,359,399,False,False
745200,8,15,359,423,False,False
745500,8,15,359,454,True,False
749100,8,16,359,544,True,False
751500,8,16,359,423,True,False
751800,8,16,359,231,False,False
752400,8,17,359,613,True,False
757500,8,18,359,539,False,False
757800,8,18,359,560,False,False
758100,8,18,359,560,True,False
758400,8,18,359,539,False,False
758700,8,18,359,560,True,False
759000,8,18,359,539,False,False
759900,8,19,359,560,False,False
760200,8,19,359,560,True,False
760500,8,19,359,560,True,False
761100,8,19,359,560,True,False
762000,8,19,359,144,True,False
762000,8,19,359,560,False,False
762600,8,19,359,144,False,False
763500,8,20,359,144,False,False
764400,8,20,359,144,True,False
764700,8,20,359,144,False,False
765600,8,20,359,144,True,False
765900,8,20,359,144,False,False
765900,8,20,359,560,False,False
766200,8,20,359,144,True,False
766200,8,20,359,560,True,False
766500,8,20,359,144,True,False
766500,8,20,359,560,False,False
766800,8,21,359,560,False,False
779400,9,0,359,677,False,False
789300,9,3,359,677,False,False
793200,9,4,359,677,True,False
807000,9,8,359,149,True,False
807000,9,8,359,235,True,False
807000,9,8,359,254,True,False
807300,9,8,359,149,True,False
807300,9,8,359,254,True,False
807600,9,8,359,149,True,False
807600,9,8,359,235,True,False
807900,9,8,359,149,False,False
807900,9,8,359,235,True,False
808200,9,8,359,149,False,False
808200,9,8,359,235,False,False
808200,9,8,359,254,True,False
808500,9,8,359,149,False,False
808500,9,8,359,235,True,False
808800,9,8,359,149,False,False
808800,9,8,359,235,True,False
809100,9,8,359,235,True,False
809400,9,8,359,149,True,False
809400,9,8,359,235,True,False
809400,9,8,359,254,False,False
809700,9,8,359,149,True,False
809700,9,8,359,235,True,False
810000,9,9,359,78,False,False
810300,9,9,359,78,False,False
810300,9,9,359,149,False,False
810600,9,9,359,78,False,False
810600,9,9,359,149,False,False
810900,9,9,359,149,False,False
810900,9,9,359,235,False,False
810900,9,9,359,529,False,False
811200,9,9,359,149,False,False
811200,9,9,359,235,True,False
811200,9,9,359,367,False,False
811500,9,9,359,235,False,False
811800,9,9,359,235,False,False
811800,9,9,359,254,True,False
811800,9,9,359,582,False,False
812100,9,9,359,149,False,False
812100,9,9,359,235,True,False
812100,9,9,359,582,False,False
812400,9,9,359,149,False,False
812700,9,9,359,149,False,False
812700,9,9,359,235,False,False
813000,9,9,359,149,False,False
813000,9,9,359,235,False,False
813300,9,9,359,149,True,False
813300,9,9,359,235,True,False
813600,9,10,359,149,False,False
813900,9,10,359,254,False,False
814500,9,10,359,78,True,False
814800,9,10,359,78,False,False
815100,9,10,359,78,True,False
815400,9,10,359,78,False,False
815400,9,10,359,336,False,False
815700,9,10,359,78,False,False
816000,9,10,359,78,True,False
816300,9,10,359,78,False,False
816600,9,10,359,78,False,False
816900,9,10,359,78,True,False
817200,9,11,359,78,False,False
817500,9,11,359,78,False,False
817800,9,11,359,78,False,False
818100,9,11,359,78,False,False
818400,9,11,359,78,False,False
819000,9,11,359,78,False,False
819300,9,11,359,78,True,False
819600,9,11,359,149,False,False
819900,9,11,359,78,False,False
819900,9,11,359,149,False,False
820200,9,11,359,149,False,False
820500,9,11,359,78,False,False
820500,9,11,359,149,True,False
820800,9,12,359,149,True,False
821100,9,12,359,78,True,False
823800,9,12,359,92,True,False
831000,9,14,359,259,True,False
831300,9,14,359,259,True,False
831600,9,15,359,259,False,False
831900,9,15,359,259,True,False
832200,9,15,359,259,False,False
832500,9,15,359,259,False,False
840300,9,17,359,207,False,False
840600,9,17,359,207,False,False
840900,9,17,359,207,False,False
841800,9,17,359,207,True,False
842100,9,17,359,207,True,False
842400,9,18,359,207,False,False
842700,9,18,359,207,False,False
845100,9,18,359,207,True,False
846000,9,19,359,207,False,False
846600,9,19,359,207,False,False
847200,9,19,359,207,True,False
847500,9,19,359,207,False,False
900300,10,10,359,702,True,False
901200,10,10,359,399,False,False
901800,10,10,359,278,False,False
901800,10,10,359,555,True,False
902100,10,10,359,95,True,False
903000,10,10,359,702,False,False
904500,10,11,359,278,False,False
905100,10,11,359,702,False,False
905400,10,11,359,702,True,False
906000,10,11,359,702,True,False
906300,10,11,359,149,True,False
906300,10,11,359,702,True,False
906600,10,11,359,149,False,False
906600,10,11,359,702,False,False
906900,10,11,359,336,False,False
907200,10,12,359,702,False,False
907500,10,12,359,702,True,False
908100,10,12,359,702,False,False
908400,10,12,359,702,False,False
908700,10,12,359,702,False,True
908700,10,12,702,692,True,False
909000,10,12,702,78,True,False
909000,10,12,702,418,False,False
909000,10,12,702,692,False,False
909300,10,12,359,584,True,False
909300,10,12,702,78,True,False
909300,10,12,702,149,False,False
909300,10,12,702,418,False,False
909300,10,12,702,692,False,False
909600,10,12,702,78,False,False
909600,10,12,702,692,True,False
909900,10,12,702,78,False,False
909900,10,12,702,149,True,False
910200,10,12,359,149,True,False
910200,10,12,702,78,False,False
910200,10,12,702,149,False,False
910200,10,12,702,692,False,False
910500,10,12,702,78,True,False
910500,10,12,702,692,False,False
910800,10,13,359,336,True,False
910800,10,13,702,78,False,False
910800,10,13,702,149,False,False
911100,10,13,702,78,False,False
911100,10,13,702,692,False,False
911700,10,13,359,149,False,False
911700,10,13,702,78,True,False
911700,10,13,702,692,False,False
912000,10,13,702,78,True,False
912600,10,13,702,149,False,False
912600,10,13,702,418,False,False
912600,10,13,702,692,True,False
912900,10,13,702,78,True,False
912900,10,13,702,339,False,False
912900,10,13,702,692,True,False
913200,10,13,359,519,True,False
913200,10,13,702,149,True,False
913200,10,13,702,692,False,False
913500,10,13,702,78,False,False
913500,10,13,702,692,True,False
913800,10,13,702,78,False,False
913800,10,13,702,692,False,False
914100,10,13,702,85,False,False
914100,10,13,702,692,False,False
914400,10,14,702,692,False,False
914700,10,14,702,78,False,False
914700,10,14,702,418,True,False
914700,10,14,702,692,True,False
915000,10,14,702,78,True,False
915000,10,14,702,692,False,False
915300,10,14,702,78,True,False
915300,10,14,702,692,False,False
915600,10,14,702,78,True,False
916200,10,14,702,78,False,False
916200,10,14,702,418,False,True
916200,10,14,702,692,False,False
916500,10,14,359,78,False,False
916500,10,14,359,692,True,False
916800,10,14,359,78,True,False
916800,10,14,359,692,True,False
917100,10,14,359,78,True,False
917100,10,14,359,692,True,False
917100,10,14,702,61,False,True
917400,10,14,359,78,False,False
917400,10,14,359,149,False,False
917400,10,14,359,692,False,False
917700,10,14,359,78,True,False
917700,10,14,359,692,False,False
918000,10,15,359,78,True,False
918000,10,15,359,692,True,False
918300,10,15,359,78,False,False
918300,10,15,359,149,True,False
918600,10,15,359,78,False,False
918600,10,15,359,149,True,False
918900,10,15,359,78,False,False
918900,10,15,359,149,False,False
918900,10,15,359,692,True,False
919200,10,15,359,78,True,False
919200,10,15,359,692,False,False
919500,10,15,359,78,False,False
919500,10,15,359,149,False,False
919500,10,15,359,692,False,False
919800,10,15,359,78,False,False
919800,10,15,359,692,True,False
920100,10,15,359,78,True,False
920100,10,15,359,692,False,False
920400,10,15,359,78,False,False
920400,10,15,359,149,False,False
920400,10,15,359,692,False,False
920700,10,15,359,78,False,False
920700,10,15,359,692,False,False
921300,10,15,359,78,False,False
921600,10,16,359,44,True,False
921600,10,16,359,688,False,False
921900,10,16,359,405,False,False
922200,10,16,359,44,True,False
922200,10,16,359,149,True,False
922200,10,16,359,688,False,False
922500,10,16,359,85,True,False
922500,10,16,359,215,False,False
922500,10,16,359,259,False,False
922500,10,16,359,692,True,False
922800,10,16,359,78,True,False
922800,10,16,359,149,True,False
922800,10,16,359,259,True,False
923100,10,16,359,78,True,False
923100,10,16,359,149,False,False
923100,10,16,359,259,True,False
923100,10,16,418,259,False,False
923400,10,16,359,78,True,False
923400,10,16,359,259,False,False
924000,10,16,359,78,True,False
924000,10,16,359,259,False,False
924300,10,16,359,78,False,False
924300,10,16,359,259,False,False
924600,10,16,359,78,True,False
924600,10,16,359,259,False,False
924600,10,16,418,259,False,False
925500,10,17,359,78,False,False
925500,10,17,359,259,False,False
925800,10,17,359,78,True,False
925800,10,17,359,259,True,False
926100,10,17,359,78,True,False
926400,10,17,359,78,True,False
926700,10,17,359,78,False,False
933600,10,19,359,634,True,False
933900,10,19,359,634,False,False
934200,10,19,359,634,False,False
934500,10,19,359,634,False,False
934800,10,19,359,634,False,False
935100,10,19,359,634,False,False
935400,10,19,359,634,True,False
935700,10,19,359,634,False,False
956400,11,1,359,634,False,False
972900,11,6,359,677,False,False
975900,11,7,418,546,False,False
976200,11,7,418,546,True,False
976500,11,7,418,682,False,False
980100,11,8,702,339,True,False
980700,11,8,702,339,True,False
981000,11,8,359,149,True,False
981000,11,8,359,367,False,False
981000,11,8,702,582,True,False
981300,11,8,359,367,False,False
981300,11,8,702,582,False,False
981600,11,8,359,149,False,False
981900,11,8,359,367,True,False
982200,11,8,61,48,True,False
982200,11,8,61,274,False,False
982200,11,8,359,149,True,False
982200,11,8,359,367,False,False
982200,11,8,418,136,False,False
982500,11,8,61,218,True,False
982500,11,8,61,274,False,False
982500,11,8,359,149,False,False
982500,11,8,359,367,True,False
982500,11,8,418,582,True,False
982500,11,8,702,136,False,False
982800,11,9,61,218,False,False
982800,11,9,61,274,False,False
982800,11,9,359,108,True,False
982800,11,9,359,149,False,False
982800,11,9,359,367,False,False
982800,11,9,359,582,True,False
983100,11,9,61,274,False,False
983100,11,9,702,582,True,False
983400,11,9,61,157,False,False
983400,11,9,61,218,True,False
983400,11,9,61,274,False,False
983400,11,9,359,108,True,False
983400,11,9,359,149,True,False
983400,11,9,359,367,False,False
983400,11,9,61,528,False,False
983400,11,9,359,582,False,False
983400,11,9,702,582,False,False
983700,11,9,61,157,True,False
983700,11,9,61,218,True,False
983700,11,9,61,274,False,False
983700,11,9,359,108,True,False
983700,11,9,359,149,True,False
983700,11,9,418,136,False,False
983700,11,9,61,528,False,False
983700,11,9,702,73,False,False
983700,11,9,702,136,False,False
983700,11,9,702,351,False,False
983700,11,9,702,650,True,False
984000,11,9,61,157,False,False
984000,11,9,61,218,True,False
984000,11,9,61,274,False,False
984000,11,9,359,149,False,False
984000,11,9,61,528,False,False
984000,11,9,702,136,True,False
984000,11,9,702,582,True,False
984300,11,9,61,218,False,False
984300,11,9,61,274,True,False
984300,11,9,359,149,True,False
984300,11,9,61,528,True,False
984600,11,9,61,157,True,False
984600,11,9,61,218,True,False
984600,11,9,61,274,False,False
984600,11,9,359,136,False,False
984600,11,9,359,149,True,False
984600,11,9,61,528,True,False
984600,11,9,702,44,False,False
984600,11,9,702,663,True,False
984900,11,9,61,157,False,False
984900,11,9,61,218,True,False
984900,11,9,61,274,False,False
984900,11,9,359,367,False,False
984900,11,9,61,528,False,False
984900,11,9,702,136,False,False
984900,11,9,702,582,False,False
985200,11,9,61,157,False,False
985200,11,9,61,218,True,False
985200,11,9,61,274,False,False
985200,11,9,359,108,True,False
985200,11,9,359,367,True,False
985200,11,9,61,528,True,False
985200,11,9,702,73,True,False
985200,11,9,702,136,True,False
985200,11,9,702,582,False,False
985500,11,9,61,157,True,False
985500,11,9,61,218,True,False
985500,11,9,61,274,True,False
985500,11,9,359,367,True,False
985500,11,9,702,73,True,False
985500,11,9,702,136,True,False
985500,11,9,702,351,False,False
985500,11,9,702,367,True,False
985500,11,9,702,582,False,False
985500,11,9,702,650,False,False
985800,11,9,61,157,True,False
985800,11,9,61,218,False,False
985800,11,9,61,274,False,False
985800,11,9,359,367,True,False
985800,11,9,61,528,False,False
985800,11,9,359,582,False,False
985800,11,9,702,367,True,False
985800,11,9,702,582,False,False
986100,11,9,61,157,False,False
986100,11,9,61,218,False,False
986100,11,9,61,274,True,False
986100,11,9,359,149,False,False
986100,11,9,61,528,True,False
986100,11,9,702,136,False,False
986100,11,9,702,351,False,False
986100,11,9,702,582,False,False
986100,11,9,702,650,False,False
986400,11,10,61,157,False,False
986400,11,10,61,274,False,False
986400,11,10,61,528,True,False
986400,11,10,702,692,False,False
986700,11,10,61,32,True,False
986700,11,10,61,218,True,False
986700,11,10,61,274,True,False
986700,11,10,61,528,False,False
986700,11,10,702,692,True,False
987000,11,10,61,32,True,False
987000,11,10,61,157,False,False
987000,11,10,61,218,False,False
987000,11,10,61,274,True,False
987000,11,10,61,528,False,False
987000,11,10,702,692,False,False
987300,11,10,61,32,True,False
987300,11,10,61,157,False,False
987300,11,10,61,218,True,False
987300,11,10,61,274,False,False
987300,11,10,702,82,True,False
987300,11,10,702,692,False,False
987600,11,10,61,274,False,False
987600,11,10,702,82,False,False
987600,11,10,702,361,False,False
987600,11,10,702,692,False,False
987900,11,10,61,157,False,False
987900,11,10,61,274,True,False
987900,11,10,61,528,False,False
987900,11,10,702,82,True,False
987900,11,10,702,692,True,False
988200,11,10,61,32,False,False
988200,11,10,61,157,False,False
988200,11,10,61,218,True,False
988200,11,10,61,274,False,False
988200,11,10,61,510,False,False
988500,11,10,61,32,False,False
988500,11,10,61,157,False,False
988500,11,10,61,274,True,False
988500,11,10,61,469,True,False
988500,11,10,61,528,False,False
988800,11,10,61,274,False,False
988800,11,10,702,82,True,False
988800,11,10,702,692,False,False
989100,11,10,61,157,False,False
989100,11,10,61,218,False,False
989100,11,10,61,274,False,False
989100,11,10,61,510,True,False
989100,11,10,61,528,True,False
989100,11,10,702,82,True,False
989100,11,10,702,692,False,False
989400,11,10,61,32,True,False
989400,11,10,61,218,True,False
989400,11,10,61,274,False,False
989400,11,10,61,469,True,False
989400,11,10,61,478,True,False
989400,11,10,702,692,False,False
989700,11,10,61,19,False,False
989700,11,10,61,32,True,False
989700,11,10,61,147,False,False
989700,11,10,61,157,False,False
989700,11,10,61,218,True,False
989700,11,10,61,274,False,False
989700,11,10,61,510,False,False
989700,11,10,61,528,True,False
989700,11,10,702,82,True,False
989700,11,10,702,692,False,False
990000,11,11,61,157,True,False
990000,11,11,61,274,False,False
990000,11,11,61,478,False,False
990000,11,11,702,692,False,False
990300,11,11,61,32,False,False
990300,11,11,61,157,True,False
990300,11,11,61,218,True,False
990300,11,11,61,274,True,False
990300,11,11,61,478,True,False
990300,11,11,61,528,True,False
990300,11,11,702,82,False,False
990600,11,11,61,32,False,False
990600,11,11,61,157,False,False
990600,11,11,61,218,True,False
990600,11,11,61,274,False,False
990600,11,11,61,478,True,False
990600,11,11,61,528,True,False
990900,11,11,61,157,True,False
990900,11,11,61,274,True,False
990900,11,11,61,478,False,False
990900,11,11,61,528,False,False
990900,11,11,359,663,False,False
990900,11,11,702,82,True,False
990900,11,11,702,692,True,False
991200,11,11,61,274,True,False
991200,11,11,61,478,False,False
991200,11,11,61,528,False,False
991200,11,11,702,82,False,False
991200,11,11,702,692,True,False
991500,11,11,61,32,True,False
991500,11,11,61,218,False,False
991500,11,11,61,274,False,False
991500,11,11,61,478,False,False
991500,11,11,61,528,False,False
991500,11,11,702,108,True,False
991500,11,11,702,692,True,False
991800,11,11,61,218,True,False
991800,11,11,61,274,False,False
991800,11,11,418,149,False,False
991800,11,11,702,82,False,False
991800,11,11,702,108,True,False
991800,11,11,702,692,False,False
992100,11,11,61,32,False,False
992100,11,11,61,157,False,False
992100,11,11,61,218,True,False
992100,11,11,61,239,True,False
992100,11,11,61,274,False,False
992100,11,11,702,82,True,False
992100,11,11,702,108,False,False
992100,11,11,702,692,False,False
992400,11,11,61,32,True,False
992400,11,11,61,260,False,False
992400,11,11,61,274,True,False
992400,11,11,702,82,False,False
992400,11,11,702,108,True,False
992400,11,11,702,692,True,False
992700,11,11,702,82,False,False
992700,11,11,702,692,True,False
993000,11,11,61,157,True,False
993000,11,11,61,492,False,False
993000,11,11,359,663,False,False
993000,11,11,702,108,False,False
993000,11,11,702,121,False,False
993000,11,11,702,692,False,False
993300,11,11,61,157,False,False
993300,11,11,61,492,True,False
993300,11,11,702,82,True,False
993300,11,11,702,108,False,False
993300,11,11,702,692,True,False
993600,11,12,61,32,True,False
993600,11,12,61,157,True,False
993600,11,12,61,218,True,False
993600,11,12,359,149,False,False
993600,11,12,418,149,False,False
993600,11,12,61,492,True,False
993600,11,12,702,108,False,False
993600,11,12,702,389,True,False
993600,11,12,702,692,True,False
993900,11,12,61,32,False,False
993900,11,12,61,157,True,False
993900,11,12,61,492,False,False
993900,11,12,702,108,True,False
993900,11,12,702,692,False,False
994200,11,12,61,32,True,False
994200,11,12,61,157,True,False
994200,11,12,61,218,True,False
994200,11,12,359,149,False,False
994200,11,12,61,492,False,False
994200,11,12,61,525,False,False
994200,11,12,702,82,True,False
994200,11,12,702,692,True,False
994500,11,12,61,32,True,False
994500,11,12,61,157,True,False
994500,11,12,61,218,False,False
994500,11,12,359,149,False,False
994500,11,12,61,492,False,False
994500,11,12,702,692,False,False
994800,11,12,61,32,True,False
994800,11,12,61,389,False,False
994800,11,12,61,492,False,False
995100,11,12,61,32,False,False
995100,11,12,61,87,True,False
995100,11,12,61,157,True,False
995100,11,12,61,492,False,False
995100,11,12,61,525,True,False
995100,11,12,702,87,True,False
995400,11,12,61,32,False,False
995400,11,12,61,157,False,False
995400,11,12,61,389,False,False
995400,11,12,61,492,True,False
995400,11,12,702,525,False,False
995700,11,12,61,32,False,False
995700,11,12,61,492,True,False
996000,11,12,61,32,True,False
996000,11,12,61,157,True,False
996000,11,12,359,149,True,False
996000,11,12,61,492,True,False
996000,11,12,702,434,True,False
996300,11,12,61,32,True,False
996300,11,12,61,157,True,False
996300,11,12,61,492,True,False
996600,11,12,61,32,False,False
996600,11,12,61,157,True,False
996600,11,12,418,429,True,False
996900,11,12,61,32,False,False
996900,11,12,61,157,False,False
996900,11,12,359,149,True,False
996900,11,12,418,429,False,False
996900,11,12,418,582,True,False
997200,11,13,359,149,True,False
997200,11,13,359,367,False,False
997200,11,13,702,149,False,False
997200,11,13,702,367,True,False
997500,11,13,359,367,False,False
997500,11,13,702,149,True,False
997800,11,13,702,73,False,False
997800,11,13,702,149,True,False
997800,11,13,702,208,True,False
997800,11,13,702,429,True,False
997800,11,13,702,576,True,False
998100,11,13,61,274,False,False
998100,11,13,702,73,False,False
998100,11,13,702,149,True,False
998100,11,13,702,351,False,False
998400,11,13,61,274,False,False
998400,11,13,418,336,False,False
998400,11,13,702,73,True,False
998400,11,13,702,149,False,False
998400,11,13,702,336,True,False
998400,11,13,702,448,False,False
998700,11,13,61,274,False,False
998700,11,13,359,149,True,False
998700,11,13,418,149,False,False
998700,11,13,702,73,False,False
998700,11,13,702,149,False,False
998700,11,13,702,208,False,False
998700,11,13,702,339,True,False
998700,11,13,702,429,True,False
998700,11,13,702,582,True,False
999000,11,13,418,582,False,False
999000,11,13,702,73,False,False
999000,11,13,702,149,False,False
999000,11,13,702,208,False,False
999000,11,13,702,339,False,False
999000,11,13,702,351,False,False
999000,11,13,702,582,False,False
999300,11,13,61,528,False,False
999300,11,13,702,149,False,False
999300,11,13,702,339,True,False
999600,11,13,61,274,True,False
999600,11,13,359,149,False,False
999600,11,13,359,367,True,False
999600,11,13,61,528,True,False
999600,11,13,418,576,False,False
999600,11,13,61,700,True,False
999600,11,13,702,149,True,False
999600,11,13,702,663,False,False
999900,11,13,61,274,False,False
999900,11,13,359,208,False,False
999900,11,13,359,448,True,False
999900,11,13,61,478,False,False
999900,11,13,702,149,False,False
999900,11,13,702,339,False,False
999900,11,13,702,667,True,False
1000200,11,13,61,147,True,False
1000200,11,13,61,274,False,False
1000200,11,13,418,336,True,False
1000200,11,13,61,700,False,False
1000200,11,13,702,73,True,False
1000200,11,13,702,149,False,False
1000500,11,13,61,157,False,False
1000500,11,13,61,274,False,False
1000500,11,13,359,149,True,False
1000500,11,13,418,208,True,False
1000500,11,13,61,700,False,False
1000500,11,13,702,208,True,False
1000500,11,13,702,429,False,False
1000800,11,14,61,274,False,False
1000800,11,14,61,700,True,False
1001100,11,14,61,147,False,False
1001100,11,14,61,274,False,False
1001100,11,14,359,149,True,False
1001100,11,14,702,149,False,False
1001100,11,14,702,339,False,False
1001100,11,14,702,650,True,False
1001400,11,14,61,274,False,False
1001400,11,14,359,149,False,False
1001400,11,14,418,208,True,False
1001700,11,14,61,274,False,False
1001700,11,14,359,149,False,False
1001700,11,14,418,44,False,False
1001700,11,14,418,149,True,False
1001700,11,14,418,582,False,False
1001700,11,14,61,700,True,False
1001700,11,14,702,44,False,False
1001700,11,14,702,73,False,False
1001700,11,14,702,149,False,False
1002000,11,14,61,274,False,False
1002000,11,14,418,576,False,False
1002000,11,14,61,700,False,False
1002000,11,14,702,44,True,False
1002000,11,14,702,73,False,False
1002000,11,14,702,149,False,False
1002000,11,14,702,208,True,False
1002000,11,14,702,429,True,False
1002000,11,14,702,650,False,False
1002000,11,14,702,663,True,False
1002300,11,14,61,274,True,False
1002300,11,14,359,149,True,False
1002300,11,14,702,44,True,False
1002300,11,14,702,73,False,False
1002300,11,14,702,149,False,False
1002300,11,14,702,429,True,False
1002300,11,14,702,576,True,False
1002300,11,14,702,667,False,False
1002600,11,14,61,274,False,False
1002600,11,14,359,149,False,False
1002600,11,14,702,44,True,False
1002600,11,14,702,73,False,False
1002600,11,14,702,149,False,False
1002900,11,14,61,274,True,False
1002900,11,14,418,448,False,False
1002900,11,14,702,136,True,False
1002900,11,14,702,149,False,False
1002900,11,14,702,339,False,False
1002900,11,14,702,351,True,False
1002900,11,14,702,448,True,False
1003200,11,14,61,147,False,False
1003200,11,14,61,274,True,False
1003200,11,14,359,149,False,False
1003200,11,14,359,208,False,False
1003200,11,14,702,44,True,False
1003200,11,14,702,149,False,False
1003500,11,14,61,274,False,False
1003500,11,14,359,149,True,False
1003500,11,14,418,208,False,False
1003500,11,14,702,44,False,False
1003500,11,14,702,149,False,False
1003500,11,14,702,208,True,False
1003800,11,14,61,274,False,False
1003800,11,14,359,208,False,False
1003800,11,14,418,149,False,False
1003800,11,14,702,149,False,False
1003800,11,14,702,208,True,False
1004100,11,14,61,274,True,False
1004100,11,14,61,408,True,False
1004100,11,14,418,448,True,False
1004100,11,14,702,448,False,False
1004400,11,15,61,274,False,False
1004400,11,15,418,149,True,False
1004400,11,15,418,208,False,False
1004400,11,15,61,492,False,False
1004400,11,15,359,519,False,False
1004400,11,15,702,208,False,False
1004400,11,15,702,429,False,False
1004400,11,15,702,448,False,False
1004700,11,15,61,274,True,False
1004700,11,15,418,448,True,False
1004700,11,15,61,551,True,False
1004700,11,15,359,632,False,False
1004700,11,15,418,632,False,False
1004700,11,15,702,429,False,False
1005000,11,15,61,274,True,False
1005000,11,15,359,208,True,False
1005000,11,15,359,519,True,False
1005000,11,15,61,700,False,False
1005000,11,15,702,632,False,False
1005300,11,15,61,147,False,False
1005300,11,15,61,274,False,False
1005300,11,15,359,448,True,False
1005300,11,15,418,448,True,False
1005300,11,15,359,519,False,False
1005600,11,15,61,274,False,False
1005600,11,15,359,367,True,False
1005600,11,15,418,208,False,False
1005600,11,15,61,478,True,False
1005600,11,15,359,519,False,False
1005900,11,15,61,274,True,False
1005900,11,15,359,339,False,False
1005900,11,15,418,448,False,False
1005900,11,15,359,519,True,False
1005900,11,15,61,700,False,False
1005900,11,15,702,448,False,False
1005900,11,15,702,667,True,False
1006200,11,15,61,274,False,False
1006200,11,15,359,149,False,False
1006200,11,15,359,339,False,False
1006200,11,15,418,149,True,False
1006200,11,15,418,339,False,False
1006500,11,15,61,274,False,False
1006500,11,15,359,208,False,False
1006500,11,15,359,339,False,False
1006500,11,15,359,448,False,False
1006500,11,15,418,519,False,False
1006800,11,15,61,274,True,False
1006800,11,15,359,208,True,False
1006800,11,15,359,339,False,False
1006800,11,15,418,208,False,False
1006800,11,15,418,519,True,False
1006800,11,15,61,700,False,False
1006800,11,15,702,208,True,False
1006800,11,15,702,632,False,False
1007100,11,15,61,274,False,False
1007100,11,15,359,339,True,False
1007100,11,15,359,519,True,False
1007400,11,15,61,274,True,False
1007400,11,15,359,208,True,False
1007400,11,15,359,339,False,False
1007400,11,15,418,208,True,False
1007400,11,15,359,519,False,False
1007700,11,15,359,208,True,False
1007700,11,15,418,208,True,False
1007700,11,15,359,519,True,False
1007700,11,15,61,700,True,False
1007700,11,15,702,448,True,False
1007700,11,15,702,667,False,False
1008000,11,16,359,339,True,False
1008000,11,16,418,208,False,False
1008000,11,16,359,519,False,False
1008000,11,16,418,519,True,False
1008000,11,16,702,448,True,False
1008300,11,16,359,149,False,False
1008300,11,16,359,208,True,False
1008300,11,16,359,339,True,False
1008300,11,16,418,339,False,False
1008300,11,16,359,448,True,False
1008300,11,16,418,448,False,False
1008300,11,16,359,519,True,False
1008300,11,16,418,519,False,False
1008300,11,16,702,448,True,False
1008300,11,16,702,632,False,False
1008300,11,16,702,667,False,False
1008600,11,16,359,149,False,False
1008600,11,16,359,339,False,False
1008600,11,16,61,587,False,False
1008600,11,16,702,632,True,False
1008900,11,16,418,632,True,False
1009200,11,16,418,149,True,False
1009200,11,16,418,448,True,False
1009200,11,16,702,632,False,False
1009500,11,16,418,208,False,False
1009500,11,16,702,208,False,False
1009500,11,16,702,448,False,False
1009500,11,16,702,632,True,False
1009800,11,16,418,208,True,False
1009800,11,16,702,208,True,False
1009800,11,16,702,650,False,False
1009800,11,16,702,663,True,False
1010100,11,16,702,650,False,False
1010400,11,16,702,650,False,False
1011000,11,16,418,632,True,False
1011300,11,16,702,650,False,False
1011600,11,17,702,632,True,False
1011600,11,17,702,650,True,False
1011600,11,17,702,667,False,False
1011900,11,17,702,632,False,False
1013100,11,17,359,677,False,False
1013400,11,17,359,677,False,False
1013700,11,17,359,677,False,False
1014600,11,17,359,677,False,False
1014600,11,17,359,681,False,False
1014900,11,17,359,681,False,False
1014900,11,17,359,700,True,False
1015200,11,18,359,681,True,False
1015500,11,18,359,681,True,False
1015500,11,18,359,700,False,False
1015800,11,18,359,681,True,False
1015800,11,18,359,700,True,False
1016100,11,18,359,681,False,False
1016400,11,18,359,681,False,False
1016700,11,18,359,681,True,False
1016700,11,18,359,700,False,False
1017000,11,18,359,681,True,False
1017300,11,18,359,681,False,False
1017300,11,18,359,700,False,False
1017600,11,18,359,207,False,False
1017600,11,18,359,681,False,False
1017900,11,18,359,681,False,False
1018200,11,18,418,546,True,False
1019100,11,19,418,546,True,False
1023000,11,20,418,311,True,False
1023000,11,20,418,512,False,False
1023300,11,20,418,122,False,False
1023300,11,20,418,311,False,False
1023300,11,20,418,457,False,False
1023600,11,20,418,457,True,False
1023900,11,20,418,457,False,False
1024200,11,20,418,122,True,False
1024500,11,20,418,122,True,False
1024500,11,20,418,457,True,False
1025700,11,20,418,457,False,False
1026000,11,21,418,457,True,False
1026300,11,21,418,415,False,False
1026600,11,21,418,512,True,False
1026600,11,21,418,528,False,False
1026900,11,21,418,263,False,False
1026900,11,21,418,415,False,False
1027200,11,21,418,415,True,False
1027500,11,21,418,528,False,False
1029000,11,21,418,528,False,False
1029300,11,21,359,677,True,False
1029600,11,22,359,677,False,False
1029900,11,22,359,677,True,False
1031100,11,22,359,677,False,False
1031400,11,22,359,677,False,False
1031700,11,22,359,677,False,False
1032000,11,22,359,677,True,False
1032300,11,22,359,664,False,False
1032300,11,22,359,677,False,False
1035000,11,23,359,4,True,False
1035000,11,23,359,144,True,False
1035600,11,23,359,677,False,False
1039200,12,0,359,677,False,False
1044300,12,2,359,700,True,False
1066200,12,8,61,218,True,False
1066200,12,8,359,149,False,False
1066500,12,8,61,32,False,False
1066500,12,8,359,149,True,False
1066800,12,8,61,32,False,False
1066800,12,8,61,218,True,False
1066800,12,8,359,149,False,False
1067100,12,8,61,32,False,False
1067400,12,8,61,32,True,False
1067400,12,8,61,218,False,False
1067400,12,8,359,149,True,False
1067700,12,8,61,218,False,False
1067700,12,8,359,149,False,False
1068000,12,8,61,32,False,False
1068000,12,8,61,218,False,False
1068000,12,8,359,149,True,False
1068300,12,8,61,32,False,False
1068300,12,8,359,149,True,False
1068600,12,8,61,32,False,False
1068600,12,8,61,218,False,False
1068600,12,8,359,149,True,False
1068900,12,8,61,218,True,False
1069200,12,9,61,218,False,False
1069500,12,9,61,32,True,False
1069500,12,9,61,218,True,False
1070100,12,9,61,32,True,False
1070100,12,9,61,218,False,False
1070400,12,9,61,32,True,False
1070700,12,9,61,32,False,False
1071300,12,9,61,32,True,False
1071300,12,9,61,218,True,True
1071600,12,9,218,32,False,False
1071900,12,9,218,32,False,False
1072500,12,9,218,32,True,False
1072800,12,10,61,32,False,False
1072800,12,10,218,32,False,False
1072800,12,10,359,149,True,False
1073100,12,10,359,149,False,False
1073400,12,10,61,274,False,False
1073700,12,10,61,274,False,False
1073700,12,10,359,149,False,False
1074000,12,10,61,274,True,False
1074000,12,10,359,149,True,False
1074300,12,10,359,149,True,False
1074600,12,10,61,274,True,False
1075200,12,10,61,274,True,False
1075200,12,10,359,149,True,False
1075500,12,10,61,274,False,False
1075500,12,10,359,149,True,False
1075800,12,10,359,149,False,False
1076100,12,10,359,149,True,False
1076400,12,11,61,274,True,False
1076400,12,11,359,149,True,False
1077000,12,11,61,274,True,False
1077300,12,11,61,274,False,False
1077600,12,11,61,274,True,False
1077900,12,11,61,274,True,False
1078200,12,11,61,274,False,False
1078500,12,11,61,274,False,False
1078800,12,11,61,274,False,False
1079100,12,11,61,274,True,False
1079100,12,11,359,149,True,False
1080000,12,12,359,149,True,False
1080600,12,12,359,149,False,False
1080900,12,12,359,149,False,False
1081200,12,12,359,149,False,False
1081200,12,12,61,528,True,False
1081500,12,12,61,157,False,False
1081500,12,12,61,274,True,False
1081500,12,12,61,469,False,False
1081800,12,12,61,274,True,False
1081800,12,12,359,149,False,False
1081800,12,12,61,510,False,False
1082100,12,12,61,157,False,True
1082100,12,12,418,429,False,False
1082100,12,12,157,469,False,False
1082100,12,12,157,510,False,True
1082100,12,12,510,528,True,False
1082400,12,12,61,274,True,False
1082400,12,12,359,149,True,False
1082400,12,12,61,469,True,False
1082400,12,12,157,469,True,False
1082400,12,12,510,528,True,False
1082700,12,12,157,274,False,False
1082700,12,12,359,149,True,False
1082700,12,12,418,429,False,False
1082700,12,12,61,469,False,False
1082700,12,12,157,469,False,False
1082700,12,12,510,274,True,False
1082700,12,12,510,528,True,False
1083000,12,12,157,274,False,False
1083000,12,12,359,149,False,False
1083000,12,12,418,429,False,False
1083000,12,12,61,469,False,False
1083000,12,12,157,469,True,False
1083000,12,12,510,528,True,False
1083300,12,12,157,274,False,False
1083300,12,12,359,149,True,False
1083300,12,12,61,469,True,False
1083300,12,12,157,469,True,False
1083300,12,12,510,528,True,False
1083600,12,13,359,159,True,False
1083600,12,13,157,469,False,False
1083600,12,13,61,528,False,False
1083600,12,13,510,528,False,False
1083900,12,13,157,469,False,False
1083900,12,13,510,528,True,False
1084200,12,13,61,469,False,False
1084200,12,13,157,469,False,False
1084200,12,13,510,528,True,False
1084500,12,13,418,44,False,False
1084500,12,13,157,469,False,False
1084500,12,13,510,528,False,False
1084500,12,13,702,429,False,False
1084800,12,13,61,469,True,False
1084800,12,13,157,469,True,False
1084800,12,13,510,528,False,False
1084800,12,13,702,429,True,False
1085100,12,13,61,469,False,False
1085100,12,13,157,469,False,False
1085100,12,13,510,528,True,False
1085400,12,13,61,469,True,False
1085400,12,13,157,469,True,False
1085400,12,13,510,528,True,False
1085700,12,13,61,469,False,False
1086000,12,13,61,469,False,False
1086000,12,13,157,469,False,False
1086300,12,13,359,179,False,False
1086300,12,13,157,469,False,False
1086600,12,13,510,528,False,False
1086900,12,13,359,179,True,False
1086900,12,13,510,528,True,False
1087200,12,14,359,179,True,False
1087200,12,14,61,469,True,False
1087200,12,14,157,469,True,False
1087200,12,14,510,528,True,False
1087500,12,14,157,469,True,False
1087800,12,14,359,179,True,False
1087800,12,14,510,478,True,False
1088100,12,14,510,478,True,False
1088400,12,14,510,478,True,False
1088400,12,14,702,215,False,False
1088700,12,14,702,429,True,False
1089000,12,14,510,478,True,False
1089300,12,14,510,478,False,False
1089300,12,14,702,351,False,False
1089300,12,14,702,429,True,False
1089900,12,14,359,149,True,False
1089900,12,14,510,478,False,True
1090200,12,14,702,429,False,False
1090500,12,14,359,149,True,False
1090800,12,15,359,149,False,False
1090800,12,15,418,149,False,False
1090800,12,15,702,149,False,False
1090800,12,15,702,667,True,False
1091100,12,15,359,149,True,False
1091100,12,15,702,429,False,False
1091400,12,15,359,149,True,False
1091700,12,15,359,149,False,False
1092000,12,15,359,149,True,False
1092000,12,15,418,367,True,False
1092000,12,15,702,429,False,False
1092300,12,15,359,149,True,False
1092300,12,15,702,429,False,False
1092600,12,15,702,429,False,False
1092900,12,15,702,429,False,False
1093200,12,15,702,429,False,False
1093500,12,15,702,367,False,False
1093800,12,15,702,429,False,False
1093800,12,15,702,663,False,False
1095900,12,16,418,81,False,False
1096200,12,16,359,149,True,False
1096200,12,16,418,682,False,False
1096200,12,16,702,595,False,False
1096500,12,16,359,149,False,False
1096500,12,16,702,149,False,False
1096800,12,16,359,595,True,False
1096800,12,16,702,595,True,False
1097100,12,16,359,595,True,False
1097100,12,16,418,595,True,False
1097100,12,16,702,263,False,False
1097100,12,16,702,457,True,False
1098900,12,17,218,382,True,False
1098900,12,17,702,429,True,False
1099200,12,17,218,382,True,False
1099500,12,17,218,382,False,False
1099500,12,17,359,405,True,False
1099500,12,17,702,461,True,False
1099800,12,17,218,382,True,False
1099800,12,17,418,429,True,False
1100100,12,17,702,118,False,False
1100700,12,17,218,382,True,False
1101600,12,18,218,382,False,False
1101900,12,18,218,382,False,False
1103100,12,18,218,382,True,False
1103400,12,18,218,382,True,False
1103700,12,18,218,382,False,False
1104000,12,18,218,382,True,False
1105200,12,19,218,382,False,False
1107900,12,19,359,207,False,False
1108200,12,19,359,166,False,False
1108500,12,19,359,207,True,False
1108500,12,19,218,382,False,False
1108800,12,20,359,207,True,False
1108800,12,20,218,382,True,False
1109100,12,20,359,207,True,False
1109100,12,20,218,382,True,False
1109400,12,20,218,382,False,False
1110900,12,20,359,207,True,False
1111200,12,20,359,207,True,False
1111800,12,20,359,207,True,False
1112700,12,21,418,686,False,False
1113900,12,21,418,3,True,False
1113900,12,21,418,96,False,False
1113900,12,21,418,357,True,False
1114200,12,21,418,357,False,False
1114500,12,21,418,3,True,False
1114500,12,21,418,96,True,False
1114500,12,21,418,357,True,False
1114800,12,21,418,3,False,False
1114800,12,21,418,357,False,False
1115100,12,21,418,88,True,False
1115100,12,21,418,357,True,False
1115400,12,21,418,3,False,False
1116000,12,22,218,382,True,False
1116000,12,22,418,3,False,False
1116300,12,22,218,382,True,False
1116600,12,22,418,437,True,False
1116600,12,22,418,512,False,False
1116900,12,22,218,382,False,False
1117200,12,22,218,382,True,False
1117200,12,22,418,374,False,False
1117200,12,22,418,676,False,False
1117500,12,22,218,382,True,False
1117500,12,22,418,95,False,False
1117500,12,22,418,374,False,False
1117800,12,22,218,382,True,False
1118100,12,22,218,382,True,False
1118400,12,22,218,382,True,False
1118700,12,22,218,382,False,False
1118700,12,22,418,545,False,False
1119000,12,22,218,382,True,False
1119300,12,22,218,382,False,False
1119600,12,23,218,382,True,False
1119900,12,23,218,382,True,False
1120200,12,23,218,382,True,False
1120500,12,23,218,382,True,False
1120800,12,23,218,382,False,False
1121100,12,23,218,382,False,False
1121100,12,23,418,153,True,False
1121100,12,23,418,413,True,False
1121400,12,23,218,382,True,False
1121700,12,23,218,382,False,False
1121700,12,23,418,413,True,False
1121700,12,23,418,701,False,False
1122000,12,23,218,382,True,False
1122000,12,23,418,413,True,False
1122300,12,23,218,382,True,False
1122600,12,23,218,382,False,False
1122600,12,23,418,174,True,False
1122600,12,23,418,413,False,False
1122900,12,23,218,382,False,False
1123200,13,0,218,382,False,False
1123200,13,0,418,413,False,False
1123500,13,0,218,382,True,False
1123500,13,0,418,295,True,False
1123800,13,0,218,382,False,False
1124100,13,0,218,382,False,False
1124400,13,0,218,382,False,False
1124400,13,0,418,452,True,False
1124700,13,0,218,382,False,False
1124700,13,0,418,263,True,False
1124700,13,0,418,357,False,False
1124700,13,0,418,452,False,False
1125000,13,0,218,382,True,False
1125000,13,0,418,3,False,False
1125000,13,0,418,25,False,False
1125000,13,0,418,401,False,False
1125000,13,0,418,452,False,False
1125300,13,0,218,382,True,False
1125300,13,0,418,3,False,False
1125300,13,0,418,25,False,False
1125600,13,0,218,382,True,False
1125600,13,0,418,3,True,False
1125900,13,0,218,382,False,False
1125900,13,0,418,357,False,False
1126200,13,0,218,382,True,False
1126500,13,0,218,382,True,False
1126800,13,1,218,382,False,False
1127100,13,1,218,382,False,False
1127400,13,1,218,382,False,False
1127700,13,1,218,382,False,False
1128000,13,1,218,382,False,False
1128300,13,1,218,382,False,False
1128600,13,1,218,382,True,False
1128900,13,1,218,382,False,False
1129200,13,1,218,382,False,False
1129500,13,1,218,382,False,False
1129800,13,1,218,382,True,False
1130100,13,1,218,382,False,False
1130400,13,2,218,382,False,False
1130700,13,2,218,382,False,False
1131000,13,2,218,382,True,False
1131300,13,2,218,382,True,False
1131600,13,2,218,382,False,False
1131900,13,2,218,382,False,False
1132200,13,2,218,382,True,False
1132500,13,2,218,382,True,False
1132800,13,2,218,382,False,False
1133100,13,2,218,382,False,False
1133400,13,2,218,382,False,False
1133700,13,2,218,382,True,False
1134000,13,3,218,382,False,False
1134300,13,3,218,382,False,False
1134600,13,3,218,382,True,False
1134900,13,3,218,382,True,False
1135200,13,3,218,382,False,False
1135500,13,3,218,382,True,False
1135500,13,3,359,677,False,False
1135800,13,3,218,382,False,False
1136100,13,3,218,382,False,False
1136400,13,3,218,382,False,False
1136700,13,3,218,382,True,False
1137000,13,3,218,382,False,False
1137300,13,3,218,382,True,False
1137600,13,4,218,382,True,False
1137900,13,4,218,382,False,False
1138200,13,4,218,382,False,False
1138500,13,4,218,382,False,False
1138800,13,4,218,382,False,False
1139100,13,4,218,382,False,False
1139400,13,4,218,382,True,False
1139700,13,4,218,382,False,False
1140000,13,4,218,382,False,False
1140300,13,4,218,382,False,False
1140600,13,4,218,382,True,False
1140900,13,4,218,382,False,False
1141200,13,5,218,382,False,False
1141500,13,5,218,382,False,False
1141800,13,5,218,382,True,False
1141800,13,5,359,677,False,False
1142100,13,5,218,382,False,False
1142400,13,5,218,382,False,False
1142700,13,5,218,382,False,False
1143000,13,5,218,382,False,False
1143300,13,5,218,382,False,False
1143600,13,5,218,382,False,False
1143900,13,5,218,382,False,False
1144200,13,5,218,382,False,False
1144500,13,5,218,382,False,False
1144800,13,6,218,382,False,False
1145100,13,6,218,382,True,False
1145400,13,6,218,382,True,False
1145700,13,6,218,382,False,False
1146000,13,6,218,382,True,False
1146300,13,6,218,382,True,False
1146600,13,6,218,382,False,False
1146900,13,6,218,382,False,False
1147200,13,6,218,382,False,False
1147800,13,6,218,382,False,False
1147800,13,6,359,677,False,False
1148400,13,7,218,382,True,False
1148700,13,7,218,382,True,False
1149000,13,7,218,382,True,False
1149300,13,7,218,382,True,False
1149900,13,7,218,382,False,False
1150200,13,7,218,382,True,False
1150500,13,7,218,382,True,False
1150800,13,7,218,382,False,False
1151100,13,7,218,382,False,False
1151400,13,7,218,382,False,False
1151700,13,7,218,382,False,False
1152000,13,8,218,382,False,False
1152300,13,8,218,382,True,False
1152900,13,8,218,382,False,False
1153200,13,8,218,382,False,False
1153800,13,8,218,382,True,False
1154100,13,8,218,382,True,False
1158000,13,9,218,382,False,False
1158300,13,9,359,149,False,False
1158600,13,9,359,78,False,False
1158600,13,9,359,149,False,False
1158600,13,9,218,382,False,False
1158900,13,9,359,78,True,False
1158900,13,9,359,149,False,False
1158900,13,9,218,382,False,False
1159200,13,10,359,78,False,False
1159200,13,10,218,382,False,False
1159500,13,10,359,149,True,False
1159500,13,10,218,382,True,False
1159800,13,10,359,52,True,False
1159800,13,10,359,149,False,False
1159800,13,10,218,382,False,False
1160100,13,10,359,149,True,False
1160100,13,10,218,382,False,False
1160400,13,10,359,52,False,False
1160400,13,10,218,382,True,False
1160700,13,10,359,52,False,True
1160700,13,10,218,382,True,False
1161000,13,10,52,149,True,False
1161000,13,10,359,149,False,False
1161000,13,10,218,382,False,False
1161000,13,10,52,441,False,False
1161300,13,10,52,78,True,False
1161300,13,10,52,149,False,False
1161300,13,10,52,339,False,False
1161300,13,10,359,149,True,False
1161300,13,10,359,339,False,False
1161300,13,10,218,382,True,False
1161600,13,10,52,78,False,False
1161600,13,10,52,149,False,False
1161600,13,10,52,339,False,False
1161900,13,10,52,78,True,False
1161900,13,10,52,149,False,False
1161900,13,10,52,339,False,False
1161900,13,10,359,149,True,False
1161900,13,10,359,339,True,False
1161900,13,10,218,382,False,False
1162200,13,10,52,78,True,False
1162200,13,10,52,149,True,False
1162200,13,10,52,339,False,False
1162200,13,10,359,78,False,False
1162200,13,10,359,149,True,False
1162200,13,10,359,339,False,False
1162200,13,10,218,382,True,False
1162500,13,10,52,339,True,False
1162500,13,10,359,78,False,False
1162500,13,10,359,339,True,False
1162500,13,10,218,382,False,False
1162800,13,11,359,78,False,False
1162800,13,11,359,149,False,False
1162800,13,11,359,339,True,False
1162800,13,11,218,382,False,False
1163100,13,11,52,262,False,False
1163100,13,11,359,78,True,False
1163100,13,11,359,149,False,False
1163100,13,11,359,339,True,False
1163100,13,11,218,382,False,False
1163100,13,11,52,472,False,False
1163400,13,11,52,262,True,False
1163400,13,11,218,382,True,False
1163700,13,11,52,262,True,False
1163700,13,11,52,263,False,False
1163700,13,11,359,78,True,False
1163700,13,11,359,149,False,False
1163700,13,11,359,339,True,False
1163700,13,11,218,382,False,False
1164000,13,11,52,262,False,False
1164000,13,11,52,263,True,False
1164000,13,11,359,78,True,False
1164000,13,11,359,149,False,False
1164000,13,11,359,339,False,False
1164000,13,11,218,382,True,False
1164300,13,11,52,262,True,False
1164300,13,11,359,78,False,False
1164300,13,11,359,149,False,False
1164300,13,11,359,339,False,False
1164300,13,11,218,382,False,False
1164300,13,11,52,472,True,False
1164600,13,11,52,262,False,False
1164600,13,11,52,263,False,False
1164600,13,11,359,149,False,False
1164600,13,11,218,382,False,False
1164900,13,11,52,263,True,False
1164900,13,11,359,78,False,False
1164900,13,11,359,149,False,False
1164900,13,11,359,339,True,False
1164900,13,11,218,382,True,False
1164900,13,11,510,440,False,False
1165200,13,11,52,263,False,False
1165200,13,11,359,78,True,False
1165200,13,11,359,149,True,False
1165200,13,11,359,339,False,False
1165200,13,11,218,382,True,False
1165200,13,11,510,440,True,False
1165500,13,11,52,262,False,False
1165500,13,11,52,263,False,False
1165500,13,11,359,339,True,False
1165500,13,11,510,274,True,False
1165500,13,11,510,440,True,False
1165500,13,11,52,598,False,False
1165800,13,11,52,263,True,False
1165800,13,11,359,78,True,False
1165800,13,11,359,149,True,False
1165800,13,11,359,339,False,False
1165800,13,11,218,382,False,False
1165800,13,11,52,598,False,False
1166100,13,11,359,78,False,False
1166100,13,11,359,149,False,False
1166100,13,11,359,339,True,False
1166100,13,11,510,440,True,False
1166400,13,12,359,78,False,False
1166400,13,12,359,339,True,False
1166400,13,12,510,440,False,False
1166700,13,12,359,78,False,False
1166700,13,12,359,149,False,False
1166700,13,12,359,339,True,False
1166700,13,12,218,382,True,False
1166700,13,12,510,274,False,False
1166700,13,12,510,440,False,False
1167000,13,12,359,78,False,False
1167000,13,12,359,149,False,False
1167000,13,12,359,339,False,False
1167000,13,12,218,382,False,False
1167000,13,12,510,274,True,False
1167000,13,12,510,440,False,False
1167300,13,12,359,78,False,False
1167300,13,12,359,149,False,False
1167300,13,12,359,339,True,False
1167300,13,12,218,382,True,False
1167300,13,12,510,274,False,False
1167300,13,12,510,440,False,False
1167600,13,12,359,149,False,False
1167600,13,12,359,339,True,False
1167600,13,12,510,440,False,False
1167900,13,12,359,78,False,False
1167900,13,12,359,149,False,False
1167900,13,12,359,339,True,False
1167900,13,12,218,382,True,False
1167900,13,12,510,274,False,False
1167900,13,12,510,440,False,False
1168200,13,12,359,149,True,False
1168200,13,12,218,382,False,False
1168200,13,12,510,440,False,False
1168500,13,12,359,149,False,False
1168500,13,12,218,382,False,False
1168500,13,12,510,274,False,False
1168800,13,12,359,78,True,False
1168800,13,12,359,149,True,False
1168800,13,12,359,339,True,False
1168800,13,12,218,382,False,False
1169100,13,12,52,78,False,False
1169100,13,12,52,149,True,False
1169100,13,12,52,339,False,False
1169100,13,12,359,78,True,False
1169100,13,12,359,149,False,False
1169100,13,12,359,339,True,False
1169100,13,12,218,382,True,False
1169400,13,12,52,78,False,False
1169400,13,12,52,149,True,False
1169400,13,12,52,339,True,False
1169400,13,12,359,78,True,False
1169400,13,12,359,149,True,False
1169400,13,12,218,382,False,False
1169400,13,12,510,440,False,False
1169700,13,12,52,78,True,False
1169700,13,12,52,149,True,False
1169700,13,12,52,339,True,False
1169700,13,12,359,149,False,False
1169700,13,12,218,382,False,False
1169700,13,12,510,440,False,False
1170000,13,13,52,149,True,False
1170000,13,13,359,149,False,False
1170000,13,13,218,382,True,False
1170000,13,13,510,440,True,False
1170300,13,13,52,149,False,False
1170300,13,13,52,339,False,False
1170300,13,13,359,149,True,False
1170300,13,13,510,440,False,False
1170600,13,13,52,78,False,False
1170600,13,13,52,149,True,False
1170600,13,13,52,339,False,False
1170600,13,13,359,78,False,False
1170600,13,13,359,339,False,False
1170600,13,13,510,440,False,False
1170900,13,13,52,78,False,False
1170900,13,13,52,149,True,False
1170900,13,13,52,339,False,False
1170900,13,13,359,78,True,False
1170900,13,13,359,149,False,False
1170900,13,13,510,440,True,False
1171200,13,13,52,78,False,False
1171200,13,13,52,149,False,False
1171200,13,13,52,339,False,False
1171200,13,13,359,78,False,False
1171200,13,13,359,149,False,False
1171200,13,13,359,339,True,False
1171200,13,13,218,382,True,False
1171200,13,13,510,440,False,False
1171500,13,13,52,78,False,False
1171500,13,13,52,339,False,False
1171500,13,13,359,78,True,False
1171500,13,13,510,440,True,False
1171800,13,13,52,78,False,False
1171800,13,13,52,339,True,False
1171800,13,13,359,78,False,False
1171800,13,13,359,149,False,False
1171800,13,13,510,274,True,False
1171800,13,13,510,440,False,False
1172100,13,13,52,78,False,False
1172100,13,13,52,339,False,False
1172100,13,13,359,149,False,False
1172100,13,13,510,440,False,False
1172400,13,13,52,78,True,False
1172400,13,13,52,339,False,False
1172400,13,13,359,78,True,False
1172400,13,13,359,149,False,False
1172400,13,13,359,339,False,False
1172400,13,13,510,274,True,False
1172700,13,13,52,78,False,False
1172700,13,13,52,149,True,False
1172700,13,13,52,339,False,False
1172700,13,13,359,78,True,False
1172700,13,13,359,149,False,False
1172700,13,13,218,382,False,False
1172700,13,13,510,274,False,False
1172700,13,13,510,440,False,False
1173000,13,13,52,78,False,False
1173000,13,13,52,339,False,False
1173000,13,13,359,78,False,False
1173000,13,13,359,149,False,False
1173000,13,13,359,339,True,False
1173000,13,13,218,382,True,False
1173000,13,13,510,440,True,False
1173000,13,13,52,532,False,False
1173300,13,13,52,78,False,False
1173300,13,13,52,339,False,False
1173300,13,13,359,78,True,False
1173300,13,13,359,149,False,False
1173300,13,13,218,382,False,False
1173300,13,13,510,274,False,False
1173600,13,14,52,78,True,False
1173600,13,14,52,339,False,False
1173600,13,14,510,274,False,False
1173600,13,14,510,440,True,False
1173900,13,14,52,78,False,False
1173900,13,14,52,339,False,False
1173900,13,14,218,382,False,False
1173900,13,14,510,274,True,False
1173900,13,14,510,440,False,False
1174200,13,14,52,149,True,False
1174200,13,14,52,339,False,False
1174200,13,14,510,274,True,False
1174200,13,14,510,440,False,False
1174500,13,14,52,78,False,False
1174500,13,14,52,149,True,False
1174500,13,14,52,339,True,False
1174500,13,14,359,149,False,False
1174500,13,14,359,339,False,False
1174500,13,14,218,382,False,False
1174800,13,14,52,78,False,False
1174800,13,14,52,339,True,False
1174800,13,14,359,78,False,True
1174800,13,14,218,382,False,False
1174800,13,14,510,274,False,False
1175100,13,14,78,149,True,False
1175100,13,14,52,339,False,False
1175100,13,14,78,339,True,False
1175100,13,14,359,149,False,False
1175100,13,14,359,339,False,False
1175100,13,14,218,382,True,False
1175400,13,14,52,149,True,False
1175400,13,14,78,149,False,False
1175400,13,14,52,339,False,False
1175400,13,14,78,339,True,False
1175400,13,14,359,149,True,False
1175400,13,14,218,382,True,False
1175400,13,14,510,440,True,False
1175700,13,14,78,149,False,False
1175700,13,14,52,339,False,False
1175700,13,14,78,339,False,False
1175700,13,14,218,382,False,False
1176000,13,14,52,149,False,False
1176000,13,14,78,149,False,False
1176000,13,14,52,339,False,False
1176000,13,14,78,339,True,False
1176000,13,14,359,149,True,False
1176000,13,14,359,339,True,False
1176300,13,14,52,149,True,False
1176300,13,14,78,149,True,False
1176300,13,14,52,339,False,False
1176300,13,14,218,382,True,False
1176300,13,14,510,274,False,False
1176300,13,14,510,440,True,False
1176600,13,14,78,149,True,False
1176600,13,14,52,339,False,False
1176600,13,14,78,339,True,False
1176600,13,14,359,339,True,False
1176600,13,14,510,440,False,False
1176900,13,14,52,149,True,False
1176900,13,14,359,149,True,False
1176900,13,14,218,382,True,False
1176900,13,14,510,440,False,False
1177200,13,15,52,149,True,False
1177200,13,15,359,149,False,False
1177200,13,15,218,382,False,False
1177200,13,15,510,440,False,False
1177500,13,15,52,149,False,False
1177500,13,15,52,339,False,False
1177500,13,15,78,339,True,False
1177500,13,15,359,339,False,False
1177500,13,15,218,382,False,False
1177500,13,15,510,274,False,False
1177500,13,15,510,440,False,False
1177800,13,15,52,149,True,False
1177800,13,15,52,339,False,False
1177800,13,15,78,339,False,False
1177800,13,15,359,339,True,False
1177800,13,15,218,382,True,False
1178100,13,15,218,382,False,False
1178100,13,15,510,274,True,False
1178400,13,15,78,149,False,False
1178400,13,15,52,339,True,False
1178400,13,15,78,339,True,False
1178400,13,15,359,149,False,False
1178400,13,15,218,382,False,True
1178400,13,15,510,274,False,False
1178700,13,15,52,149,True,False
1178700,13,15,78,149,True,False
1178700,13,15,52,339,False,False
1178700,13,15,78,339,False,False
1178700,13,15,359,149,True,False
1178700,13,15,359,339,True,False
1178700,13,15,510,274,False,False
1179000,13,15,52,149,True,False
1179000,13,15,78,149,True,False
1179000,13,15,52,339,False,False
1179000,13,15,359,149,False,False
1179000,13,15,359,339,False,False
1179000,13,15,510,274,False,False
1179300,13,15,52,339,False,False
1179600,13,15,52,149,False,False
1179600,13,15,52,339,False,False
1179600,13,15,359,339,False,False
1179600,13,15,510,274,True,False
1179900,13,15,52,149,False,False
1179900,13,15,52,339,False,False
1179900,13,15,359,149,False,False
1179900,13,15,510,274,False,False
1180200,13,15,52,339,False,False
1180500,13,15,52,149,False,False
1180500,13,15,52,339,False,False
1180500,13,15,359,149,False,False
1180500,13,15,359,339,False,False
1180800,13,16,52,149,False,False
1180800,13,16,78,149,False,False
1180800,13,16,52,339,True,False
1180800,13,16,78,339,True,False
1180800,13,16,510,274,True,False
1181100,13,16,52,149,False,False
1181100,13,16,52,339,True,False
1181100,13,16,78,339,False,False
1181100,13,16,359,149,True,False
1181100,13,16,359,339,False,False
1181100,13,16,510,274,False,False
1181400,13,16,52,149,False,False
1181400,13,16,78,149,False,False
1181400,13,16,52,339,True,False
1181400,13,16,510,274,False,False
1181700,13,16,52,149,False,False
1181700,13,16,52,339,True,False
1181700,13,16,359,149,False,False
1181700,13,16,359,339,False,False
1182000,13,16,52,149,False,False
1182000,13,16,78,149,False,False
1182000,13,16,52,339,True,False
1182300,13,16,52,149,True,False
1182300,13,16,52,339,True,False
1182300,13,16,359,149,False,False
1182600,13,16,52,149,False,False
1182600,13,16,52,339,False,False
1182600,13,16,78,339,True,False
1182900,13,16,52,149,False,False
1182900,13,16,78,149,False,False
1182900,13,16,52,339,False,False
1182900,13,16,359,149,False,False
1183200,13,16,52,149,False,False
1183200,13,16,52,339,True,False
1183200,13,16,359,149,True,False
1183500,13,16,52,149,True,False
1183500,13,16,78,149,True,False
1183500,13,16,52,339,True,False
1183500,13,16,359,149,True,False
1183500,13,16,359,339,False,False
1183800,13,16,52,149,True,False
1183800,13,16,52,339,True,False
1183800,13,16,359,149,True,False
1184100,13,16,52,339,True,False
1184400,13,17,52,149,True,False
1184400,13,17,52,339,True,False
1184400,13,17,78,339,True,False
1184400,13,17,359,149,True,False
1184400,13,17,359,339,True,False
1184700,13,17,78,149,False,False
1184700,13,17,78,339,False,False
1184700,13,17,359,149,True,False
1184700,13,17,359,339,True,False
1185000,13,17,52,149,True,False
1185000,13,17,78,149,True,False
1185000,13,17,52,339,True,False
1185000,13,17,78,339,False,False
1185000,13,17,359,149,True,False
1185300,13,17,52,149,False,False
1185300,13,17,52,339,True,False
1185300,13,17,359,149,False,False
1185600,13,17,52,149,False,False
1185600,13,17,52,339,True,False
1185600,13,17,510,274,True,False
1185900,13,17,78,339,False,False
1185900,13,17,510,274,True,False
1186200,13,17,52,149,True,False
1186200,13,17,52,339,False,False
1186200,13,17,78,339,False,False
1186200,13,17,359,149,False,False
1186200,13,17,510,274,False,False
1186500,13,17,52,149,False,False
1186500,13,17,78,149,True,False
1186500,13,17,52,339,False,False
1186500,13,17,78,339,True,False
1186500,13,17,359,149,False,False
1186500,13,17,359,339,True,False
1186500,13,17,510,274,False,False
1186800,13,17,52,149,False,False
1186800,13,17,78,149,False,False
1186800,13,17,52,339,False,False
1186800,13,17,78,339,False,False
1186800,13,17,359,149,True,False
1186800,13,17,359,339,True,False
1186800,13,17,510,274,False,False
1187100,13,17,52,149,True,False
1187100,13,17,78,149,False,False
1187100,13,17,52,339,True,False
1187100,13,17,359,149,False,False
1187100,13,17,359,339,True,False
1187100,13,17,510,274,False,False
1187400,13,17,510,274,True,False
1187700,13,17,52,149,False,False
1187700,13,17,78,149,False,False
1187700,13,17,52,339,True,False
1187700,13,17,78,339,True,False
1187700,13,17,359,339,True,False
1188000,13,18,52,339,False,False
1188000,13,18,78,339,False,False
1188000,13,18,359,339,True,False
1188000,13,18,510,274,False,False
1188300,13,18,52,149,True,False
1188300,13,18,52,339,False,False
1188300,13,18,78,339,False,False
1188300,13,18,359,339,False,False
1188300,13,18,510,440,True,False
1188300,13,18,52,535,True,False
1188300,13,18,359,535,True,False
1188600,13,18,52,149,False,False
1188600,13,18,52,339,False,False
1188600,13,18,78,339,False,False
1188600,13,18,359,339,True,False
1188600,13,18,510,440,False,False
1188600,13,18,52,535,True,False
1188600,13,18,78,535,True,False
1188900,13,18,52,149,True,False
1188900,13,18,78,149,False,False
1188900,13,18,52,339,False,False
1188900,13,18,78,339,True,False
1188900,13,18,359,149,False,False
1188900,13,18,359,339,False,False
1188900,13,18,510,440,True,False
1188900,13,18,52,535,False,False
1188900,13,18,78,535,True,False
1189200,13,18,52,149,False,False
1189200,13,18,52,339,False,False
1189200,13,18,359,339,False,False
1189200,13,18,510,440,False,False
1189200,13,18,52,535,False,False
1189200,13,18,359,535,False,False
1189500,13,18,52,149,False,False
1189500,13,18,78,149,True,False
1189500,13,18,52,339,False,False
1189500,13,18,78,339,False,False
1189500,13,18,359,339,True,False
1189500,13,18,510,440,False,False
1189500,13,18,52,535,True,False
1189500,13,18,359,535,True,False
1189800,13,18,78,149,False,False
1189800,13,18,52,339,True,False
1189800,13,18,78,339,False,False
1189800,13,18,359,339,False,False
1189800,13,18,510,440,True,False
1189800,13,18,52,535,False,False
1190100,13,18,52,149,True,False
1190100,13,18,78,149,False,False
1190100,13,18,52,339,True,False
1190100,13,18,78,339,True,False
1190100,13,18,359,149,True,False
1190100,13,18,359,339,False,False
1190100,13,18,52,535,False,False
1190400,13,18,52,339,True,False
1190400,13,18,52,535,False,False
1190400,13,18,359,535,False,False
1190700,13,18,52,149,False,False
1190700,13,18,52,339,False,False
1190700,13,18,359,149,False,False
1190700,13,18,359,339,True,False
1190700,13,18,52,535,True,False
1191000,13,18,52,339,True,False
1191600,13,19,359,339,True,False
1191900,13,19,359,339,True,False
1191900,13,19,510,274,False,False
1191900,13,19,510,440,True,False
1192200,13,19,52,339,False,False
1192200,13,19,359,149,False,False
1192500,13,19,52,149,True,False
1192500,13,19,52,339,True,False
1192500,13,19,359,149,True,False
1192500,13,19,510,274,False,False
1192800,13,19,52,55,False,False
1192800,13,19,52,149,True,False
1192800,13,19,52,339,True,False
1192800,13,19,359,149,False,False
1193100,13,19,52,55,False,False
1193100,13,19,52,149,False,False
1193100,13,19,52,339,False,False
1193100,13,19,359,149,True,False
1193100,13,19,510,440,True,False
1193400,13,19,52,55,True,False
1193400,13,19,52,149,False,False
1193400,13,19,52,339,False,False
1193400,13,19,510,274,False,False
1193400,13,19,510,440,False,False
1193700,13,19,52,55,False,False
1193700,13,19,52,149,True,False
1193700,13,19,52,339,False,False
1194000,13,19,52,339,False,False
1194000,13,19,510,274,True,False
1194300,13,19,52,55,True,False
1194300,13,19,510,274,True,False
1194300,13,19,510,440,False,False
1194600,13,19,52,339,False,False
1194600,13,19,510,274,True,False
1194600,13,19,510,440,True,False
1194900,13,19,52,55,False,False
1194900,13,19,52,339,True,False
1194900,13,19,510,274,False,False
1194900,13,19,510,440,False,False
1195200,13,20,52,55,False,False
1195200,13,20,52,149,False,False
1195200,13,20,52,339,True,False
1195200,13,20,510,440,False,False
1195500,13,20,52,55,False,False
1195500,13,20,52,149,True,False
1195500,13,20,52,339,False,False
1195500,13,20,359,55,False,False
1195800,13,20,52,149,False,False
1195800,13,20,52,339,False,False
1195800,13,20,359,149,False,False
1195800,13,20,359,339,False,False
1196100,13,20,52,55,False,False
1196100,13,20,359,149,False,False
1196100,13,20,359,339,True,False
1196400,13,20,52,55,False,False
1196400,13,20,359,149,False,False
1196400,13,20,359,339,True,False
1196400,13,20,510,274,False,False
1196700,13,20,52,55,True,False
1196700,13,20,359,339,True,False
1197000,13,20,52,55,False,False
1197000,13,20,359,149,True,False
1197000,13,20,359,339,False,False
1197300,13,20,52,55,False,False
1197300,13,20,359,339,True,False
1197600,13,20,52,55,True,False
1197600,13,20,52,149,True,False
1197600,13,20,359,339,False,False
1197900,13,20,52,55,False,False
1197900,13,20,359,339,True,False
1198200,13,20,52,55,True,False
1198200,13,20,52,149,False,False
1198200,13,20,359,339,True,False
1198500,13,20,52,149,False,False
1198500,13,20,359,339,False,False
1198500,13,20,510,274,False,False
1198800,13,21,52,55,True,False
1198800,13,21,510,440,True,False
1199100,13,21,52,55,True,False
1199100,13,21,510,440,False,False
1199400,13,21,52,55,False,False
1199400,13,21,359,339,False,False
1199400,13,21,510,440,True,False
1199700,13,21,52,55,False,False
1199700,13,21,510,274,False,False
1200000,13,21,52,55,True,False
1200000,13,21,359,339,True,False
1200300,13,21,52,55,True,False
1200600,13,21,52,55,False,False
1200600,13,21,359,339,True,False
1200900,13,21,52,55,False,False
1200900,13,21,359,339,True,False
1200900,13,21,510,274,True,False
1201200,13,21,52,55,False,False
1201200,13,21,52,149,False,False
1201200,13,21,359,339,True,False
1201200,13,21,510,274,True,False
1201500,13,21,359,339,True,False
1201500,13,21,510,440,True,False
1201800,13,21,52,55,False,False
1201800,13,21,359,339,True,False
1201800,13,21,510,440,False,False
1202100,13,21,52,55,False,False
1202100,13,21,52,149,False,False
1202100,13,21,359,339,False,False
1202100,13,21,510,274,False,False
1202400,13,22,359,339,True,False
1202400,13,22,510,440,True,False
1202700,13,22,52,149,True,False
1202700,13,22,359,149,True,False
1202700,13,22,510,274,False,False
1202700,13,22,510,440,True,False
1203000,13,22,52,55,False,False
1203000,13,22,52,149,True,False
1203000,13,22,510,274,True,False
1203300,13,22,52,55,False,False
1203300,13,22,359,55,True,False
1203300,13,22,359,149,True,False
1203300,13,22,359,339,True,False
1203300,13,22,510,440,False,False
1203600,13,22,52,55,True,False
1203600,13,22,359,149,False,False
1203600,13,22,510,274,True,False
1203600,13,22,510,440,False,False
1203900,13,22,52,55,False,False
1203900,13,22,359,55,False,False
1203900,13,22,359,149,False,False
1203900,13,22,359,339,True,False
1203900,13,22,510,274,True,False
1203900,13,22,510,440,True,False
1204200,13,22,52,55,False,False
1204200,13,22,52,149,False,False
1204200,13,22,52,339,False,False
1204200,13,22,359,55,True,False
1204200,13,22,359,149,True,False
1204200,13,22,359,339,False,False
1204500,13,22,52,149,True,False
1204500,13,22,52,339,False,False
1204500,13,22,359,149,True,False
1204800,13,22,52,149,False,False
1204800,13,22,52,339,False,False
1204800,13,22,359,149,True,False
1205100,13,22,52,149,False,False
1205100,13,22,52,339,True,False
1205100,13,22,359,339,False,False
1205100,13,22,510,274,True,False
1205100,13,22,510,440,False,False
1205400,13,22,52,149,False,False
1205400,13,22,359,339,True,False
1205400,13,22,510,440,True,False
1205700,13,22,52,339,False,False
1205700,13,22,359,339,False,False
1206000,13,23,52,55,False,False
1206000,13,23,359,149,False,False
1206000,13,23,359,339,False,False
1206300,13,23,359,149,False,False
1206300,13,23,359,339,True,False
1206300,13,23,510,440,False,False
1206600,13,23,52,339,False,False
1206600,13,23,359,55,True,False
1206600,13,23,359,339,False,False
1206900,13,23,359,339,False,False
1206900,13,23,510,274,False,False
1207200,13,23,359,339,True,False
1207200,13,23,510,274,False,False
1207500,13,23,359,149,True,False
1207500,13,23,510,274,True,False
1207500,13,23,510,440,True,False
1207800,13,23,52,55,False,False
1207800,13,23,359,55,True,False
1207800,13,23,510,274,True,False
1207800,13,23,510,440,True,False
1208100,13,23,52,55,True,False
1208100,13,23,52,149,False,False
1208100,13,23,359,55,False,False
1208400,13,23,52,149,False,False
1208400,13,23,510,274,False,False
1208700,13,23,52,149,False,False
1209000,13,23,52,22,False,False
1209000,13,23,52,55,False,False
1209000,13,23,359,55,False,False
1209300,13,23,52,22,True,False
1209300,13,23,359,55,False,False
