{"nodes": [{"id": 12, "infected": true, "start": "2020-01-01 00:00:00", "end": "2020-01-01 00:15:00", "tested": true, "test_result": "positive", "status": "PQ"}, {"id": 244, "start": "2020-01-01 00:00:00", "end": "2020-01-01 00:15:00", "infected": false}, {"id": 454, "start": "2020-01-01 00:00:00", "end": "2020-01-01 00:15:00", "infected": false}, {"id": 12, "infected": true, "start": "2020-01-01 01:00:00", "end": "2020-01-01 01:15:00", "tested": true, "test_result": "positive", "status": "PQ"}, {"id": 244, "start": "2020-01-01 01:00:00", "end": "2020-01-01 01:15:00", "infected": false}, {"id": 454, "start": "2020-01-01 01:00:00", "end": "2020-01-01 01:15:00", "infected": false}, {"id": 12, "infected": true, "start": "2020-01-01 02:00:00", "end": "2020-01-01 02:15:00", "tested": true, "test_result": "positive", "status": "PQ"}, {"id": 244, "start": "2020-01-01 02:00:00", "end": "2020-01-01 02:15:00", "infected": false}, {"id": 12, "infected": true, "start": "2020-01-01 03:00:00", "end": "2020-01-01 03:15:00", "tested": true, "test_result": "positive", "status": "PQ"}, {"id": 244, "start": "2020-01-01 03:00:00", "end": "2020-01-01 03:15:00", "infected": false}, {"id": 12, "infected": true, "start": "2020-01-01 11:00:00", "end": "2020-01-01 11:15:00", "tested": true, "test_result": "positive", "status": "PQ"}, {"id": 11, "start": "2020-01-01 11:00:00", "end": "2020-01-01 11:15:00", "infected": false}, {"id": 12, "infected": true, "start": "2020-01-01 14:00:00", "end": "2020-01-01 14:15:00", "tested": true, "test_result": "positive", "status": "PQ"}, {"id": 11, "start": "2020-01-01 14:00:00", "end": "2020-01-01 14:15:00", "infected": false}, {"id": 12, "infected": true, "start": "2020-01-01 15:00:00", "end": "2020-01-01 15:15:00", "tested": true, "test_result": "positive", "status": "PQ"}, {"id": 492, "start": "2020-01-01 15:00:00", "end": "2020-01-01 15:15:00", "infected": false}, {"id": 13, "start": "2020-01-01 15:00:00", "end": "2020-01-01 15:15:00", "infected": false}, {"id": 461, "start": "2020-01-01 15:00:00", "end": "2020-01-01 15:15:00", "infected": false}, {"id": 12, "infected": true, "start": "2020-01-01 16:00:00", "end": "2020-01-01 16:15:00", "tested": true, "test_result": "positive", "status": "PQ"}, {"id": 13, "start": "2020-01-01 16:00:00", "end": "2020-01-01 16:15:00", "infected": false}, {"id": 492, "start": "2020-01-01 16:00:00", "end": "2020-01-01 16:15:00", "infected": false}, {"id": 12, "infected": true, "start": "2020-01-01 17:00:00", "end": "2020-01-01 17:15:00", "tested": true, "test_result": "positive", "status": "PQ"}, {"id": 13, "start": "2020-01-01 17:00:00", "end": "2020-01-01 17:15:00", "infected": false}, {"id": 12, "infected": true, "start": "2020-01-01 18:00:00", "end": "2020-01-01 18:15:00", "tested": true, "test_result": "positive", "status": "PQ"}, {"id": 13, "start": "2020-01-01 18:00:00", "end": "2020-01-01 18:15:00", "infected": false}, {"id": 12, "infected": true, "start": "2020-01-01 19:00:00", "end": "2020-01-01 19:15:00", "tested": true, "test_result": "positive", "status": "PQ"}, {"id": 13, "start": "2020-01-01 19:00:00", "end": "2020-01-01 19:15:00", "infected": false}, {"id": 11, "start": "2020-01-01 19:00:00", "end": "2020-01-01 19:15:00", "infected": false}, {"id": 12, "infected": true, "start": "2020-01-01 20:00:00", "end": "2020-01-01 20:15:00", "tested": true, "test_result": "positive", "status": "PQ"}, {"id": 13, "start": "2020-01-01 20:00:00", "end": "2020-01-01 20:15:00", "infected": false}, {"id": 461, "start": "2020-01-01 20:00:00", "end": "2020-01-01 20:15:00", "infected": false}, {"id": 12, "infected": true, "start": "2020-01-01 21:00:00", "end": "2020-01-01 21:15:00", "tested": true, "test_result": "positive", "status": "PQ"}, {"id": 13, "start": "2020-01-01 21:00:00", "end": "2020-01-01 21:15:00", "infected": false}, {"id": 12, "infected": true, "start": "2020-01-01 22:00:00", "end": "2020-01-01 22:15:00", "tested": true, "test_result": "positive", "status": "PQ"}, {"id": 13, "start": "2020-01-01 22:00:00", "end": "2020-01-01 22:15:00", "infected": false}, {"id": 12, "infected": true, "start": "2020-01-01 23:00:00", "end": "2020-01-01 23:15:00", "tested": true, "test_result": "positive", "status": "PQ"}, {"id": 11, "start": "2020-01-01 23:00:00", "end": "2020-01-01 23:15:00", "infected": false}], "links": [{"source": 12, "target": 244, "timestamp": 0, "infection_occured": false, "masked": true, "start": "2020-01-01 00:00:00", "end": "2020-01-01 00:15:00"}, {"source": 12, "target": 454, "timestamp": 0, "infection_occured": false, "masked": true, "start": "2020-01-01 00:00:00", "end": "2020-01-01 00:15:00"}, {"source": 12, "target": 244, "timestamp": 1, "infection_occured": false, "masked": true, "start": "2020-01-01 01:00:00", "end": "2020-01-01 01:15:00"}, {"source": 12, "target": 454, "timestamp": 1, "infection_occured": false, "masked": true, "start": "2020-01-01 01:00:00", "end": "2020-01-01 01:15:00"}, {"source": 12, "target": 244, "timestamp": 2, "infection_occured": false, "masked": true, "start": "2020-01-01 02:00:00", "end": "2020-01-01 02:15:00"}, {"source": 12, "target": 244, "timestamp": 3, "infection_occured": false, "masked": false, "start": "2020-01-01 03:00:00", "end": "2020-01-01 03:15:00"}, {"source": 12, "target": 11, "timestamp": 11, "infection_occured": false, "masked": true, "start": "2020-01-01 11:00:00", "end": "2020-01-01 11:15:00"}, {"source": 12, "target": 11, "timestamp": 14, "infection_occured": false, "masked": true, "start": "2020-01-01 14:00:00", "end": "2020-01-01 14:15:00"}, {"source": 12, "target": 492, "timestamp": 15, "infection_occured": false, "masked": true, "start": "2020-01-01 15:00:00", "end": "2020-01-01 15:15:00"}, {"source": 12, "target": 13, "timestamp": 15, "infection_occured": false, "masked": false, "start": "2020-01-01 15:00:00", "end": "2020-01-01 15:15:00"}, {"source": 12, "target": 461, "timestamp": 15, "infection_occured": false, "masked": true, "start": "2020-01-01 15:00:00", "end": "2020-01-01 15:15:00"}, {"source": 12, "target": 13, "timestamp": 16, "infection_occured": false, "masked": false, "start": "2020-01-01 16:00:00", "end": "2020-01-01 16:15:00"}, {"source": 12, "target": 492, "timestamp": 16, "infection_occured": false, "masked": true, "start": "2020-01-01 16:00:00", "end": "2020-01-01 16:15:00"}, {"source": 12, "target": 13, "timestamp": 17, "infection_occured": false, "masked": true, "start": "2020-01-01 17:00:00", "end": "2020-01-01 17:15:00"}, {"source": 12, "target": 13, "timestamp": 18, "infection_occured": false, "masked": true, "start": "2020-01-01 18:00:00", "end": "2020-01-01 18:15:00"}, {"source": 12, "target": 13, "timestamp": 19, "infection_occured": false, "masked": true, "start": "2020-01-01 19:00:00", "end": "2020-01-01 19:15:00"}, {"source": 12, "target": 11, "timestamp": 19, "infection_occured": false, "masked": true, "start": "2020-01-01 19:00:00", "end": "2020-01-01 19:15:00"}, {"source": 12, "target": 13, "timestamp": 20, "infection_occured": false, "masked": true, "start": "2020-01-01 20:00:00", "end": "2020-01-01 20:15:00"}, {"source": 12, "target": 461, "timestamp": 20, "infection_occured": false, "masked": true, "start": "2020-01-01 20:00:00", "end": "2020-01-01 20:15:00"}, {"source": 12, "target": 13, "timestamp": 21, "infection_occured": false, "masked": true, "start": "2020-01-01 21:00:00", "end": "2020-01-01 21:15:00"}, {"source": 12, "target": 13, "timestamp": 22, "infection_occured": false, "masked": false, "start": "2020-01-01 22:00:00", "end": "2020-01-01 22:15:00"}, {"source": 12, "target": 11, "timestamp": 23, "infection_occured": false, "masked": false, "start": "2020-01-01 23:00:00", "end": "2020-01-01 23:15:00"}]}