time,day,hour,infected,exposed,masked,infection_occured
-1,-1,-1,-1,12,False,True
0,0,0,12,244,True,False
0,0,0,12,454,True,False
300,0,0,12,244,True,False
600,0,0,12,244,True,False
600,0,0,12,454,True,False
1500,0,0,12,244,True,False
1500,0,0,12,454,False,False
1800,0,0,12,244,True,False
4200,0,1,12,244,True,False
4200,0,1,12,454,True,False
4500,0,1,12,244,True,False
4800,0,1,12,244,True,False
6000,0,1,12,454,False,False
7200,0,2,12,244,True,False
7500,0,2,12,244,True,False
10800,0,3,12,244,False,False
11100,0,3,12,244,True,False
11400,0,3,12,244,True,False
39600,0,11,12,11,True,False
51900,0,14,12,11,True,False
54600,0,15,12,492,True,False
54900,0,15,12,492,True,False
55200,0,15,12,492,True,False
55500,0,15,12,492,True,False
55800,0,15,12,13,True,False
55800,0,15,12,492,True,False
56100,0,15,12,13,True,False
56100,0,15,12,492,True,False
56400,0,15,12,13,True,False
56700,0,15,12,13,False,False
56700,0,15,12,492,True,False
57000,0,15,12,13,True,False
57000,0,15,12,492,True,False
57300,0,15,12,13,True,False
57300,0,15,12,461,True,False
57600,0,16,12,13,True,False
57600,0,16,12,492,True,False
57900,0,16,12,13,True,False
57900,0,16,12,492,True,False
58200,0,16,12,13,True,False
58200,0,16,12,492,True,False
58500,0,16,12,13,True,False
58800,0,16,12,13,True,False
58800,0,16,12,492,True,False
59100,0,16,12,492,True,False
59400,0,16,12,492,True,False
63300,0,17,12,13,True,False
63600,0,17,12,13,True,False
66600,0,18,12,13,True,False
69600,0,19,12,13,True,False
70200,0,19,12,11,True,False
71700,0,19,12,13,True,False
72900,0,20,12,13,True,False
73500,0,20,12,13,True,False
74100,0,20,12,13,False,False
74700,0,20,12,13,True,False
74700,0,20,12,461,True,False
75000,0,20,12,13,True,False
75300,0,20,12,13,True,False
75600,0,21,12,13,True,False
75900,0,21,12,13,True,False
76200,0,21,12,13,True,False
76500,0,21,12,13,True,False
80700,0,22,12,13,True,False
83700,0,23,12,11,True,False
84000,0,23,12,11,True,False
86400,1,0,12,13,True,False
86700,1,0,12,13,True,False
88500,1,0,12,13,True,False
88800,1,0,12,13,False,False
89100,1,0,12,13,True,False
95100,1,2,12,13,True,False
96000,1,2,12,13,True,False
97800,1,3,12,13,True,False
98100,1,3,12,13,True,False
98400,1,3,12,13,False,False
98700,1,3,12,13,True,False
117000,1,8,12,13,True,False
117300,1,8,12,13,True,False
117600,1,8,12,13,True,False
123000,1,10,12,13,True,False
123300,1,10,12,13,True,False
123600,1,10,12,13,True,False
124200,1,10,12,13,True,False
130800,1,12,12,13,True,False
131400,1,12,12,13,True,False
132900,1,12,12,317,True,False
133200,1,13,12,244,True,False
133200,1,13,12,317,True,False
133500,1,13,12,317,True,False
133800,1,13,12,423,True,False
134100,1,13,12,25,True,False
134100,1,13,12,244,True,False
134100,1,13,12,423,True,False
134400,1,13,12,25,True,False
134400,1,13,12,244,True,False
134400,1,13,12,317,True,False
134400,1,13,12,423,False,False
134700,1,13,12,25,True,False
134700,1,13,12,215,True,False
134700,1,13,12,244,True,False
134700,1,13,12,317,True,False
135000,1,13,12,244,True,False
135000,1,13,12,317,True,False
135300,1,13,12,215,True,False
135300,1,13,12,244,True,False
135300,1,13,12,317,False,False
135600,1,13,12,244,True,False
135600,1,13,12,317,False,False
135900,1,13,12,215,True,False
135900,1,13,12,317,True,False
136200,1,13,12,14,True,False
136800,1,14,12,244,True,False
136800,1,14,12,317,True,False
136800,1,14,12,423,True,False
137100,1,14,12,244,True,False
137400,1,14,12,244,True,False
137700,1,14,12,317,True,False
137700,1,14,12,423,True,False
138000,1,14,12,317,False,False
138000,1,14,12,423,True,False
138300,1,14,12,317,True,False
138600,1,14,12,244,True,False
138600,1,14,12,317,True,False
138600,1,14,12,423,True,False
138900,1,14,12,244,True,False
138900,1,14,12,317,True,False
138900,1,14,12,423,True,False
139200,1,14,12,244,True,False
139200,1,14,12,317,True,False
139500,1,14,12,317,True,False
139800,1,14,12,317,True,False
139800,1,14,12,423,True,False
140100,1,14,12,244,True,False
140400,1,15,12,25,True,False
140400,1,15,12,613,True,False
140400,1,15,12,642,False,False
140700,1,15,12,25,True,False
140700,1,15,12,244,True,False
141000,1,15,12,25,False,False
141000,1,15,12,244,True,False
141300,1,15,12,25,True,False
141300,1,15,12,244,True,False
141600,1,15,12,25,True,False
141600,1,15,12,244,True,False
141900,1,15,12,25,True,False
141900,1,15,12,244,True,False
142200,1,15,12,244,True,False
142500,1,15,12,25,True,False
142800,1,15,12,25,False,False
142800,1,15,12,244,True,False
143100,1,15,12,25,True,False
143100,1,15,12,244,True,False
143700,1,15,12,25,True,False
143700,1,15,12,244,True,False
144000,1,16,12,244,True,False
144300,1,16,12,244,True,False
144600,1,16,12,25,True,False
144600,1,16,12,244,True,False
144900,1,16,12,244,True,False
145200,1,16,12,25,True,False
145200,1,16,12,244,False,False
145500,1,16,12,25,True,False
145500,1,16,12,244,True,False
145800,1,16,12,244,True,False
146100,1,16,12,25,True,False
146100,1,16,12,244,True,False
146400,1,16,12,25,True,False
146400,1,16,12,244,True,False
146700,1,16,12,25,True,False
146700,1,16,12,244,True,False
147000,1,16,12,25,True,False
147000,1,16,12,244,True,False
147300,1,16,12,244,True,False
147900,1,17,12,25,True,False
147900,1,17,12,244,True,False
148200,1,17,12,25,True,False
148200,1,17,12,244,True,False
148800,1,17,12,244,True,False
168900,1,22,12,13,True,False
168900,1,22,12,492,True,False
169500,1,23,12,13,True,False
171600,1,23,12,13,True,False
171900,1,23,12,13,True,False
172200,1,23,12,13,True,False
172500,1,23,12,13,True,False
172800,2,0,12,13,True,False
173100,2,0,12,13,True,False
173700,2,0,12,13,True,False
174000,2,0,12,13,True,False
174600,2,0,12,13,True,False
175200,2,0,12,13,True,False
176100,2,0,12,13,True,False
177600,2,1,12,13,True,False
177900,2,1,12,13,True,False
179400,2,1,12,13,True,False
181200,2,2,12,11,True,False
184800,2,3,12,13,True,False
187200,2,4,12,13,True,False
189300,2,4,12,13,True,False
190500,2,4,12,13,True,False
191700,2,5,12,13,True,False
192300,2,5,12,13,True,False
201300,2,7,12,13,True,False
201600,2,8,12,13,True,False
201900,2,8,12,13,True,False
202200,2,8,12,13,True,False
202500,2,8,12,13,True,False
204900,2,8,12,13,True,False
205500,2,9,12,13,True,False
206100,2,9,12,13,True,False
206400,2,9,12,13,True,False
206400,2,9,12,492,True,False
207300,2,9,12,13,False,False
207600,2,9,12,13,True,False
226500,2,14,12,492,False,False
236700,2,17,12,492,True,False
237000,2,17,12,492,True,False
237600,2,18,12,492,True,False
243900,2,19,12,13,False,False
244200,2,19,12,13,True,False
244500,2,19,12,13,True,False
244800,2,20,12,13,True,False
245700,2,20,12,13,True,False
246900,2,20,12,13,True,False
247500,2,20,12,13,True,False
247800,2,20,12,13,True,False
248100,2,20,12,13,True,False
248400,2,21,12,13,True,False
248700,2,21,12,13,True,False
249000,2,21,12,13,True,False
254700,2,22,12,13,True,False
255000,2,22,12,13,False,False
255900,2,23,12,13,True,False
256800,2,23,12,13,True,False
274800,3,4,12,13,True,False
279000,3,5,12,13,True,False
279300,3,5,12,13,True,False
279600,3,5,12,13,True,False
280800,3,6,12,13,True,False
281100,3,6,12,13,True,False
281400,3,6,12,13,True,False
281700,3,6,12,13,True,False
282000,3,6,12,13,True,False
282300,3,6,12,13,True,False
282600,3,6,12,13,True,False
282900,3,6,12,13,True,False
283200,3,6,12,13,True,False
283500,3,6,12,13,True,False
283800,3,6,12,13,True,False
284100,3,6,12,13,True,False
284400,3,7,12,13,True,False
284700,3,7,12,13,True,False
285000,3,7,12,13,True,False
285300,3,7,12,13,True,False
285600,3,7,12,13,True,False
285900,3,7,12,13,True,False
320700,3,17,12,13,True,False
321000,3,17,12,13,True,False
321600,3,17,12,13,True,False
323700,3,17,12,13,True,False
324000,3,18,12,13,True,False
324300,3,18,12,13,True,False
324900,3,18,12,13,True,False
325200,3,18,12,13,True,False
325500,3,18,12,13,True,False
325800,3,18,12,13,True,False
326100,3,18,12,13,True,False
326400,3,18,12,13,True,False
327300,3,18,12,13,True,False
327600,3,19,12,13,True,False
327900,3,19,12,13,True,False
328200,3,19,12,13,True,False
328800,3,19,12,13,True,False
329700,3,19,12,13,True,False
330300,3,19,12,13,True,False
330900,3,19,12,13,True,False
331500,3,20,12,13,True,False
331800,3,20,12,13,True,False
332100,3,20,12,13,True,False
334200,3,20,12,13,True,False
335100,3,21,12,13,True,False
335700,3,21,12,13,True,False
336900,3,21,12,13,True,False
337200,3,21,12,13,True,False
337500,3,21,12,13,True,False
339000,3,22,12,13,True,False
345000,3,23,12,13,True,False
345900,4,0,12,13,True,False
348000,4,0,12,13,True,False
348900,4,0,12,13,True,False
350100,4,1,12,13,True,False
351600,4,1,12,13,True,False
352200,4,1,12,13,True,False
354900,4,2,12,13,True,False
361800,4,4,12,13,True,False
367200,4,6,12,13,True,False
367500,4,6,12,13,False,False
367500,4,6,12,448,True,False
367800,4,6,12,13,True,False
370800,4,7,12,13,True,False
371100,4,7,12,13,True,False
371400,4,7,12,13,False,False
371700,4,7,12,13,True,False
372000,4,7,12,13,True,False
372600,4,7,12,13,True,False
374400,4,8,12,244,True,False
374700,4,8,12,170,True,False
374700,4,8,12,244,True,False
374700,4,8,12,264,True,False
374700,4,8,12,555,True,False
375000,4,8,12,244,True,False
375300,4,8,12,244,True,False
375600,4,8,12,244,True,False
375900,4,8,12,244,True,False
376200,4,8,12,244,True,False
376500,4,8,12,244,True,False
376800,4,8,12,244,True,False
376800,4,8,12,349,True,False
377100,4,8,12,244,True,False
377400,4,8,12,244,True,False
377700,4,8,12,216,True,False
377700,4,8,12,244,True,False
378000,4,9,12,244,True,False
378300,4,9,12,244,True,False
379200,4,9,12,244,True,False
379500,4,9,12,244,True,False
379800,4,9,12,244,True,False
380100,4,9,12,105,True,False
380100,4,9,12,244,True,False
380400,4,9,12,244,True,False
380400,4,9,12,349,True,False
380700,4,9,12,244,True,False
380700,4,9,12,349,True,False
381000,4,9,12,244,True,False
381000,4,9,12,349,True,False
381300,4,9,12,244,True,False
381300,4,9,12,302,True,False
381300,4,9,12,349,True,False
381600,4,10,12,244,True,False
381600,4,10,12,349,True,False
381900,4,10,12,244,True,False
381900,4,10,12,349,True,False
382200,4,10,12,244,True,False
382500,4,10,12,105,True,False
382500,4,10,12,244,True,False
382500,4,10,12,349,True,False
382800,4,10,12,244,True,False
383400,4,10,12,25,True,False
383400,4,10,12,155,True,False
383400,4,10,12,243,True,False
383400,4,10,12,264,False,False
383400,4,10,12,555,True,False
383700,4,10,12,25,True,False
384000,4,10,12,25,True,False
384300,4,10,12,25,True,False
384600,4,10,12,25,True,False
384900,4,10,12,25,True,False
385200,4,11,12,25,True,False
385500,4,11,12,25,True,False
385800,4,11,12,25,True,False
385800,4,11,12,244,True,False
386100,4,11,12,555,True,False
386400,4,11,12,25,True,False
386400,4,11,12,264,True,False
386700,4,11,12,25,True,False
386700,4,11,12,264,True,False
387000,4,11,12,25,True,False
387000,4,11,12,244,True,False
387000,4,11,12,483,True,False
387300,4,11,12,25,True,False
387300,4,11,12,264,True,False
387900,4,11,12,25,True,False
387900,4,11,12,309,True,False
478500,5,12,12,359,True,False
478800,5,13,12,244,True,False
479100,5,13,12,244,True,False
479400,5,13,12,244,True,False
479700,5,13,12,244,True,False
480000,5,13,12,244,True,False
480300,5,13,12,244,True,False
480600,5,13,12,244,True,False
480900,5,13,12,244,True,False
481500,5,13,12,244,True,False
482100,5,13,12,244,True,False
482700,5,14,12,244,True,False
483000,5,14,12,28,True,False
483300,5,14,12,244,True,False
483600,5,14,12,25,True,False
483600,5,14,12,73,True,False
483600,5,14,12,244,True,False
483900,5,14,12,244,True,False
483900,5,14,12,284,True,False
484200,5,14,12,244,True,False
484800,5,14,12,244,True,False
485100,5,14,12,244,True,False
485100,5,14,12,483,True,False
485400,5,14,12,25,True,False
485400,5,14,12,244,False,False
488100,5,15,12,25,True,False
488100,5,15,12,244,False,False
488400,5,15,12,25,True,False
488400,5,15,12,170,True,False
488400,5,15,12,244,True,False
488400,5,15,12,483,True,False
488700,5,15,12,25,True,False
488700,5,15,12,170,True,False
488700,5,15,12,244,True,False
488700,5,15,12,399,True,False
488700,5,15,12,483,True,False
489000,5,15,12,25,True,False
489000,5,15,12,170,True,False
489000,5,15,12,244,True,False
489000,5,15,12,483,True,False
489300,5,15,12,25,True,False
489300,5,15,12,170,True,False
489300,5,15,12,244,True,False
489300,5,15,12,483,True,False
489600,5,16,12,25,True,False
489600,5,16,12,170,True,False
489600,5,16,12,244,True,False
489600,5,16,12,483,True,False
489900,5,16,12,25,True,False
489900,5,16,12,170,True,False
489900,5,16,12,244,True,False
489900,5,16,12,399,True,False
489900,5,16,12,483,True,False
490200,5,16,12,25,True,False
490200,5,16,12,170,True,False
490200,5,16,12,244,True,False
490200,5,16,12,483,True,False
490500,5,16,12,25,False,False
490500,5,16,12,170,True,False
490500,5,16,12,244,True,False
490500,5,16,12,399,True,False
490800,5,16,12,25,True,False
490800,5,16,12,170,True,False
490800,5,16,12,244,True,False
490800,5,16,12,483,True,False
491100,5,16,12,25,True,False
491100,5,16,12,170,True,False
491100,5,16,12,483,True,True
491100,5,16,483,25,True,False
491100,5,16,483,170,True,False
491100,5,16,483,244,True,False
491400,5,16,12,25,True,False
491400,5,16,12,170,True,False
491400,5,16,12,244,True,False
491400,5,16,483,244,True,False
491700,5,16,12,170,True,False
491700,5,16,12,244,True,False
491700,5,16,483,244,True,False
492000,5,16,12,25,True,False
492000,5,16,12,244,True,False
492000,5,16,483,25,True,False
492000,5,16,483,170,True,False
492000,5,16,483,244,True,False
492300,5,16,12,25,True,False
492300,5,16,12,244,True,False
492300,5,16,483,25,True,False
492300,5,16,483,244,True,False
492600,5,16,12,25,True,False
492600,5,16,12,244,True,False
492600,5,16,483,181,True,False
492900,5,16,12,25,True,False
493200,5,17,12,25,True,False
496800,5,18,12,25,False,False
497100,5,18,12,25,True,False
497400,5,18,12,25,True,False
497700,5,18,12,25,True,False
498300,5,18,12,25,True,False
498600,5,18,12,25,True,False
498900,5,18,12,25,True,False
498900,5,18,12,473,True,False
498900,5,18,12,513,True,False
499200,5,18,12,25,True,False
499500,5,18,12,25,True,False
499800,5,18,12,25,True,False
500100,5,18,12,25,True,False
500400,5,19,12,25,True,False
501600,5,19,12,25,True,False
501900,5,19,12,25,False,False
501900,5,19,12,473,True,False
502200,5,19,12,25,True,False
502500,5,19,12,25,True,False
502800,5,19,12,25,True,False
503100,5,19,12,25,True,False
503100,5,19,12,438,True,False
503400,5,19,12,25,True,False
503700,5,19,12,25,True,False
504900,5,20,12,25,True,False
505500,5,20,12,25,True,False
505800,5,20,12,25,True,False
506100,5,20,12,25,True,False
506400,5,20,12,25,True,False
507000,5,20,12,25,True,False
507300,5,20,12,25,True,False
507900,5,21,12,25,True,False
508200,5,21,12,25,True,False
508500,5,21,12,25,True,False
510000,5,21,12,401,True,False
510300,5,21,12,25,True,False
510300,5,21,12,401,True,False
510300,5,21,12,458,True,False
510600,5,21,12,25,True,False
510600,5,21,12,370,True,False
510600,5,21,12,401,True,False
510600,5,21,12,458,True,False
510900,5,21,12,513,True,False
513900,5,22,12,513,True,False
515100,5,23,12,25,True,False
515400,5,23,12,25,True,False
515400,5,23,12,263,True,False
515400,5,23,12,405,True,False
515700,5,23,12,25,True,False
515700,5,23,12,263,True,False
516000,5,23,12,25,True,False
516000,5,23,12,492,True,False
517500,5,23,12,263,True,False
517800,5,23,12,197,True,False
518100,5,23,12,263,True,False
518400,6,0,12,492,True,False
518700,6,0,12,492,False,False
518700,6,0,12,513,True,False
519000,6,0,12,25,True,False
519000,6,0,12,492,True,False
519300,6,0,12,25,True,False
519300,6,0,12,263,True,False
519300,6,0,12,492,True,False
519600,6,0,12,492,True,False
519900,6,0,12,25,True,False
520200,6,0,12,79,True,False
520200,6,0,12,455,True,False
521100,6,0,12,25,True,False
521100,6,0,12,492,True,False
521400,6,0,12,263,True,False
521400,6,0,12,492,True,False
521700,6,0,12,263,True,False
521700,6,0,12,492,True,False
522000,6,1,12,492,True,False
522900,6,1,12,88,True,False
522900,6,1,12,263,True,False
522900,6,1,12,401,True,False
522900,6,1,12,455,False,False
522900,6,1,12,492,True,False
523200,6,1,12,263,True,False
524100,6,1,12,455,True,False
524400,6,1,12,25,False,False
525000,6,1,12,25,True,False
525000,6,1,12,401,True,False
525300,6,1,12,25,True,False
525300,6,1,12,88,True,False
525300,6,1,12,175,True,False
525300,6,1,12,401,True,False
525300,6,1,12,492,False,False
525600,6,2,12,492,True,False
525900,6,2,12,401,True,False
525900,6,2,12,485,True,True
525900,6,2,485,79,True,False
525900,6,2,485,401,True,False
526200,6,2,485,79,True,False
526500,6,2,12,492,True,False
526800,6,2,12,79,True,False
526800,6,2,12,175,True,False
526800,6,2,12,401,True,False
526800,6,2,485,79,True,False
527400,6,2,485,364,True,False
527400,6,2,12,492,True,False
527700,6,2,485,364,True,False
528000,6,2,485,401,True,False
528300,6,2,12,455,True,False
528300,6,2,485,364,True,False
528300,6,2,485,455,True,False
528300,6,2,12,513,True,False
528600,6,2,12,401,True,False
528600,6,2,485,455,True,False
529200,6,3,12,455,True,False
530100,6,3,485,79,True,False
530400,6,3,485,79,False,False
530700,6,3,485,79,True,False
531900,6,3,12,175,True,False
533100,6,4,485,175,True,False
536400,6,5,485,455,True,False
537300,6,5,485,180,True,False
537600,6,5,485,180,True,False
537900,6,5,485,180,True,False
538200,6,5,485,180,True,False
538500,6,5,485,180,True,False
539700,6,5,485,180,True,False
540600,6,6,485,180,True,False
540900,6,6,485,180,True,False
541800,6,6,485,180,True,False
542700,6,6,485,180,True,False
543600,6,7,485,180,True,False
544500,6,7,485,180,True,False
545100,6,7,485,180,True,False
545400,6,7,485,180,True,False
546900,6,7,485,180,True,False
547200,6,8,485,180,True,False
547500,6,8,485,180,True,False
547800,6,8,485,180,True,False
549000,6,8,485,180,True,False
549300,6,8,485,180,True,False
549600,6,8,485,180,True,False
549900,6,8,485,180,False,False
550500,6,8,485,179,True,False
550800,6,9,485,179,True,False
551400,6,9,485,180,True,False
551700,6,9,485,179,True,False
551700,6,9,485,180,True,False
552000,6,9,485,179,True,False
552000,6,9,485,180,True,False
552300,6,9,485,179,True,False
552300,6,9,485,180,True,False
552600,6,9,485,179,True,False
552900,6,9,485,179,True,False
552900,6,9,485,180,True,False
553500,6,9,485,180,True,False
553800,6,9,485,180,True,False
554100,6,9,485,180,True,False
554400,6,10,485,180,True,False
554700,6,10,485,180,True,False
555000,6,10,485,180,True,False
555300,6,10,485,180,True,False
555600,6,10,485,180,True,False
555900,6,10,485,180,True,False
556500,6,10,485,180,True,False
556800,6,10,485,180,True,False
557100,6,10,485,180,True,False
557400,6,10,485,180,False,False
562200,6,12,485,180,True,False
562800,6,12,485,180,True,False
566400,6,13,485,179,True,False
567000,6,13,485,179,True,False
568500,6,13,485,179,True,False
570600,6,14,485,180,True,False
576000,6,16,485,472,True,False
576300,6,16,485,472,True,False
576600,6,16,485,472,True,False
576900,6,16,485,472,True,False
577200,6,16,485,472,True,False
577500,6,16,485,472,True,False
577800,6,16,485,131,True,False
577800,6,16,485,280,True,False
578100,6,16,485,280,True,False
578400,6,16,485,280,True,False
578700,6,16,485,280,False,False
579000,6,16,485,280,True,False
579600,6,17,485,280,True,False
579600,6,17,485,472,True,False
579900,6,17,485,280,True,False
579900,6,17,485,472,True,False
580200,6,17,485,280,True,False
580200,6,17,485,472,True,False
580500,6,17,485,280,True,False
580500,6,17,485,472,True,False
580500,6,17,485,537,True,False
580800,6,17,485,280,True,False
581400,6,17,485,131,True,False
582000,6,17,485,280,True,False
582000,6,17,485,537,True,False
582600,6,17,485,280,True,False
582600,6,17,485,472,True,False
582600,6,17,485,537,True,False
582900,6,17,485,537,True,False
583200,6,18,485,537,True,False
583500,6,18,485,280,True,False
583500,6,18,485,537,True,False
583800,6,18,485,472,True,False
583800,6,18,485,537,True,False
584100,6,18,485,472,True,False
584400,6,18,485,194,False,False
584400,6,18,485,537,True,False
584700,6,18,485,280,True,False
584700,6,18,485,472,False,False
584700,6,18,485,537,True,False
585000,6,18,485,280,True,False
585000,6,18,485,472,True,False
585300,6,18,485,280,True,False
585300,6,18,485,537,True,False
585600,6,18,485,280,True,False
585600,6,18,485,472,True,False
585600,6,18,485,537,True,False
585900,6,18,485,280,True,False
586200,6,18,485,537,True,False
586500,6,18,485,472,True,False
586500,6,18,485,537,True,False
586800,6,19,485,472,True,False
587100,6,19,485,537,True,False
587400,6,19,485,280,True,False
587400,6,19,485,472,True,False
588300,6,19,485,280,True,False
588600,6,19,485,280,True,False
588600,6,19,485,537,True,False
588900,6,19,485,537,True,False
589200,6,19,485,194,True,False
589200,6,19,485,295,True,False
590400,6,20,485,194,False,False
590400,6,20,485,537,True,False
590700,6,20,485,537,True,False
591300,6,20,485,280,True,False
592200,6,20,485,294,True,False
593400,6,20,485,96,True,False
593400,6,20,485,524,True,False
593700,6,20,485,52,True,False
593700,6,20,485,176,True,False
593700,6,20,485,262,True,False
593700,6,20,485,294,True,False
593700,6,20,485,524,True,False
594000,6,21,485,524,True,False
594600,6,21,485,294,True,False
594900,6,21,485,280,True,False
594900,6,21,485,294,True,False
594900,6,21,485,537,True,False
595200,6,21,485,280,True,False
595500,6,21,485,280,True,False
595800,6,21,485,96,True,False
595800,6,21,485,578,True,False
596100,6,21,485,81,True,False
596100,6,21,485,176,True,False
596100,6,21,485,280,True,False
596400,6,21,485,194,True,False
596400,6,21,485,280,True,False
596700,6,21,485,52,False,False
596700,6,21,485,81,True,False
596700,6,21,485,280,True,False
597000,6,21,485,176,True,False
597000,6,21,485,280,True,False
597000,6,21,485,524,True,False
597600,6,22,485,75,True,False
597600,6,22,485,524,True,False
597900,6,22,485,108,True,False
597900,6,22,485,263,False,False
598200,6,22,485,52,True,False
598200,6,22,485,69,True,False
598200,6,22,485,578,True,False
598500,6,22,485,96,False,False
598500,6,22,485,194,True,False
598500,6,22,485,280,True,False
598800,6,22,485,108,True,False
598800,6,22,485,176,True,False
599100,6,22,485,280,True,False
599100,6,22,485,524,True,False
599400,6,22,485,52,True,False
599700,6,22,485,194,True,False
600300,6,22,485,108,True,False
600300,6,22,485,176,True,False
600300,6,22,485,194,True,False
600900,6,22,485,194,False,False
601200,6,23,485,96,True,False
601200,6,23,485,194,True,False
601200,6,23,485,221,True,False
601800,6,23,485,96,False,False
602100,6,23,485,75,False,False
602100,6,23,485,537,True,False
602400,6,23,485,96,True,False
602400,6,23,485,524,True,False
602400,6,23,485,537,True,False
602700,6,23,485,537,True,False
603000,6,23,485,96,True,False
603000,6,23,485,295,False,False
603600,6,23,485,263,True,False
603900,6,23,485,176,True,False
603900,6,23,485,524,True,False
604200,6,23,12,401,True,False
604200,6,23,485,401,True,False
604200,6,23,485,657,True,False
604500,6,23,12,401,True,False
604800,7,0,485,401,True,False
605100,7,0,485,176,True,False
605100,7,0,485,537,True,False
605400,7,0,485,75,True,False
605400,7,0,485,401,False,False
605700,7,0,485,52,True,False
605700,7,0,485,294,True,False
605700,7,0,485,524,True,False
605700,7,0,485,578,True,False
606000,7,0,485,294,True,False
606300,7,0,485,176,True,False
606600,7,0,485,81,True,False
607200,7,0,485,81,True,False
607200,7,0,485,401,True,False
607800,7,0,12,401,True,False
607800,7,0,485,358,False,False
608100,7,0,12,401,True,False
608400,7,1,12,401,True,False
609600,7,1,485,401,True,False
610200,7,1,485,401,True,False
610800,7,1,485,295,True,False
610800,7,1,485,373,True,False
611100,7,1,485,295,True,False
611100,7,1,485,324,True,False
611700,7,1,485,358,True,False
612000,7,2,485,358,True,False
612300,7,2,485,295,True,False
612300,7,2,485,358,True,False
612600,7,2,485,221,True,False
612600,7,2,485,295,True,False
612900,7,2,485,295,True,False
612900,7,2,485,524,True,False
613200,7,2,485,358,True,False
613200,7,2,485,524,True,False
613500,7,2,485,295,True,False
613500,7,2,485,358,False,False
613500,7,2,485,524,True,False
613800,7,2,485,358,False,False
614100,7,2,485,524,True,False
614400,7,2,485,52,True,False
632100,7,7,12,13,True,False
638400,7,9,12,13,True,False
648000,7,12,12,13,True,False
648300,7,12,12,13,True,False
649500,7,12,12,13,True,False
649800,7,12,12,13,True,False
650100,7,12,12,13,True,False
650700,7,12,12,13,True,False
651000,7,12,12,13,True,False
651900,7,13,12,13,True,False
652500,7,13,12,13,True,False
652800,7,13,12,13,True,False
655800,7,14,12,13,False,False
656400,7,14,12,13,True,False
656700,7,14,12,13,True,False
657000,7,14,12,13,False,False
657300,7,14,12,13,True,False
657600,7,14,12,13,True,False
658800,7,15,485,180,True,False
659100,7,15,12,13,True,False
659100,7,15,485,180,True,False
659100,7,15,12,492,True,False
659400,7,15,485,180,True,False
659400,7,15,12,492,True,False
660000,7,15,485,180,True,False
660300,7,15,12,13,False,False
660300,7,15,485,180,True,False
660300,7,15,12,492,True,False
660600,7,15,12,13,True,False
660600,7,15,485,180,True,False
660600,7,15,12,492,True,False
660900,7,15,12,13,True,False
660900,7,15,485,180,True,False
660900,7,15,12,492,True,False
661800,7,15,485,179,True,False
665400,7,16,485,52,True,False
665700,7,16,485,52,True,False
666000,7,17,485,52,True,False
666000,7,17,485,472,True,False
666300,7,17,485,52,True,False
666300,7,17,485,236,True,False
666300,7,17,485,283,True,False
666600,7,17,485,52,True,False
666600,7,17,485,236,True,False
666600,7,17,485,283,True,False
666900,7,17,485,52,False,False
666900,7,17,485,236,True,False
666900,7,17,485,283,True,False
666900,7,17,485,472,True,False
667200,7,17,485,52,True,False
667200,7,17,485,236,True,False
667200,7,17,485,472,True,False
667500,7,17,485,52,True,False
667500,7,17,485,236,True,False
667500,7,17,485,472,False,False
667800,7,17,485,52,True,False
668100,7,17,485,52,True,False
668100,7,17,485,472,True,False
668400,7,17,485,52,True,False
669000,7,17,485,166,True,False
669300,7,17,485,52,True,False
669300,7,17,485,166,True,False
669300,7,17,485,236,False,False
669600,7,18,485,52,True,False
669600,7,18,485,166,True,False
669600,7,18,485,236,True,False
669900,7,18,485,166,False,False
669900,7,18,485,236,True,False
670200,7,18,485,52,True,False
670200,7,18,485,166,True,False
670200,7,18,485,236,True,False
670500,7,18,485,52,True,False
670500,7,18,485,236,True,False
670800,7,18,485,52,False,False
671400,7,18,485,166,True,False
671700,7,18,485,166,True,False
672000,7,18,485,166,True,False
672000,7,18,485,236,True,False
672000,7,18,485,472,True,False
672300,7,18,485,166,True,False
672600,7,18,485,166,True,True
672600,7,18,485,472,True,False
672900,7,18,166,236,True,False
672900,7,18,166,472,False,False
672900,7,18,485,236,True,False
673200,7,19,12,13,True,False
673200,7,19,166,472,True,False
673200,7,19,485,472,True,False
673500,7,19,166,236,True,False
673500,7,19,166,472,True,False
673500,7,19,485,472,True,False
673800,7,19,166,236,True,False
673800,7,19,166,472,True,False
673800,7,19,485,236,True,False
674100,7,19,166,236,True,False
674100,7,19,166,472,True,False
674100,7,19,485,236,True,False
674100,7,19,485,472,True,False
674400,7,19,166,236,True,False
674400,7,19,166,472,False,False
674400,7,19,485,236,True,False
674700,7,19,166,236,True,False
674700,7,19,166,472,False,False
674700,7,19,485,236,True,False
675000,7,19,166,236,True,False
675000,7,19,166,472,True,False
675000,7,19,485,472,True,False
675300,7,19,166,236,True,False
675300,7,19,166,472,True,False
675300,7,19,485,472,True,False
675600,7,19,166,236,True,False
675600,7,19,166,472,True,False
675900,7,19,166,236,True,False
675900,7,19,166,472,True,False
675900,7,19,485,236,True,False
676200,7,19,166,472,True,False
676200,7,19,485,236,True,False
676200,7,19,485,472,True,False
676500,7,19,166,472,True,False
676500,7,19,485,236,True,False
676500,7,19,485,472,True,False
676800,7,20,12,13,True,False
676800,7,20,166,236,True,False
677100,7,20,12,13,True,False
677100,7,20,166,236,True,False
677100,7,20,166,472,True,False
677100,7,20,485,472,True,False
677400,7,20,12,13,True,False
677400,7,20,166,236,True,False
677400,7,20,166,472,True,False
677400,7,20,485,236,True,False
677400,7,20,485,472,True,False
677700,7,20,12,13,True,False
677700,7,20,166,236,True,False
677700,7,20,485,236,True,False
677700,7,20,485,472,True,False
678000,7,20,12,13,True,False
678000,7,20,166,236,True,False
678000,7,20,166,280,True,False
678000,7,20,485,280,True,False
678300,7,20,12,13,True,False
678300,7,20,166,236,True,False
678300,7,20,166,280,True,False
678300,7,20,166,472,True,False
678300,7,20,485,236,True,False
678300,7,20,485,280,True,False
678300,7,20,485,472,True,False
678600,7,20,12,13,True,False
678600,7,20,166,236,True,False
678600,7,20,166,280,True,False
678600,7,20,166,472,True,False
678600,7,20,485,236,True,False
678600,7,20,485,280,False,False
678600,7,20,485,472,True,False
678900,7,20,166,280,True,False
678900,7,20,485,280,False,False
678900,7,20,485,472,True,False
679200,7,20,166,236,True,False
679200,7,20,166,280,True,False
679200,7,20,485,236,True,False
679200,7,20,485,280,True,False
679200,7,20,485,472,True,False
679500,7,20,166,236,True,False
679500,7,20,166,280,True,False
679500,7,20,485,236,True,False
679500,7,20,485,280,True,False
679500,7,20,485,472,True,False
679800,7,20,166,236,True,False
679800,7,20,166,280,False,False
679800,7,20,166,472,True,False
680100,7,20,12,13,True,False
680100,7,20,166,236,True,False
680100,7,20,166,280,True,False
680100,7,20,485,280,True,False
680400,7,21,166,236,False,False
680400,7,21,485,280,True,False
680700,7,21,12,13,True,False
680700,7,21,166,236,True,False
680700,7,21,166,280,True,False
680700,7,21,485,236,False,False
680700,7,21,485,472,True,False
681000,7,21,12,13,True,False
681000,7,21,166,236,True,False
681000,7,21,166,280,True,False
681000,7,21,485,236,True,False
681300,7,21,12,13,True,False
681300,7,21,166,236,True,False
681300,7,21,166,280,True,False
681300,7,21,166,472,True,False
681300,7,21,485,236,True,False
681600,7,21,166,236,True,False
681600,7,21,166,280,True,False
681600,7,21,166,472,True,False
681900,7,21,166,472,True,False
682200,7,21,12,13,True,False
682200,7,21,166,236,True,False
682200,7,21,166,280,True,False
682200,7,21,166,472,True,False
682200,7,21,485,236,True,False
682500,7,21,12,13,True,False
682500,7,21,166,236,True,False
682500,7,21,166,280,True,False
682500,7,21,166,472,True,False
682500,7,21,485,280,True,False
682500,7,21,485,472,True,False
682800,7,21,166,236,True,False
682800,7,21,166,280,True,False
682800,7,21,166,472,True,False
682800,7,21,485,472,True,False
683100,7,21,166,236,True,False
683100,7,21,166,280,True,False
683100,7,21,166,472,True,False
683100,7,21,485,280,True,False
683100,7,21,485,472,True,False
683400,7,21,12,13,True,False
683400,7,21,166,280,True,False
683400,7,21,166,472,True,False
683400,7,21,485,236,True,False
683400,7,21,485,472,True,False
683700,7,21,166,280,True,False
683700,7,21,166,472,True,False
683700,7,21,485,280,True,False
683700,7,21,485,472,True,False
684000,7,22,166,236,True,False
684000,7,22,166,280,True,False
684000,7,22,166,472,True,False
684000,7,22,485,236,True,False
684000,7,22,485,280,True,False
684000,7,22,485,472,True,False
684300,7,22,12,13,True,False
684300,7,22,166,472,True,False
684300,7,22,485,236,True,False
684300,7,22,485,472,True,False
684600,7,22,12,13,True,False
684600,7,22,166,472,True,False
684600,7,22,485,472,True,False
684900,7,22,166,236,True,False
684900,7,22,485,236,True,False
684900,7,22,485,472,True,False
685200,7,22,166,472,True,False
685200,7,22,485,472,True,False
685500,7,22,166,236,True,False
685500,7,22,166,472,True,False
685500,7,22,485,236,True,False
685500,7,22,485,472,False,False
685800,7,22,166,472,True,False
685800,7,22,485,472,True,False
686100,7,22,12,13,True,False
686100,7,22,166,472,True,False
686100,7,22,485,236,True,False
686100,7,22,485,472,True,False
686400,7,22,12,13,True,False
686400,7,22,166,472,True,False
686400,7,22,485,236,True,False
686400,7,22,485,472,True,False
686700,7,22,12,13,True,False
686700,7,22,166,472,True,False
686700,7,22,485,472,True,False
687000,7,22,12,13,True,False
687000,7,22,166,472,True,False
687000,7,22,485,472,True,False
687300,7,22,166,472,True,False
687300,7,22,485,472,True,False
687600,7,23,12,13,True,False
687600,7,23,166,472,True,False
687900,7,23,12,13,True,False
687900,7,23,485,472,True,False
688200,7,23,12,13,True,False
688200,7,23,485,472,True,False
688500,7,23,12,13,True,False
688500,7,23,166,69,True,False
688500,7,23,166,472,True,False
688500,7,23,485,69,True,False
688500,7,23,485,472,True,False
688800,7,23,12,13,True,False
688800,7,23,166,165,True,False
688800,7,23,166,472,True,False
688800,7,23,485,472,True,False
689100,7,23,12,13,True,False
689100,7,23,166,165,True,False
689100,7,23,485,472,True,False
689400,7,23,12,13,True,False
689400,7,23,166,165,True,False
689700,7,23,12,13,True,False
690000,7,23,12,13,True,False
690000,7,23,166,165,True,False
690300,7,23,12,13,True,False
690300,7,23,166,165,True,False
690600,7,23,12,13,True,False
690600,7,23,166,165,True,False
690900,7,23,12,13,True,False
690900,7,23,166,165,True,False
690900,7,23,485,180,True,False
691200,8,0,166,165,True,False
691500,8,0,166,165,True,False
691500,8,0,485,180,True,False
691800,8,0,12,13,True,False
691800,8,0,166,165,True,False
691800,8,0,485,180,True,False
692100,8,0,12,13,True,False
692100,8,0,166,165,True,False
692400,8,0,485,180,True,False
692700,8,0,12,13,True,False
692700,8,0,166,165,True,False
693000,8,0,12,13,True,False
693000,8,0,166,165,True,False
693000,8,0,485,180,True,False
693300,8,0,166,165,True,False
693300,8,0,485,180,True,False
693600,8,0,166,165,True,False
693900,8,0,166,165,True,False
693900,8,0,485,180,True,False
694200,8,0,166,165,True,False
694500,8,0,485,180,True,False
694800,8,1,485,180,True,False
695100,8,1,12,13,True,False
695100,8,1,485,180,True,False
695400,8,1,12,13,True,False
695400,8,1,166,165,False,False
695400,8,1,485,180,True,False
695700,8,1,12,13,True,False
695700,8,1,166,165,True,False
695700,8,1,485,180,True,False
696000,8,1,485,180,True,False
696300,8,1,166,165,True,False
696300,8,1,485,180,True,False
696600,8,1,166,165,False,False
696600,8,1,485,180,True,False
697200,8,1,485,180,True,False
697800,8,1,12,13,True,False
697800,8,1,166,165,True,False
697800,8,1,485,401,True,False
698100,8,1,12,13,True,False
698100,8,1,166,165,True,False
698100,8,1,485,401,True,False
698400,8,2,166,165,True,False
698400,8,2,485,401,True,False
698700,8,2,12,13,True,False
698700,8,2,166,165,True,False
699000,8,2,166,165,True,False
699300,8,2,12,13,True,False
699600,8,2,12,13,True,False
699600,8,2,166,165,True,False
699900,8,2,12,13,True,False
699900,8,2,485,401,True,False
699900,8,2,12,635,True,False
700200,8,2,12,13,True,False
700200,8,2,166,165,True,False
700500,8,2,166,165,True,False
700500,8,2,485,180,False,False
700800,8,2,166,165,True,False
700800,8,2,485,180,True,False
701400,8,2,485,180,True,False
701700,8,2,166,165,True,False
701700,8,2,485,180,True,False
702000,8,3,12,13,True,False
702000,8,3,166,165,True,False
702000,8,3,485,180,True,False
702300,8,3,166,165,True,False
702600,8,3,166,165,True,False
702600,8,3,485,180,True,False
702900,8,3,166,165,True,False
703200,8,3,166,165,True,False
703500,8,3,166,165,True,False
703500,8,3,485,180,True,False
703800,8,3,166,165,True,False
703800,8,3,485,180,True,False
704100,8,3,166,165,True,False
704100,8,3,485,180,True,False
704400,8,3,166,165,True,False
704400,8,3,485,180,False,False
704700,8,3,166,165,True,False
704700,8,3,485,180,True,False
705000,8,3,166,165,True,False
705000,8,3,485,180,True,False
705300,8,3,166,165,True,False
705300,8,3,485,180,True,False
705600,8,4,166,165,True,False
705600,8,4,485,180,True,False
705900,8,4,166,165,True,False
705900,8,4,485,180,True,False
706200,8,4,166,165,True,False
706200,8,4,485,180,True,False
706500,8,4,166,165,True,False
706500,8,4,485,180,True,False
706800,8,4,166,165,True,False
706800,8,4,12,635,False,False
707100,8,4,166,165,True,False
707100,8,4,485,180,True,False
707700,8,4,485,180,True,False
708000,8,4,12,13,True,False
708000,8,4,166,165,True,False
708000,8,4,485,180,True,False
708300,8,4,485,180,True,False
708600,8,4,12,13,True,False
708900,8,4,166,165,True,False
709200,8,5,12,13,True,False
709200,8,5,166,165,True,False
709500,8,5,12,13,True,False
709800,8,5,12,13,True,False
709800,8,5,166,165,True,False
710100,8,5,166,165,True,False
710400,8,5,166,165,True,False
710700,8,5,166,165,True,False
711000,8,5,166,165,True,False
711300,8,5,166,165,True,False
711600,8,5,166,165,True,False
711900,8,5,166,165,True,False
712200,8,5,166,165,True,False
713100,8,6,166,165,True,False
713400,8,6,166,165,True,False
713700,8,6,166,165,True,False
714000,8,6,166,165,True,False
714300,8,6,12,13,True,False
714300,8,6,166,165,True,False
714600,8,6,12,13,True,False
714600,8,6,166,165,True,False
714900,8,6,166,165,True,False
715200,8,6,166,165,True,False
715500,8,6,166,165,False,False
715800,8,6,166,165,True,False
716100,8,6,12,13,True,False
716100,8,6,166,165,True,False
716400,8,7,166,165,True,False
716700,8,7,166,165,True,False
717000,8,7,166,165,True,False
717300,8,7,166,165,True,False
717600,8,7,166,165,True,False
717900,8,7,166,165,True,False
718200,8,7,166,165,True,False
718500,8,7,12,13,True,False
718500,8,7,166,165,True,False
718800,8,7,166,165,False,False
719100,8,7,166,165,True,False
719400,8,7,166,165,True,False
719700,8,7,166,165,True,False
720000,8,8,166,165,True,False
720000,8,8,485,181,True,False
720300,8,8,12,13,True,False
720300,8,8,166,165,True,False
720300,8,8,485,181,True,False
720600,8,8,166,165,True,False
720600,8,8,485,181,True,False
720900,8,8,166,165,True,False
720900,8,8,485,181,True,False
721200,8,8,12,13,False,False
721200,8,8,166,165,True,False
721200,8,8,485,181,True,False
721200,8,8,485,260,True,False
721500,8,8,12,13,True,False
721500,8,8,166,165,True,False
721500,8,8,485,181,True,False
721800,8,8,166,165,True,False
721800,8,8,485,181,True,False
722100,8,8,12,13,True,False
722100,8,8,166,165,True,False
722400,8,8,166,165,True,False
722700,8,8,166,165,False,False
723000,8,8,485,465,True,False
723300,8,8,485,151,True,False
723300,8,8,485,228,True,False
723600,8,9,12,13,True,False
723600,8,9,485,449,True,False
723900,8,9,485,151,True,False
723900,8,9,485,449,True,False
724200,8,9,166,165,True,False
724500,8,9,12,13,True,False
724500,8,9,166,165,True,False
724500,8,9,485,228,True,False
724500,8,9,485,556,True,False
724800,8,9,166,165,True,False
724800,8,9,485,151,True,False
725100,8,9,485,228,True,False
725400,8,9,12,13,True,False
725400,8,9,166,165,True,False
725400,8,9,485,151,True,False
725400,8,9,485,228,True,False
725700,8,9,12,13,True,False
725700,8,9,166,165,True,False
725700,8,9,485,180,True,False
725700,8,9,485,228,True,False
726000,8,9,166,165,False,False
726000,8,9,485,180,True,False
726300,8,9,12,13,True,False
726300,8,9,166,165,True,False
726300,8,9,485,151,True,False
726300,8,9,485,180,True,False
726600,8,9,12,13,True,False
726600,8,9,485,151,True,False
726600,8,9,485,228,True,False
726900,8,9,12,13,True,False
726900,8,9,166,165,True,False
726900,8,9,485,151,True,False
726900,8,9,485,180,True,False
727200,8,10,12,13,True,False
727200,8,10,485,180,True,False
727200,8,10,485,556,True,False
727200,8,10,485,571,True,False
727500,8,10,12,13,True,False
727500,8,10,166,165,True,False
727800,8,10,12,13,True,False
727800,8,10,166,165,True,False
727800,8,10,485,151,True,False
727800,8,10,485,180,True,False
727800,8,10,485,556,True,False
728100,8,10,12,13,True,False
728100,8,10,485,449,True,False
728400,8,10,485,180,True,False
728700,8,10,12,13,True,False
728700,8,10,485,151,True,False
728700,8,10,485,180,True,False
728700,8,10,485,556,True,False
729000,8,10,485,180,True,False
729000,8,10,485,571,True,False
729300,8,10,166,308,True,False
729300,8,10,485,151,True,False
729300,8,10,485,556,True,False
729600,8,10,12,13,True,False
729600,8,10,485,151,True,False
729600,8,10,485,180,True,False
729900,8,10,166,405,True,False
729900,8,10,485,180,True,False
730200,8,10,485,180,True,False
730200,8,10,485,556,True,False
730200,8,10,485,571,True,False
730500,8,10,485,180,True,False
730800,8,11,485,151,True,False
730800,8,11,485,180,True,False
731100,8,11,166,415,True,False
731100,8,11,485,151,True,False
731100,8,11,485,180,True,False
731400,8,11,12,472,True,False
731400,8,11,485,571,True,False
731700,8,11,12,472,True,False
731700,8,11,485,151,True,False
731700,8,11,485,180,True,False
731700,8,11,485,571,True,False
732000,8,11,12,472,True,False
732000,8,11,485,180,True,False
732000,8,11,485,556,False,False
732000,8,11,485,578,True,False
732300,8,11,12,472,True,False
732300,8,11,485,180,True,False
732300,8,11,485,449,True,False
732600,8,11,166,291,True,False
732900,8,11,485,90,True,False
732900,8,11,485,180,True,False
732900,8,11,485,571,True,False
733200,8,11,483,109,True,False
733200,8,11,485,180,True,False
733200,8,11,485,571,True,False
733200,8,11,483,682,True,False
733500,8,11,485,180,True,False
733800,8,11,485,180,True,False
734100,8,11,483,6,True,False
734400,8,12,12,226,True,False
734700,8,12,485,180,True,False
735000,8,12,485,180,False,False
735000,8,12,483,536,True,False
735000,8,12,166,556,True,False
735300,8,12,485,179,True,False
735600,8,12,485,179,True,False
735600,8,12,485,180,True,False
736500,8,12,12,72,True,False
736800,8,12,166,688,True,False
737100,8,12,483,636,True,False
737400,8,12,166,196,True,False
737400,8,12,166,415,True,False
737400,8,12,483,555,True,False
737700,8,12,12,167,True,False
737700,8,12,12,170,True,False
737700,8,12,166,196,False,False
737700,8,12,166,405,True,False
737700,8,12,483,555,True,False
737700,8,12,166,688,False,False
738000,8,13,12,25,False,False
738000,8,13,12,155,True,False
738000,8,13,12,170,True,False
738000,8,13,12,244,True,False
738000,8,13,166,405,True,False
738000,8,13,12,462,True,False
738000,8,13,12,508,True,False
738000,8,13,483,508,True,False
738000,8,13,12,555,True,False
738000,8,13,483,555,True,False
738000,8,13,12,645,True,False
738300,8,13,166,196,True,False
738300,8,13,12,244,True,False
738300,8,13,483,129,True,False
738300,8,13,483,244,True,False
738300,8,13,483,508,True,False
738300,8,13,483,555,True,False
738300,8,13,483,561,True,False
738300,8,13,12,645,True,False
738300,8,13,166,688,True,False
738600,8,13,12,244,True,False
738600,8,13,166,405,True,False
738600,8,13,483,508,True,False
738600,8,13,483,555,True,False
738600,8,13,12,645,False,False
738600,8,13,166,688,False,False
738900,8,13,12,155,True,False
738900,8,13,12,244,True,False
738900,8,13,166,287,True,False
738900,8,13,166,405,True,False
738900,8,13,12,423,True,False
738900,8,13,483,129,True,False
738900,8,13,483,508,True,False
738900,8,13,166,536,True,False
738900,8,13,483,555,True,False
738900,8,13,12,645,True,False
738900,8,13,166,688,True,False
739200,8,13,12,25,True,False
739200,8,13,12,155,True,False
739200,8,13,12,170,True,False
739200,8,13,166,196,True,False
739200,8,13,12,244,True,False
739200,8,13,483,129,True,False
739200,8,13,12,555,True,False
739200,8,13,483,555,False,False
739200,8,13,12,645,True,False
739200,8,13,166,688,True,False
739500,8,13,12,155,True,False
739500,8,13,12,170,True,False
739500,8,13,12,244,True,False
739500,8,13,166,405,True,False
739500,8,13,483,55,True,False
739500,8,13,12,645,True,False
739500,8,13,166,688,True,False
739800,8,13,12,155,True,False
739800,8,13,166,196,True,False
739800,8,13,12,244,True,False
739800,8,13,166,405,True,False
739800,8,13,483,508,True,False
740100,8,13,12,244,True,False
740100,8,13,483,129,True,False
740100,8,13,12,508,True,False
740100,8,13,483,508,True,False
740100,8,13,483,555,True,False
740100,8,13,166,688,True,False
740400,8,13,483,129,True,False
740400,8,13,12,508,True,False
740400,8,13,483,508,True,False
740400,8,13,166,536,True,False
740400,8,13,483,555,True,False
740400,8,13,12,645,True,False
740700,8,13,12,155,True,False
740700,8,13,12,244,True,False
740700,8,13,483,129,True,False
740700,8,13,12,508,True,False
740700,8,13,483,508,True,False
740700,8,13,12,645,True,False
741000,8,13,12,25,True,False
741000,8,13,483,129,True,False
741000,8,13,483,508,True,False
741000,8,13,166,536,True,False
741000,8,13,483,555,False,False
741000,8,13,483,613,True,False
741000,8,13,12,645,True,False
741300,8,13,12,155,True,False
741300,8,13,12,508,True,False
741600,8,14,483,129,True,False
741900,8,14,12,155,True,False
741900,8,14,12,170,True,False
741900,8,14,12,244,True,False
741900,8,14,12,508,True,False
741900,8,14,483,555,True,False
741900,8,14,483,613,True,False
741900,8,14,12,645,False,False
742200,8,14,12,170,True,False
742200,8,14,12,244,True,False
742200,8,14,483,129,True,False
742200,8,14,483,508,True,False
742200,8,14,483,555,True,False
742200,8,14,12,645,True,False
742500,8,14,12,170,True,False
742500,8,14,12,244,True,False
742500,8,14,483,129,True,False
742500,8,14,483,508,True,False
742500,8,14,483,555,True,False
742800,8,14,12,170,True,False
742800,8,14,12,244,True,False
742800,8,14,483,129,True,False
742800,8,14,483,170,True,False
742800,8,14,12,508,True,False
742800,8,14,483,508,True,False
742800,8,14,483,555,True,False
742800,8,14,12,645,True,False
743100,8,14,12,170,True,False
743100,8,14,12,244,True,False
743100,8,14,483,129,True,False
743100,8,14,12,508,True,False
743100,8,14,483,508,True,False
743100,8,14,483,555,True,False
743100,8,14,12,645,True,False
743400,8,14,12,25,False,False
743400,8,14,12,170,True,False
743400,8,14,12,244,True,False
743400,8,14,483,129,False,False
743400,8,14,483,508,True,False
743400,8,14,12,645,True,False
743700,8,14,12,25,True,False
743700,8,14,12,244,True,False
743700,8,14,12,508,True,False
743700,8,14,483,508,True,False
744000,8,14,12,170,True,False
744000,8,14,12,508,True,False
744000,8,14,483,508,True,False
744000,8,14,483,555,True,False
744300,8,14,483,555,True,False
744600,8,14,12,25,True,False
744600,8,14,12,244,False,False
744600,8,14,166,438,True,False
744600,8,14,12,508,True,False
744600,8,14,483,508,True,False
744600,8,14,483,555,True,False
744900,8,14,12,155,True,False
744900,8,14,12,170,True,False
744900,8,14,12,244,True,False
744900,8,14,12,508,True,False
744900,8,14,483,508,True,False
744900,8,14,12,645,True,False
745200,8,15,12,25,True,False
745200,8,15,12,359,True,False
745200,8,15,483,561,True,False
745500,8,15,12,244,True,False
746100,8,15,483,106,True,False
746400,8,15,12,25,True,False
746400,8,15,12,244,True,False
746700,8,15,12,25,True,False
747000,8,15,12,25,True,False
747000,8,15,12,244,False,False
747000,8,15,166,415,True,False
747000,8,15,483,547,True,False
747300,8,15,12,25,True,False
747300,8,15,12,244,True,False
747300,8,15,483,520,True,False
747600,8,15,166,183,True,False
747600,8,15,12,244,True,False
747900,8,15,12,25,True,False
747900,8,15,12,244,True,False
748200,8,15,12,25,True,False
748200,8,15,12,244,True,False
748500,8,15,12,25,True,False
748500,8,15,12,244,True,False
748500,8,15,483,106,True,False
748800,8,16,12,25,True,False
748800,8,16,12,244,False,False
748800,8,16,483,575,True,False
749100,8,16,12,25,True,False
749100,8,16,166,165,True,False
749100,8,16,12,244,True,False
749400,8,16,12,25,True,False
749400,8,16,166,165,True,False
749400,8,16,12,244,True,False
749700,8,16,12,25,True,False
749700,8,16,12,244,True,False
750000,8,16,12,25,True,False
750000,8,16,166,165,True,False
750000,8,16,12,244,True,False
750000,8,16,483,55,True,False
750300,8,16,12,25,True,False
750300,8,16,166,165,True,False
750300,8,16,12,244,True,False
750600,8,16,12,25,True,False
750600,8,16,166,165,False,False
750600,8,16,12,244,True,False
750900,8,16,12,25,True,False
750900,8,16,12,244,True,False
751200,8,16,12,25,True,False
751200,8,16,12,244,True,False
751500,8,16,12,25,True,False
751500,8,16,12,244,True,False
751800,8,16,12,25,True,False
752100,8,16,12,25,True,False
752100,8,16,166,165,True,False
752400,8,17,12,25,True,False
752700,8,17,12,25,True,False
752700,8,17,12,244,True,False
753000,8,17,12,25,True,False
753000,8,17,166,165,True,False
753000,8,17,12,244,True,False
753000,8,17,485,180,True,False
753300,8,17,12,25,True,False
753300,8,17,12,244,True,False
753300,8,17,485,180,True,False
753600,8,17,166,165,True,False
753900,8,17,12,25,True,False
753900,8,17,12,244,False,False
754200,8,17,12,25,False,False
754200,8,17,12,244,True,False
754500,8,17,12,25,True,False
754500,8,17,12,244,True,False
754800,8,17,12,25,True,False
754800,8,17,166,52,True,False
754800,8,17,12,244,True,False
755100,8,17,12,25,True,False
755100,8,17,12,244,True,False
755400,8,17,12,25,False,False
755400,8,17,12,244,True,False
755700,8,17,12,25,True,False
755700,8,17,12,244,True,False
756000,8,18,12,25,True,False
756000,8,18,12,244,True,False
756300,8,18,12,25,True,False
763800,8,20,485,180,True,False
764700,8,20,12,461,True,False
765000,8,20,485,472,True,False
767700,8,21,12,13,True,False
768900,8,21,12,13,True,False
769500,8,21,12,13,True,False
770100,8,21,12,13,True,False
770400,8,22,12,13,True,False
770700,8,22,12,13,True,False
770700,8,22,12,461,True,False
771000,8,22,12,13,True,False
771300,8,22,12,13,True,False
771600,8,22,12,13,True,False
771600,8,22,12,461,True,False
771900,8,22,12,13,True,False
771900,8,22,485,472,True,False
772200,8,22,12,13,True,False
772200,8,22,12,461,True,False
772200,8,22,485,472,True,False
772500,8,22,12,13,True,False
772800,8,22,12,13,True,False
772800,8,22,12,461,True,False
773100,8,22,12,13,True,False
773400,8,22,12,13,True,False
773700,8,22,12,13,True,False
774000,8,23,12,13,True,False
774300,8,23,12,13,True,False
777600,9,0,485,180,True,False
777900,9,0,12,13,True,False
777900,9,0,485,180,True,False
778200,9,0,12,13,True,False
778200,9,0,485,180,True,False
778500,9,0,12,13,True,False
778500,9,0,485,180,True,False
778800,9,0,12,13,True,False
779100,9,0,12,13,True,False
779100,9,0,485,180,True,False
779700,9,0,12,13,True,False
780000,9,0,12,13,True,False
780000,9,0,485,180,True,False
780300,9,0,12,13,True,False
780300,9,0,485,180,True,False
780600,9,0,12,13,True,False
780600,9,0,485,180,True,False
780900,9,0,12,13,True,False
780900,9,0,485,180,True,False
781200,9,1,12,13,True,False
781200,9,1,485,180,True,False
781500,9,1,12,13,True,False
781800,9,1,12,13,True,False
782100,9,1,12,13,True,False
782100,9,1,166,165,True,False
782400,9,1,12,13,True,False
782700,9,1,12,13,True,True
783900,9,1,166,165,True,False
784200,9,1,166,165,True,False
784500,9,1,166,165,True,False
784800,9,2,166,165,True,False
785100,9,2,166,165,True,False
785400,9,2,166,165,True,False
785700,9,2,166,165,True,False
786000,9,2,166,165,True,False
786300,9,2,166,165,True,False
786600,9,2,166,165,False,False
786600,9,2,13,635,True,False
786900,9,2,166,165,True,False
787200,9,2,166,165,True,False
787500,9,2,166,165,True,False
787800,9,2,166,165,True,False
788100,9,2,166,165,True,False
788100,9,2,13,635,False,False
788400,9,3,166,165,True,False
788400,9,3,485,180,False,False
788700,9,3,166,165,True,False
789000,9,3,166,165,True,False
789300,9,3,166,165,True,False
789600,9,3,166,165,True,False
789900,9,3,166,165,True,False
790200,9,3,166,165,True,False
790500,9,3,166,165,True,False
790800,9,3,166,165,False,False
791100,9,3,166,165,True,False
791400,9,3,166,165,True,False
791700,9,3,166,165,True,False
792000,9,4,166,165,True,False
792300,9,4,166,165,True,False
792600,9,4,166,165,True,False
792900,9,4,166,165,True,False
793200,9,4,166,165,True,False
793500,9,4,166,165,True,False
793800,9,4,166,165,True,False
794100,9,4,166,165,True,False
794400,9,4,166,165,True,False
794700,9,4,166,165,True,False
795000,9,4,166,165,True,False
795300,9,4,166,165,True,False
795600,9,5,166,165,True,False
795900,9,5,166,165,True,False
796200,9,5,166,165,True,False
796500,9,5,166,165,False,True
798000,9,5,485,180,True,False
799500,9,6,485,180,True,False
805800,9,7,485,180,True,False
807600,9,8,485,180,True,False
808500,9,8,485,180,True,False
808800,9,8,485,179,True,False
808800,9,8,485,180,True,False
813000,9,9,485,182,True,False
813000,9,9,485,358,True,False
813300,9,9,485,81,True,False
813300,9,9,485,182,True,False
813300,9,9,485,658,True,False
813900,9,10,485,358,True,False
814200,9,10,485,358,True,False
815700,9,10,485,65,True,False
816600,9,10,485,90,True,False
816600,9,10,485,358,True,False
816900,9,10,485,358,True,False
817500,9,11,485,358,True,False
817800,9,11,485,182,True,False
817800,9,11,485,358,True,False
818100,9,11,485,182,True,False
818100,9,11,485,358,True,False
818400,9,11,485,182,True,False
818400,9,11,485,358,True,False
818700,9,11,485,182,True,False
818700,9,11,485,358,True,False
819000,9,11,485,182,True,False
819000,9,11,485,358,True,False
819300,9,11,485,182,True,False
819300,9,11,485,358,True,False
819600,9,11,485,182,True,False
819600,9,11,485,358,True,False
819900,9,11,485,358,True,False
820200,9,11,485,182,True,False
821700,9,12,485,179,True,False
822000,9,12,485,179,True,False
822300,9,12,485,179,True,False
823800,9,12,13,286,True,False
823800,9,12,13,421,True,False
824100,9,12,12,65,True,False
824100,9,12,13,286,True,False
824100,9,12,13,360,True,False
824400,9,13,13,52,True,False
824400,9,13,12,360,True,False
824700,9,13,12,52,True,False
824700,9,13,13,52,True,False
824700,9,13,13,244,True,False
824700,9,13,12,576,False,False
824700,9,13,13,576,True,False
824700,9,13,13,585,True,False
825000,9,13,12,52,True,False
825000,9,13,13,52,True,False
825000,9,13,12,244,True,False
825000,9,13,13,244,True,False
825000,9,13,12,576,True,False
825300,9,13,12,52,True,False
825300,9,13,13,52,True,False
825300,9,13,13,244,True,False
825600,9,13,12,52,True,False
825600,9,13,13,52,True,False
825600,9,13,13,244,True,False
825600,9,13,12,273,True,False
825600,9,13,12,576,True,False
825600,9,13,12,668,True,False
825900,9,13,12,52,True,False
825900,9,13,13,244,True,False
825900,9,13,12,576,True,False
826200,9,13,12,52,True,False
826200,9,13,13,52,True,False
826200,9,13,12,576,True,False
826500,9,13,13,52,True,False
826500,9,13,12,244,True,False
826500,9,13,485,90,True,False
826500,9,13,12,668,True,False
826800,9,13,13,49,False,False
826800,9,13,13,52,True,False
826800,9,13,12,244,True,False
826800,9,13,13,612,True,False
827100,9,13,13,52,False,False
827100,9,13,12,244,True,False
827100,9,13,13,275,True,False
827100,9,13,13,342,True,False
827400,9,13,13,52,True,False
827400,9,13,12,244,True,False
827400,9,13,485,90,True,False
827400,9,13,13,585,False,False
827700,9,13,12,52,True,False
827700,9,13,13,52,False,False
827700,9,13,485,90,True,False
827700,9,13,12,547,True,False
828000,9,14,12,52,False,False
828000,9,14,13,52,True,False
828000,9,14,13,244,True,False
828000,9,14,485,90,True,False
828300,9,14,12,52,True,False
828600,9,14,12,52,True,False
828600,9,14,485,521,True,False
828600,9,14,13,668,True,False
828900,9,14,12,52,True,False
829800,9,14,12,244,True,False
830400,9,14,12,244,True,False
830700,9,14,12,244,True,False
831000,9,14,12,244,False,False
833100,9,15,12,189,True,False
835200,9,16,12,189,True,False
839700,9,17,485,180,True,False
840000,9,17,485,180,True,False
840300,9,17,485,180,False,False
840300,9,17,13,542,True,False
840600,9,17,13,542,True,False
840900,9,17,485,180,True,False
840900,9,17,13,542,True,False
841200,9,17,13,542,True,False
841500,9,17,485,180,True,False
842100,9,17,485,180,True,False
842100,9,17,13,542,True,False
842400,9,18,13,542,True,False
842700,9,18,13,542,True,False
843000,9,18,13,542,True,False
843900,9,18,485,180,True,False
844200,9,18,485,180,True,False
845700,9,18,485,180,True,False
845700,9,18,13,542,True,False
846000,9,19,13,542,True,False
846300,9,19,13,542,True,False
846900,9,19,485,180,True,False
847200,9,19,485,180,True,False
847500,9,19,485,180,True,False
851100,9,20,485,180,True,False
851400,9,20,485,180,True,False
851700,9,20,485,180,True,False
852000,9,20,485,180,True,False
852900,9,20,485,180,True,False
853500,9,21,485,180,True,False
853500,9,21,12,492,True,False
853800,9,21,12,492,True,False
854100,9,21,485,180,True,False
854100,9,21,12,492,False,False
854400,9,21,485,180,True,False
854400,9,21,12,492,True,False
854700,9,21,485,180,True,False
854700,9,21,12,492,True,False
855000,9,21,12,11,True,False
855000,9,21,485,180,True,False
855000,9,21,12,492,True,False
855300,9,21,12,11,True,False
855300,9,21,485,180,True,False
855300,9,21,12,492,True,False
855600,9,21,12,492,True,False
855900,9,21,12,11,True,False
855900,9,21,12,492,True,False
856200,9,21,12,11,True,False
856200,9,21,12,492,True,False
856500,9,21,485,180,True,False
856500,9,21,12,492,True,False
856800,9,22,12,492,True,False
857100,9,22,485,180,True,False
857100,9,22,12,492,True,False
857400,9,22,12,492,True,False
857700,9,22,485,180,True,False
857700,9,22,12,492,True,False
858000,9,22,12,492,True,False
858300,9,22,12,11,True,False
858300,9,22,485,180,True,False
858300,9,22,12,492,True,False
858600,9,22,12,492,True,False
859200,9,22,485,180,True,False
859500,9,22,485,180,True,False
859800,9,22,485,180,True,False
859800,9,22,12,492,True,False
859800,9,22,485,666,True,False
860100,9,22,12,492,True,False
860400,9,23,485,180,True,False
860400,9,23,12,492,True,False
860700,9,23,485,180,True,False
860700,9,23,12,492,True,False
861000,9,23,12,492,True,False
861300,9,23,12,492,True,False
861600,9,23,485,180,True,False
861600,9,23,12,492,True,False
861900,9,23,485,180,True,False
861900,9,23,12,492,True,False
862200,9,23,12,492,True,False
862200,9,23,13,542,True,False
866700,10,0,165,473,True,False
870000,10,1,13,11,True,False
893100,10,8,13,54,True,False
893100,10,8,165,148,True,False
893400,10,8,13,269,True,False
893400,10,8,165,338,True,False
893400,10,8,13,475,True,False
893700,10,8,13,120,True,False
893700,10,8,13,475,True,False
894000,10,8,13,54,True,False
894300,10,8,13,54,True,False
894300,10,8,13,269,True,False
894300,10,8,13,403,True,False
894600,10,8,13,54,True,False
894600,10,8,13,475,True,False
894900,10,8,13,54,False,False
895200,10,8,165,338,True,False
895500,10,8,13,54,True,False
895500,10,8,165,338,True,False
895500,10,8,13,475,True,False
895800,10,8,165,338,True,False
895800,10,8,13,475,True,False
896100,10,8,13,54,True,False
896100,10,8,165,376,True,False
896100,10,8,13,412,True,False
896100,10,8,13,475,True,False
896400,10,9,165,338,True,False
897000,10,9,165,338,True,False
897300,10,9,165,338,True,False
897600,10,9,165,207,True,False
897600,10,9,13,637,True,False
897900,10,9,165,338,True,False
898200,10,9,165,338,True,False
898500,10,9,165,338,True,False
898800,10,9,165,338,True,False
899100,10,9,165,338,True,False
899700,10,9,165,383,True,False
900000,10,10,165,338,True,False
900300,10,10,165,338,True,False
900600,10,10,165,338,True,False
900900,10,10,165,79,True,False
901500,10,10,165,338,True,False
901800,10,10,165,338,True,False
907500,10,12,13,665,True,False
922500,10,16,165,228,True,False
926700,10,17,13,262,True,False
927000,10,17,13,262,True,False
927300,10,17,13,262,True,False
927600,10,17,13,262,True,False
930900,10,18,13,283,True,False
930900,10,18,13,492,True,False
931800,10,18,13,283,True,False
932100,10,18,13,492,True,False
932400,10,19,13,283,True,False
932400,10,19,13,492,False,False
932700,10,19,13,283,True,False
934800,10,19,13,283,False,False
935100,10,19,13,283,True,False
935400,10,19,13,283,True,False
936600,10,20,13,342,True,False
983700,11,9,13,11,True,False
994200,11,12,13,269,True,False
994500,11,12,13,269,True,False
994800,11,12,13,269,True,False
994800,11,12,13,405,True,False
995100,11,12,13,269,True,False
995100,11,12,13,682,True,False
995700,11,12,13,358,True,False
995700,11,12,13,682,True,False
996300,11,12,165,237,True,False
996600,11,12,165,30,True,False
996600,11,12,165,203,True,False
996600,11,12,13,527,True,False
996900,11,12,165,338,True,False
997500,11,13,165,192,True,False
997500,11,13,165,237,True,False
998100,11,13,165,30,True,False
998400,11,13,165,30,True,False
998400,11,13,165,237,True,False
998700,11,13,165,30,True,False
998700,11,13,165,237,True,False
999000,11,13,13,314,False,False
999000,11,13,13,567,True,False
999600,11,13,165,30,True,False
999600,11,13,165,203,True,False
999600,11,13,165,237,False,False
999600,11,13,13,341,True,False
999600,11,13,13,640,True,False
999900,11,13,165,30,True,False
999900,11,13,165,192,True,False
999900,11,13,165,203,True,False
999900,11,13,13,527,True,False
1001700,11,14,165,237,True,False
1002000,11,14,165,30,True,False
1002000,11,14,165,338,True,False
1002300,11,14,165,192,True,False
1002600,11,14,165,203,True,False
1002600,11,14,165,473,True,False
1002900,11,14,13,394,True,False
1004100,11,14,13,174,True,False
1004100,11,14,165,237,True,False
1004400,11,15,13,527,True,False
1004700,11,15,13,314,True,False
1004700,11,15,13,527,True,False
1005000,11,15,13,314,True,False
1005000,11,15,13,527,True,False
1005300,11,15,13,314,True,False
1005300,11,15,13,527,True,False
1005600,11,15,13,314,True,False
1005600,11,15,13,527,False,False
1006200,11,15,13,314,False,False
1006200,11,15,13,527,True,False
1006500,11,15,13,527,True,False
1007100,11,15,13,527,True,False
1007400,11,15,13,527,True,False
1007700,11,15,13,527,True,False
1008000,11,16,13,314,False,False
1008000,11,16,13,527,True,False
1008300,11,16,13,314,False,False
1008300,11,16,13,527,True,False
1008600,11,16,13,527,True,False
1008900,11,16,13,527,True,False
1009200,11,16,13,314,True,False
1009200,11,16,13,527,True,False
1009500,11,16,13,527,True,False
1009800,11,16,13,314,True,False
1009800,11,16,13,527,True,False
1010100,11,16,13,527,True,False
1010400,11,16,13,237,True,False
1010400,11,16,13,527,True,False
1010700,11,16,13,527,True,False
1011000,11,16,13,527,True,False
1011300,11,16,13,527,True,False
1011600,11,17,13,527,True,False
1011900,11,17,13,314,True,False
1011900,11,17,13,527,True,False
1012200,11,17,13,314,True,False
1012200,11,17,13,527,True,False
1012500,11,17,13,527,False,False
1018200,11,18,13,461,True,False
1019400,11,19,165,216,True,False
1019700,11,19,165,216,True,False
1020300,11,19,165,216,True,False
1021500,11,19,13,11,True,False
1021800,11,19,13,492,True,False
1022100,11,19,13,492,True,False
1023000,11,20,13,461,True,False
1023600,11,20,13,461,True,False
1023900,11,20,13,461,False,False
1074900,12,10,13,222,False,False
1074900,12,10,165,473,True,False
1075200,12,10,13,222,False,False
1075500,12,10,13,222,True,False
1075800,12,10,13,222,True,False
1075800,12,10,13,269,True,False
1075800,12,10,13,444,True,False
1076100,12,10,13,222,True,False
1076400,12,11,13,222,True,False
1076400,12,11,13,444,False,False
1076700,12,11,13,222,True,False
1076700,12,11,13,267,True,False
1076700,12,11,13,444,True,False
1077000,12,11,13,222,True,False
1077300,12,11,13,222,True,False
1077300,12,11,13,402,True,False
1077300,12,11,13,444,True,False
1077600,12,11,13,222,True,False
1077900,12,11,13,222,True,False
1077900,12,11,13,486,True,False
1078200,12,11,13,222,True,False
1078500,12,11,13,222,True,False
1078500,12,11,13,444,False,False
1079100,12,11,13,222,True,False
1079100,12,11,13,444,True,False
1079400,12,11,13,222,True,False
1079400,12,11,13,269,True,False
1079400,12,11,13,444,True,False
1081200,12,12,13,64,True,False
1082400,12,12,13,35,True,False
1082400,12,12,13,179,True,False
1082400,12,12,13,180,True,False
1082400,12,12,13,230,True,False
1082400,12,12,13,294,True,False
1082700,12,12,13,468,True,False
1083600,12,13,13,452,False,False
1083600,12,13,13,610,True,False
1083900,12,13,13,52,True,False
1083900,12,13,13,194,True,False
1083900,12,13,13,452,False,False
1083900,12,13,13,489,True,False
1083900,12,13,13,505,True,False
1084200,12,13,13,194,True,False
1085100,12,13,13,192,True,False
1085100,12,13,13,294,True,False
1085400,12,13,166,263,True,False
1085400,12,13,13,294,True,False
1085700,12,13,13,194,True,False
1085700,12,13,13,294,True,False
1086000,12,13,13,194,True,False
1086000,12,13,13,294,True,False
1086300,12,13,13,311,True,False
1086900,12,13,13,296,True,False
1086900,12,13,13,308,True,False
1086900,12,13,13,583,True,False
1087200,12,14,13,296,True,False
1087200,12,14,13,665,True,False
1087500,12,14,13,294,True,False
1087800,12,14,13,294,True,False
1088100,12,14,166,677,True,False
1088400,12,14,13,294,True,False
1089300,12,14,13,180,True,False
1089300,12,14,13,326,True,False
1089300,12,14,166,378,True,False
1089300,12,14,166,405,False,False
1089600,12,14,166,405,True,False
1089600,12,14,166,595,True,False
1089600,12,14,166,682,True,False
1089900,12,14,166,101,True,False
1089900,12,14,13,263,True,False
1089900,12,14,13,378,True,False
1089900,12,14,166,378,True,False
1089900,12,14,166,405,True,False
1089900,12,14,166,688,True,False
1090200,12,14,13,263,True,False
1090200,12,14,165,424,True,False
1090500,12,14,166,405,True,False
1090500,12,14,165,424,True,False
1090500,12,14,166,682,True,False
1090800,12,15,166,405,True,False
1090800,12,15,166,682,True,False
1092300,12,15,13,308,True,False
1092300,12,15,13,585,False,False
1092600,12,15,13,608,True,False
1092600,12,15,166,700,True,False
1092900,12,15,13,231,True,False
1093200,12,15,13,101,True,False
1093200,12,15,13,231,True,False
1093500,12,15,166,700,True,False
1094400,12,16,13,433,True,False
1095600,12,16,13,677,True,False
1095900,12,16,13,101,True,False
1096200,12,16,13,291,True,False
1096200,12,16,13,364,True,False
1096200,12,16,13,583,True,False
1096500,12,16,13,73,True,False
1096500,12,16,13,136,True,False
1096800,12,16,13,50,True,False
1096800,12,16,13,109,True,False
1096800,12,16,13,288,True,False
1096800,12,16,13,308,True,False
1097100,12,16,13,283,True,False
1097100,12,16,13,288,True,False
1097100,12,16,13,308,True,False
1097700,12,16,13,109,True,False
1098000,12,17,13,109,True,False
1098000,12,17,13,308,True,False
1098000,12,17,13,405,True,False
1098000,12,17,13,457,True,False
1098000,12,17,13,688,True,False
1098300,12,17,13,308,True,False
1098600,12,17,13,109,True,False
1098600,12,17,13,288,True,False
1098600,12,17,13,308,True,False
1098900,12,17,13,96,True,False
1098900,12,17,13,512,True,False
1099200,12,17,13,308,True,False
1099500,12,17,13,25,True,False
1099500,12,17,13,288,True,False
1099500,12,17,13,308,True,False
1099800,12,17,13,308,True,False
1100100,12,17,13,109,True,False
1100100,12,17,13,192,True,False
1100100,12,17,13,308,True,False
1100400,12,17,13,96,True,False
1100400,12,17,13,308,True,False
1100400,12,17,13,311,True,False
1100400,12,17,13,470,True,False
1100400,12,17,13,682,True,False
1100400,12,17,13,688,True,False
1100700,12,17,13,470,True,False
1100700,12,17,13,688,True,False
1101600,12,18,13,358,True,False
1101900,12,18,13,358,False,False
1102200,12,18,13,294,True,False
1102500,12,18,13,405,True,False
1102800,12,18,13,190,True,False
1103100,12,18,13,25,True,False
1103400,12,18,13,25,True,False
1103400,12,18,13,197,True,False
1104600,12,18,166,207,True,False
1104900,12,18,166,207,True,False
1105200,12,19,166,207,True,False
1105500,12,19,166,207,True,False
1105800,12,19,166,207,True,False
1106100,12,19,166,207,True,False
1106400,12,19,166,207,True,False
1107000,12,19,166,207,True,False
1107000,12,19,165,220,True,False
1107300,12,19,166,207,True,False
1107600,12,19,166,207,True,False
1107900,12,19,166,207,False,False
1108200,12,19,166,359,False,False
1132200,13,2,166,207,True,False
1132500,13,2,166,207,True,False
1132800,13,2,166,207,True,False
1133400,13,2,166,207,True,False
1133700,13,2,166,207,True,False
1134000,13,3,166,207,True,False
1134300,13,3,166,207,True,False
1134600,13,3,166,207,True,False
1134900,13,3,166,207,True,False
1135200,13,3,166,207,True,False
1135500,13,3,166,207,True,False
1135800,13,3,166,207,False,False
1136100,13,3,166,207,True,False
1136400,13,3,166,207,True,False
1136700,13,3,166,207,True,False
1137000,13,3,166,207,True,False
1137300,13,3,166,207,True,False
1137600,13,4,166,207,True,False
1137900,13,4,166,207,True,False
1138500,13,4,166,207,True,False
1138800,13,4,166,207,True,False
1139100,13,4,166,207,True,False
1139400,13,4,166,207,True,False
1140000,13,4,166,207,True,False
1160400,13,10,166,78,True,False
1203000,13,22,13,461,True,False
1261500,14,14,165,340,True,False
1331700,15,9,166,196,True,False
1331700,15,9,165,280,True,False
1332000,15,10,166,308,True,False
1332300,15,10,166,287,True,False
1332600,15,10,166,196,True,False
1332600,15,10,166,308,True,False
1332900,15,10,166,196,True,False
1332900,15,10,166,287,True,False
1332900,15,10,166,308,True,False
1333200,15,10,166,196,True,False
1333200,15,10,166,308,True,False
1333500,15,10,166,308,True,False
1333800,15,10,166,196,True,False
1333800,15,10,166,308,True,False
1333800,15,10,166,688,True,False
1334100,15,10,166,308,True,False
1334700,15,10,165,522,True,False
1335000,15,10,166,196,True,False
1335000,15,10,166,272,True,False
1335300,15,10,166,196,True,False
1337400,15,11,166,196,False,False
1337700,15,11,166,308,True,False
1337700,15,11,166,389,True,False
1338000,15,11,166,383,True,False
1338000,15,11,166,415,True,False
1338300,15,11,13,15,True,False
1338300,15,11,13,100,True,False
1338300,15,11,166,383,True,False
1338300,15,11,13,416,True,False
1338300,15,11,13,509,True,False
1338300,15,11,13,615,True,False
1338600,15,11,13,15,True,False
1338600,15,11,13,100,True,False
1338600,15,11,166,383,True,False
1338600,15,11,13,615,True,False
1338900,15,11,13,15,True,False
1338900,15,11,13,100,True,False
1338900,15,11,166,383,True,False
1338900,15,11,13,416,True,False
1338900,15,11,13,615,True,False
1338900,15,11,166,682,True,False
1339200,15,12,13,158,True,False
1339200,15,12,13,272,True,False
1339200,15,12,166,383,True,False
1339200,15,12,166,415,True,False
1339200,15,12,13,416,True,False
1339200,15,12,13,536,True,False
1339200,15,12,13,644,True,False
1339200,15,12,166,682,True,False
1339500,15,12,13,178,True,False
1339500,15,12,13,196,True,False
1339500,15,12,13,272,True,False
1340100,15,12,166,688,True,False
1340400,15,12,13,527,True,False
1340400,15,12,166,688,False,False
1340700,15,12,13,527,True,False
1341300,15,12,13,314,True,False
1341300,15,12,13,527,True,False
1341600,15,12,165,145,True,False
1341600,15,12,13,527,True,False
1341600,15,12,166,688,True,False
1341900,15,12,166,688,True,False
1342200,15,12,166,688,True,False
1342500,15,12,165,30,True,False
1342500,15,12,165,154,True,False
1342500,15,12,13,224,True,False
1342500,15,12,165,233,True,False
1342500,15,12,166,536,True,False
1342500,15,12,166,688,False,False
1342800,15,13,13,22,True,False
1342800,15,13,165,30,True,False
1342800,15,13,165,154,True,False
1342800,15,13,13,314,True,False
1342800,15,13,166,688,True,False
1343100,15,13,165,30,True,False
1343100,15,13,165,154,True,False
1343100,15,13,166,688,True,False
1343400,15,13,165,30,True,False
1343400,15,13,165,154,True,False
1343400,15,13,165,198,True,False
1343400,15,13,165,233,True,False
1343700,15,13,165,30,True,False
1343700,15,13,165,233,True,False
1343700,15,13,165,311,True,False
1343700,15,13,166,536,True,False
1343700,15,13,166,688,True,False
1344000,15,13,165,30,True,False
1344300,15,13,165,30,True,False
1344300,15,13,165,233,True,False
1344300,15,13,165,416,True,False
1344600,15,13,165,30,True,False
1344600,15,13,165,311,True,False
1344900,15,13,165,30,True,False
1344900,15,13,165,233,True,False
1344900,15,13,166,688,True,False
1345200,15,13,165,30,True,False
1345500,15,13,165,344,True,False
1345500,15,13,166,688,True,False
1345800,15,13,165,154,True,False
1345800,15,13,13,224,True,False
1346100,15,13,13,283,True,False
1346100,15,13,166,688,True,False
1346400,15,14,166,536,True,False
1346400,15,14,166,688,True,False
1346700,15,14,166,688,True,False
1347000,15,14,166,688,False,False
1347300,15,14,166,688,True,False
1347600,15,14,166,688,True,False
1348200,15,14,166,405,True,False
1348200,15,14,166,688,True,False
1348500,15,14,13,403,False,False
1348500,15,14,166,405,True,False
1348500,15,14,13,676,True,False
1348500,15,14,166,688,True,False
1348800,15,14,166,405,True,False
1348800,15,14,166,688,False,False
1349100,15,14,13,403,False,False
1349100,15,14,166,405,True,False
1349100,15,14,166,688,True,False
1349400,15,14,13,403,True,False
1349400,15,14,166,688,True,False
1349700,15,14,13,92,True,False
1349700,15,14,13,403,True,False
1349700,15,14,166,405,True,False
1349700,15,14,166,688,True,False
1350000,15,15,13,403,True,False
1350000,15,15,166,405,True,False
1350000,15,15,166,688,True,False
1350300,15,15,13,403,True,False
1350300,15,15,166,405,False,False
1350300,15,15,166,688,True,False
1350600,15,15,13,403,True,False
1350600,15,15,166,405,True,False
1350600,15,15,166,688,True,False
1350900,15,15,13,403,True,False
1350900,15,15,166,405,True,False
1350900,15,15,166,688,False,False
1351200,15,15,13,92,True,False
1351500,15,15,13,403,True,False
1351500,15,15,166,405,True,False
1351800,15,15,13,403,True,False
1351800,15,15,166,405,True,False
1351800,15,15,166,688,True,False
1352100,15,15,166,405,True,False
1352400,15,15,13,403,True,False
1352400,15,15,166,405,True,False
1352400,15,15,166,415,True,False
1352700,15,15,13,403,True,False
1352700,15,15,166,405,True,False
1353300,15,15,166,405,True,False
1353300,15,15,166,688,True,False
1353600,15,16,166,405,True,False
1353600,15,16,166,688,True,False
1353900,15,16,13,403,True,False
1353900,15,16,166,405,True,False
1353900,15,16,166,688,True,False
1354200,15,16,13,403,True,False
1354200,15,16,166,405,True,False
1354200,15,16,166,688,True,False
1354500,15,16,13,403,True,False
1354500,15,16,166,405,True,False
1354500,15,16,166,688,True,False
1354800,15,16,166,405,True,False
1354800,15,16,166,688,True,False
1355100,15,16,166,688,True,False
1355400,15,16,166,688,True,False
1355700,15,16,166,688,True,False
1356000,15,16,13,268,True,False
1356000,15,16,166,512,True,False
1356000,15,16,166,688,True,False
1356300,15,16,13,52,True,False
1356300,15,16,166,688,True,False
1356600,15,16,13,52,True,False
1356600,15,16,166,688,True,False
1356900,15,16,13,52,True,False
1356900,15,16,166,688,True,False
1357200,15,17,13,52,True,False
1357200,15,17,166,688,True,False
1357500,15,17,13,268,True,False
1357800,15,17,13,268,True,False
1357800,15,17,13,280,True,False
1357800,15,17,166,688,True,False
1358100,15,17,13,268,True,False
1358100,15,17,166,688,True,False
1358400,15,17,13,268,True,False
1358400,15,17,166,688,True,False
1358700,15,17,13,268,True,False
1359000,15,17,13,268,True,False
1359000,15,17,166,512,True,False
1359000,15,17,166,688,True,False
1359300,15,17,13,268,True,False
1359300,15,17,166,688,True,False
1359600,15,17,13,268,True,False
1360200,15,17,13,268,True,False
1360500,15,17,13,268,True,False
1360500,15,17,13,521,True,False
1361400,15,18,13,268,True,False
1362000,15,18,13,268,True,False
1362300,15,18,13,268,False,False
1362600,15,18,13,268,True,False
1365000,15,19,13,11,True,False
1365600,15,19,13,461,True,False
1414800,16,9,166,272,True,False
1415400,16,9,166,272,True,False
1416300,16,9,166,272,True,False
1416600,16,9,166,272,True,False
1416900,16,9,166,272,True,False
1417200,16,9,166,272,True,False
1417500,16,9,166,272,True,False
1417800,16,9,166,272,True,False
1418100,16,9,166,272,True,False
1418100,16,9,166,543,True,False
1418400,16,10,166,272,True,False
1418700,16,10,166,272,True,False
1419300,16,10,166,272,True,False
1419900,16,10,166,272,True,False
1420500,16,10,166,272,True,False
1420800,16,10,166,272,True,False
1421100,16,10,166,272,True,False
1421400,16,10,166,272,True,False
1421700,16,10,166,272,True,False
1422000,16,11,166,272,True,False
1422300,16,11,166,272,True,False
1423500,16,11,166,272,True,False
1423800,16,11,166,272,True,False
1424100,16,11,166,272,True,False
1424400,16,11,166,272,True,False
1424700,16,11,166,272,True,False
1426200,16,12,13,269,True,False
1426200,16,12,165,539,True,False
1426500,16,12,13,267,True,False
1426500,16,12,13,269,True,False
1426800,16,12,13,122,True,False
1428900,16,12,13,432,True,False
1429500,16,13,13,52,True,False
1429500,16,13,13,422,True,False
1429500,16,13,13,547,True,False
1429800,16,13,13,52,False,False
1429800,16,13,13,422,True,False
1430100,16,13,13,52,True,False
1430100,16,13,13,422,True,False
1430400,16,13,13,52,True,False
1430400,16,13,13,422,True,False
1430700,16,13,13,52,True,False
1430700,16,13,13,422,True,False
1431000,16,13,13,52,True,False
1431000,16,13,13,422,True,False
1431000,16,13,13,668,True,False
1431300,16,13,13,52,False,False
1431300,16,13,13,422,True,False
1431600,16,13,13,52,True,False
1431600,16,13,13,422,True,False
1431900,16,13,13,52,True,False
1431900,16,13,13,422,True,False
1432200,16,13,13,49,True,False
1432200,16,13,13,52,True,False
1432200,16,13,13,401,True,False
1432200,16,13,13,422,True,False
1432200,16,13,13,470,True,False
1432200,16,13,13,549,True,False
1432500,16,13,13,422,True,False
1432500,16,13,13,549,True,False
1432800,16,14,13,52,True,False
1432800,16,14,13,422,True,False
1433100,16,14,13,52,True,False
1433400,16,14,13,52,True,False
1433400,16,14,13,422,False,False
1433700,16,14,13,52,True,False
1434000,16,14,13,52,True,False
1434000,16,14,13,422,True,False
1434300,16,14,13,52,True,False
1434300,16,14,13,422,True,False
1434600,16,14,13,52,True,False
1434600,16,14,13,422,True,False
1434900,16,14,13,52,True,False
1434900,16,14,13,422,True,False
1434900,16,14,13,585,True,False
1435200,16,14,13,52,True,False
1435500,16,14,13,52,True,False
1435500,16,14,13,422,True,False
1435800,16,14,13,422,False,False
1436400,16,15,13,189,True,False
1436700,16,15,13,52,True,False
1437000,16,15,13,52,False,False
1437300,16,15,13,52,True,False
1437600,16,15,13,52,True,False
1437600,16,15,13,384,True,False
1437900,16,15,13,52,True,False
1438200,16,15,13,52,True,False
1438500,16,15,13,52,True,False
1438800,16,15,13,52,True,False
1439100,16,15,13,52,True,False
1439400,16,15,13,52,False,False
1439700,16,15,13,52,True,False
1440000,16,16,13,52,True,False
1440300,16,16,13,52,True,False
1440600,16,16,13,52,True,False
1440900,16,16,13,52,True,False
1441200,16,16,13,52,True,False
1450200,16,18,165,190,True,False
1451100,16,19,13,11,True,False
1451400,16,19,13,11,True,False
1451700,16,19,13,11,True,False
1452000,16,19,13,11,True,False
1452600,16,19,13,492,True,False
1452900,16,19,13,492,True,False
1453200,16,19,13,492,True,False
1453500,16,19,13,492,True,False
1453800,16,19,13,492,True,False
1454100,16,19,13,492,False,False
1454400,16,20,13,492,True,False
1454700,16,20,13,492,True,False
1455000,16,20,13,492,True,False
1455300,16,20,13,492,True,False
1460700,16,21,166,190,True,False
1461300,16,21,166,190,True,False
1464300,16,22,166,190,True,False
1465200,16,23,166,190,True,False
1465500,16,23,166,190,True,False
1465800,16,23,166,401,True,False
1466100,16,23,166,243,True,False
1466100,16,23,166,297,True,False
1466100,16,23,166,401,True,False
1466400,16,23,166,373,True,False
1467000,16,23,166,512,True,False
1467300,16,23,166,512,True,False
1467600,16,23,166,560,True,False
1467900,16,23,166,221,True,False
1467900,16,23,166,297,True,False
1467900,16,23,166,666,True,False
1468200,16,23,166,47,True,False
