time,day,hour,infected,exposed,masked,infection_occured
-1,-1,-1,-1,12,False,True
0,0,0,12,244,True,False
0,0,0,12,454,True,False
300,0,0,12,244,False,False
600,0,0,12,244,True,False
600,0,0,12,454,True,False
1500,0,0,12,244,True,False
1500,0,0,12,454,False,False
1800,0,0,12,244,False,False
4200,0,1,12,244,True,False
4200,0,1,12,454,True,False
4500,0,1,12,244,True,False
4800,0,1,12,244,True,False
6000,0,1,12,454,False,False
7200,0,2,12,244,True,False
7500,0,2,12,244,True,False
10800,0,3,12,244,False,False
11100,0,3,12,244,True,False
11400,0,3,12,244,True,False
39600,0,11,12,11,True,False
51900,0,14,12,11,True,False
54600,0,15,12,492,True,False
54900,0,15,12,492,True,False
55200,0,15,12,492,True,False
55500,0,15,12,492,True,False
55800,0,15,12,13,False,False
55800,0,15,12,492,True,False
56100,0,15,12,13,True,False
56100,0,15,12,492,False,False
56400,0,15,12,13,True,False
56700,0,15,12,13,False,False
56700,0,15,12,492,True,False
57000,0,15,12,13,True,False
57000,0,15,12,492,True,False
57300,0,15,12,13,True,False
57300,0,15,12,461,True,False
57600,0,16,12,13,False,False
57600,0,16,12,492,True,False
57900,0,16,12,13,True,False
57900,0,16,12,492,True,False
58200,0,16,12,13,True,False
58200,0,16,12,492,True,False
58500,0,16,12,13,False,False
58800,0,16,12,13,True,False
58800,0,16,12,492,False,False
59100,0,16,12,492,True,False
59400,0,16,12,492,True,False
63300,0,17,12,13,True,False
63600,0,17,12,13,True,False
66600,0,18,12,13,True,False
69600,0,19,12,13,True,False
70200,0,19,12,11,True,False
71700,0,19,12,13,True,False
72900,0,20,12,13,True,False
73500,0,20,12,13,True,False
74100,0,20,12,13,False,False
74700,0,20,12,13,True,False
74700,0,20,12,461,True,False
75000,0,20,12,13,True,False
75300,0,20,12,13,True,False
75600,0,21,12,13,True,False
75900,0,21,12,13,True,False
76200,0,21,12,13,True,False
76500,0,21,12,13,True,False
80700,0,22,12,13,False,False
83700,0,23,12,11,False,False
84000,0,23,12,11,True,False
86400,1,0,12,13,True,False
86700,1,0,12,13,True,False
88500,1,0,12,13,False,False
88800,1,0,12,13,False,False
89100,1,0,12,13,True,False
95100,1,2,12,13,True,False
96000,1,2,12,13,True,False
97800,1,3,12,13,True,False
98100,1,3,12,13,True,False
98400,1,3,12,13,False,False
98700,1,3,12,13,True,False
117000,1,8,12,13,True,False
117300,1,8,12,13,True,False
117600,1,8,12,13,True,False
123000,1,10,12,13,True,False
123300,1,10,12,13,True,False
123600,1,10,12,13,True,False
124200,1,10,12,13,False,False
130800,1,12,12,13,True,False
131400,1,12,12,13,True,False
132900,1,12,12,317,True,False
133200,1,13,12,244,False,False
133200,1,13,12,317,True,False
133500,1,13,12,317,True,False
133800,1,13,12,423,True,False
134100,1,13,12,25,True,False
134100,1,13,12,244,True,False
134100,1,13,12,423,True,False
134400,1,13,12,25,True,False
134400,1,13,12,244,False,False
134400,1,13,12,317,False,False
134400,1,13,12,423,False,False
134700,1,13,12,25,True,False
134700,1,13,12,215,False,False
134700,1,13,12,244,True,False
134700,1,13,12,317,True,False
135000,1,13,12,244,True,False
135000,1,13,12,317,True,False
135300,1,13,12,215,False,False
135300,1,13,12,244,True,False
135300,1,13,12,317,False,False
135600,1,13,12,244,True,False
135600,1,13,12,317,False,False
135900,1,13,12,215,True,False
135900,1,13,12,317,False,False
136200,1,13,12,14,True,False
136800,1,14,12,244,False,False
136800,1,14,12,317,True,False
136800,1,14,12,423,True,False
137100,1,14,12,244,True,False
137400,1,14,12,244,True,False
137700,1,14,12,317,True,False
137700,1,14,12,423,True,False
138000,1,14,12,317,False,False
138000,1,14,12,423,False,False
138300,1,14,12,317,True,False
138600,1,14,12,244,True,False
138600,1,14,12,317,True,False
138600,1,14,12,423,True,False
138900,1,14,12,244,True,False
138900,1,14,12,317,True,False
138900,1,14,12,423,False,False
139200,1,14,12,244,True,False
139200,1,14,12,317,True,False
139500,1,14,12,317,True,False
139800,1,14,12,317,True,False
139800,1,14,12,423,True,False
140100,1,14,12,244,False,False
140400,1,15,12,25,True,False
140400,1,15,12,613,True,False
140400,1,15,12,642,False,False
140700,1,15,12,25,True,False
140700,1,15,12,244,True,False
141000,1,15,12,25,False,False
141000,1,15,12,244,True,False
141300,1,15,12,25,True,False
141300,1,15,12,244,True,False
141600,1,15,12,25,False,False
141600,1,15,12,244,False,False
141900,1,15,12,25,True,False
141900,1,15,12,244,True,False
142200,1,15,12,244,True,False
142500,1,15,12,25,True,False
142800,1,15,12,25,False,False
142800,1,15,12,244,True,False
143100,1,15,12,25,True,False
143100,1,15,12,244,True,False
143700,1,15,12,25,True,False
143700,1,15,12,244,True,False
144000,1,16,12,244,True,False
144300,1,16,12,244,True,False
144600,1,16,12,25,True,False
144600,1,16,12,244,True,False
144900,1,16,12,244,True,False
145200,1,16,12,25,True,False
145200,1,16,12,244,False,False
145500,1,16,12,25,False,False
145500,1,16,12,244,True,False
145800,1,16,12,244,True,False
146100,1,16,12,25,True,False
146100,1,16,12,244,True,False
146400,1,16,12,25,True,False
146400,1,16,12,244,True,False
146700,1,16,12,25,True,False
146700,1,16,12,244,True,False
147000,1,16,12,25,True,False
147000,1,16,12,244,True,False
147300,1,16,12,244,True,False
147900,1,17,12,25,True,False
147900,1,17,12,244,False,False
148200,1,17,12,25,True,False
148200,1,17,12,244,True,False
148800,1,17,12,244,True,False
168900,1,22,12,13,False,False
168900,1,22,12,492,True,False
169500,1,23,12,13,True,False
171600,1,23,12,13,True,False
171900,1,23,12,13,True,False
172200,1,23,12,13,True,False
172500,1,23,12,13,True,False
172800,2,0,12,13,True,False
173100,2,0,12,13,True,False
173700,2,0,12,13,True,False
174000,2,0,12,13,True,False
174600,2,0,12,13,False,False
175200,2,0,12,13,True,False
176100,2,0,12,13,False,False
177600,2,1,12,13,True,False
177900,2,1,12,13,True,False
179400,2,1,12,13,True,False
181200,2,2,12,11,True,False
184800,2,3,12,13,True,False
187200,2,4,12,13,False,False
189300,2,4,12,13,True,False
190500,2,4,12,13,True,False
191700,2,5,12,13,True,False
192300,2,5,12,13,True,False
201300,2,7,12,13,True,False
201600,2,8,12,13,False,False
201900,2,8,12,13,True,False
202200,2,8,12,13,True,False
202500,2,8,12,13,True,False
204900,2,8,12,13,True,False
205500,2,9,12,13,True,False
206100,2,9,12,13,True,False
206400,2,9,12,13,True,False
206400,2,9,12,492,True,False
207300,2,9,12,13,False,False
207600,2,9,12,13,True,False
226500,2,14,12,492,False,False
236700,2,17,12,492,True,False
237000,2,17,12,492,False,False
237600,2,18,12,492,True,False
243900,2,19,12,13,False,False
244200,2,19,12,13,True,False
244500,2,19,12,13,False,False
244800,2,20,12,13,True,False
245700,2,20,12,13,True,False
246900,2,20,12,13,True,False
247500,2,20,12,13,True,False
247800,2,20,12,13,True,False
248100,2,20,12,13,True,False
248400,2,21,12,13,True,False
248700,2,21,12,13,True,False
249000,2,21,12,13,True,False
254700,2,22,12,13,False,False
255000,2,22,12,13,False,False
255900,2,23,12,13,True,False
256800,2,23,12,13,False,False
274800,3,4,12,13,True,False
279000,3,5,12,13,True,False
279300,3,5,12,13,True,False
279600,3,5,12,13,True,False
280800,3,6,12,13,True,False
281100,3,6,12,13,True,False
281400,3,6,12,13,True,False
281700,3,6,12,13,True,False
282000,3,6,12,13,True,False
282300,3,6,12,13,False,False
282600,3,6,12,13,True,False
282900,3,6,12,13,True,False
283200,3,6,12,13,True,False
283500,3,6,12,13,True,False
283800,3,6,12,13,True,False
284100,3,6,12,13,True,False
284400,3,7,12,13,True,False
284700,3,7,12,13,False,False
285000,3,7,12,13,True,False
285300,3,7,12,13,True,False
285600,3,7,12,13,False,False
285900,3,7,12,13,False,False
320700,3,17,12,13,True,False
321000,3,17,12,13,True,False
321600,3,17,12,13,True,False
323700,3,17,12,13,True,False
324000,3,18,12,13,True,False
324300,3,18,12,13,True,False
324900,3,18,12,13,True,False
325200,3,18,12,13,True,False
325500,3,18,12,13,True,False
325800,3,18,12,13,False,False
326100,3,18,12,13,True,False
326400,3,18,12,13,True,False
327300,3,18,12,13,True,False
327600,3,19,12,13,False,False
327900,3,19,12,13,True,False
328200,3,19,12,13,True,False
328800,3,19,12,13,True,False
329700,3,19,12,13,True,False
330300,3,19,12,13,True,False
330900,3,19,12,13,True,False
331500,3,20,12,13,True,False
331800,3,20,12,13,True,False
332100,3,20,12,13,True,False
334200,3,20,12,13,True,False
335100,3,21,12,13,True,False
335700,3,21,12,13,True,False
336900,3,21,12,13,True,False
337200,3,21,12,13,False,False
337500,3,21,12,13,True,False
339000,3,22,12,13,True,False
345000,3,23,12,13,True,False
345900,4,0,12,13,True,False
348000,4,0,12,13,True,False
348900,4,0,12,13,True,False
350100,4,1,12,13,True,False
351600,4,1,12,13,True,False
352200,4,1,12,13,True,False
354900,4,2,12,13,True,False
361800,4,4,12,13,True,False
367200,4,6,12,13,False,False
367500,4,6,12,13,False,False
367500,4,6,12,448,True,False
367800,4,6,12,13,True,False
370800,4,7,12,13,True,False
371100,4,7,12,13,True,False
371400,4,7,12,13,False,False
371700,4,7,12,13,True,False
372000,4,7,12,13,True,False
372600,4,7,12,13,True,False
374400,4,8,12,244,True,False
374700,4,8,12,170,True,False
374700,4,8,12,244,True,False
374700,4,8,12,264,True,False
374700,4,8,12,555,False,False
375000,4,8,12,244,False,False
375300,4,8,12,244,True,False
375600,4,8,12,244,True,False
375900,4,8,12,244,True,False
376200,4,8,12,244,True,False
376500,4,8,12,244,True,False
376800,4,8,12,244,False,False
376800,4,8,12,349,False,False
377100,4,8,12,244,True,False
377400,4,8,12,244,False,False
377700,4,8,12,216,False,False
377700,4,8,12,244,False,False
378000,4,9,12,244,True,False
378300,4,9,12,244,True,False
379200,4,9,12,244,True,False
379500,4,9,12,244,True,False
379800,4,9,12,244,True,False
380100,4,9,12,105,False,False
380100,4,9,12,244,False,False
380400,4,9,12,244,False,False
380400,4,9,12,349,False,False
380700,4,9,12,244,True,False
380700,4,9,12,349,False,False
381000,4,9,12,244,True,False
381000,4,9,12,349,True,False
381300,4,9,12,244,True,False
381300,4,9,12,302,True,False
381300,4,9,12,349,True,False
381600,4,10,12,244,True,False
381600,4,10,12,349,False,False
381900,4,10,12,244,True,False
381900,4,10,12,349,False,False
382200,4,10,12,244,True,False
382500,4,10,12,105,False,False
382500,4,10,12,244,True,False
382500,4,10,12,349,True,False
382800,4,10,12,244,True,False
383400,4,10,12,25,True,False
383400,4,10,12,155,True,False
383400,4,10,12,243,True,False
383400,4,10,12,264,False,False
383400,4,10,12,555,True,False
383700,4,10,12,25,True,False
384000,4,10,12,25,True,False
384300,4,10,12,25,True,False
384600,4,10,12,25,True,False
384900,4,10,12,25,False,False
385200,4,11,12,25,False,False
385500,4,11,12,25,False,False
385800,4,11,12,25,True,False
385800,4,11,12,244,False,False
386100,4,11,12,555,True,False
386400,4,11,12,25,True,False
386400,4,11,12,264,False,False
386700,4,11,12,25,True,False
386700,4,11,12,264,True,False
387000,4,11,12,25,False,False
387000,4,11,12,244,True,False
387000,4,11,12,483,True,False
387300,4,11,12,25,True,False
387300,4,11,12,264,True,False
387900,4,11,12,25,True,False
387900,4,11,12,309,True,False
478500,5,12,12,359,True,False
478800,5,13,12,244,True,False
479100,5,13,12,244,False,False
479400,5,13,12,244,False,False
479700,5,13,12,244,False,False
480000,5,13,12,244,True,False
480300,5,13,12,244,False,False
480600,5,13,12,244,True,False
480900,5,13,12,244,True,False
481500,5,13,12,244,True,False
482100,5,13,12,244,True,False
482700,5,14,12,244,True,False
483000,5,14,12,28,False,True
483000,5,14,28,244,True,False
483000,5,14,28,483,True,False
483300,5,14,12,244,False,False
483300,5,14,28,483,True,False
483600,5,14,12,25,True,False
483600,5,14,12,73,True,False
483600,5,14,12,244,False,False
483600,5,14,28,244,True,False
483600,5,14,28,483,True,False
483900,5,14,12,244,True,False
483900,5,14,28,244,True,False
483900,5,14,12,284,False,False
483900,5,14,28,483,True,False
484200,5,14,28,14,False,False
484200,5,14,12,244,True,False
484200,5,14,28,244,True,False
484200,5,14,28,483,True,False
484500,5,14,28,244,False,False
484800,5,14,12,244,False,False
484800,5,14,28,244,True,False
485100,5,14,12,244,True,False
485100,5,14,28,244,True,False
485100,5,14,12,483,True,False
485100,5,14,28,483,True,False
485400,5,14,12,25,True,False
485400,5,14,28,72,False,True
485400,5,14,28,78,True,False
485400,5,14,72,78,True,False
485400,5,14,28,149,True,False
485400,5,14,72,149,False,False
485400,5,14,12,244,True,False
485700,5,14,72,149,True,False
485700,5,14,72,359,True,False
485700,5,14,28,423,True,False
486000,5,15,72,73,True,False
486000,5,15,72,78,False,False
486000,5,15,72,149,False,False
486000,5,15,72,359,True,False
486000,5,15,72,667,True,False
486300,5,15,72,78,True,False
486300,5,15,72,149,True,False
486300,5,15,28,423,True,False
486300,5,15,72,667,True,False
486600,5,15,72,73,False,False
486600,5,15,72,149,False,False
486600,5,15,28,423,False,False
486900,5,15,72,149,True,False
486900,5,15,28,423,True,False
486900,5,15,72,667,False,False
487200,5,15,72,78,False,False
487200,5,15,72,149,False,False
487200,5,15,72,359,True,False
487200,5,15,28,423,True,False
487200,5,15,72,667,True,False
487500,5,15,72,359,True,True
487500,5,15,28,423,True,False
487800,5,15,72,73,False,False
487800,5,15,72,78,False,False
487800,5,15,28,215,True,False
487800,5,15,359,78,False,False
487800,5,15,359,149,True,False
487800,5,15,28,423,False,False
487800,5,15,72,667,True,False
488100,5,15,12,25,True,False
488100,5,15,72,78,True,False
488100,5,15,72,149,True,False
488100,5,15,12,244,True,False
488100,5,15,359,78,True,False
488100,5,15,28,423,True,False
488400,5,15,12,25,True,False
488400,5,15,12,170,True,False
488400,5,15,12,244,True,False
488400,5,15,359,78,True,False
488400,5,15,359,149,True,False
488400,5,15,28,423,False,False
488400,5,15,12,483,False,False
488700,5,15,12,25,True,False
488700,5,15,72,149,True,False
488700,5,15,12,170,True,False
488700,5,15,12,244,False,False
488700,5,15,359,78,False,False
488700,5,15,12,399,True,False
488700,5,15,28,423,True,False
488700,5,15,12,483,True,False
488700,5,15,72,667,True,False
489000,5,15,12,25,True,False
489000,5,15,72,149,True,False
489000,5,15,12,170,True,False
489000,5,15,12,244,True,False
489000,5,15,359,78,False,False
489000,5,15,359,149,True,False
489000,5,15,28,423,True,False
489000,5,15,12,483,True,False
489000,5,15,72,667,False,False
489300,5,15,12,25,False,False
489300,5,15,72,149,False,False
489300,5,15,12,170,False,False
489300,5,15,12,244,True,False
489300,5,15,359,78,False,False
489300,5,15,12,483,True,False
489300,5,15,72,663,True,False
489300,5,15,72,667,True,False
489600,5,16,12,25,True,False
489600,5,16,72,73,True,False
489600,5,16,72,149,True,False
489600,5,16,12,170,True,False
489600,5,16,12,244,False,False
489600,5,16,359,78,True,False
489600,5,16,28,423,False,False
489600,5,16,12,483,False,False
489600,5,16,72,513,True,False
489600,5,16,72,667,False,False
489900,5,16,12,25,True,False
489900,5,16,72,149,True,False
489900,5,16,12,170,False,False
489900,5,16,12,244,True,False
489900,5,16,12,399,True,False
489900,5,16,28,423,True,False
489900,5,16,12,483,True,False
489900,5,16,72,667,False,False
490200,5,16,12,25,True,False
490200,5,16,72,149,False,False
490200,5,16,12,170,True,False
490200,5,16,12,244,True,False
490200,5,16,359,78,True,False
490200,5,16,28,423,False,False
490200,5,16,12,483,True,False
490500,5,16,12,25,True,False
490500,5,16,12,170,True,False
490500,5,16,12,244,True,False
490500,5,16,359,78,True,False
490500,5,16,12,399,True,False
490500,5,16,28,423,False,False
490800,5,16,12,25,True,False
490800,5,16,12,170,True,False
490800,5,16,12,244,False,False
490800,5,16,359,78,False,False
490800,5,16,28,423,True,False
490800,5,16,12,483,True,False
490800,5,16,72,667,True,False
491100,5,16,12,25,False,False
491100,5,16,72,78,True,False
491100,5,16,72,149,True,False
491100,5,16,12,170,True,False
491100,5,16,359,78,True,False
491100,5,16,28,423,False,False
491100,5,16,12,483,True,False
491100,5,16,72,667,False,False
491400,5,16,12,25,False,False
491400,5,16,12,170,True,False
491400,5,16,12,244,True,False
491400,5,16,28,423,False,False
491400,5,16,12,483,True,False
491400,5,16,72,667,True,False
491700,5,16,12,170,True,False
491700,5,16,12,244,True,False
491700,5,16,28,423,False,False
491700,5,16,12,483,True,False
491700,5,16,72,667,True,False
492000,5,16,12,25,True,False
492000,5,16,12,244,False,False
492000,5,16,28,423,True,False
492000,5,16,12,483,True,False
492000,5,16,72,667,True,False
492300,5,16,12,25,True,False
492300,5,16,12,244,True,False
492300,5,16,28,423,True,False
492300,5,16,12,483,False,False
492600,5,16,12,25,True,False
492600,5,16,12,244,True,False
492600,5,16,12,483,True,True
492600,5,16,483,181,True,False
492900,5,16,12,25,True,False
493200,5,17,12,25,True,False
496800,5,18,12,25,True,False
497100,5,18,12,25,True,False
497400,5,18,12,25,True,False
497700,5,18,12,25,True,False
498300,5,18,12,25,True,False
498600,5,18,12,25,False,False
498900,5,18,12,25,True,False
498900,5,18,12,473,True,False
498900,5,18,12,513,True,False
499200,5,18,12,25,True,False
499500,5,18,12,25,False,False
499800,5,18,12,25,True,False
500100,5,18,12,25,True,False
500400,5,19,12,25,True,False
501600,5,19,12,25,True,False
501900,5,19,12,25,False,False
501900,5,19,12,473,False,False
502200,5,19,12,25,False,False
502500,5,19,12,25,True,False
502800,5,19,12,25,False,False
503100,5,19,12,25,True,False
503100,5,19,12,438,False,False
503400,5,19,12,25,False,False
503700,5,19,12,25,False,False
504900,5,20,12,25,True,False
505500,5,20,12,25,False,False
505800,5,20,12,25,True,False
505800,5,20,359,207,True,False
506100,5,20,12,25,True,False
506100,5,20,359,207,True,False
506400,5,20,12,25,True,False
506400,5,20,359,207,True,False
506700,5,20,359,207,False,False
507000,5,20,12,25,True,False
507300,5,20,12,25,True,False
507300,5,20,359,207,True,False
507600,5,21,359,207,True,False
507900,5,21,12,25,True,False
508200,5,21,12,25,False,False
508200,5,21,359,207,True,False
508500,5,21,12,25,True,False
508500,5,21,359,207,True,False
510000,5,21,12,401,True,False
510300,5,21,12,25,False,False
510300,5,21,12,401,True,False
510300,5,21,12,458,False,False
510600,5,21,12,25,True,False
510600,5,21,12,370,True,False
510600,5,21,12,401,False,False
510600,5,21,12,458,True,False
510900,5,21,12,513,True,False
513900,5,22,12,513,True,False
514500,5,22,72,220,True,False
515100,5,23,12,25,True,False
515400,5,23,12,25,True,False
515400,5,23,12,263,True,False
515400,5,23,12,405,False,False
515700,5,23,12,25,True,False
515700,5,23,12,263,True,False
516000,5,23,12,25,True,False
516000,5,23,12,492,False,False
517500,5,23,12,263,True,False
517800,5,23,12,197,True,False
518100,5,23,12,263,False,False
518400,6,0,12,492,True,False
518700,6,0,12,492,True,False
518700,6,0,12,513,True,False
519000,6,0,12,25,True,False
519000,6,0,12,492,False,False
519300,6,0,12,25,False,False
519300,6,0,12,263,False,False
519300,6,0,12,492,True,False
519600,6,0,12,492,True,False
519900,6,0,12,25,False,False
520200,6,0,12,79,True,False
520200,6,0,12,455,True,False
521100,6,0,12,25,True,False
521100,6,0,12,492,True,False
521400,6,0,12,263,True,False
521400,6,0,12,492,True,False
521700,6,0,12,263,False,False
521700,6,0,12,492,True,False
522000,6,1,12,492,True,False
522900,6,1,12,88,True,False
522900,6,1,12,263,True,False
522900,6,1,12,401,False,False
522900,6,1,12,455,True,False
522900,6,1,12,492,True,False
523200,6,1,12,263,True,False
524100,6,1,12,455,False,False
524400,6,1,12,25,True,False
525000,6,1,12,25,True,False
525000,6,1,12,401,False,False
525300,6,1,12,25,True,False
525300,6,1,12,88,True,False
525300,6,1,12,175,True,False
525300,6,1,12,401,True,False
525300,6,1,12,492,True,False
525600,6,2,12,492,True,False
525900,6,2,12,401,True,False
525900,6,2,12,485,True,False
526500,6,2,12,485,False,False
526500,6,2,12,492,True,False
526800,6,2,12,79,True,False
526800,6,2,12,175,True,False
526800,6,2,12,401,True,False
527400,6,2,12,492,True,False
528300,6,2,12,455,True,False
528300,6,2,12,513,False,False
528600,6,2,12,401,True,False
529200,6,3,12,455,False,False
531900,6,3,12,175,False,False
532500,6,3,12,485,True,False
575100,6,15,359,166,False,False
576000,6,16,359,634,True,False
589500,6,19,359,207,True,False
590100,6,19,359,207,False,False
602400,6,23,72,22,True,False
604200,6,23,12,401,True,False
604500,6,23,12,401,True,False
604800,7,0,72,22,True,False
606300,7,0,72,22,True,False
607800,7,0,12,401,True,False
608100,7,0,12,401,True,False
608400,7,1,12,401,True,False
610200,7,1,72,22,False,False
618600,7,3,72,220,True,False
632100,7,7,12,13,True,False
638400,7,9,12,13,True,False
648000,7,12,12,13,True,False
648300,7,12,12,13,False,False
649500,7,12,12,13,True,False
649800,7,12,12,13,True,False
650100,7,12,12,13,True,False
650700,7,12,12,13,True,False
651000,7,12,12,13,True,False
651900,7,13,12,13,True,False
652500,7,13,12,13,True,False
652800,7,13,12,13,True,False
655800,7,14,12,13,True,False
656400,7,14,12,13,False,False
656700,7,14,12,13,True,False
657000,7,14,12,13,True,False
657300,7,14,12,13,True,False
657600,7,14,12,13,True,False
659100,7,15,12,13,True,False
659100,7,15,12,492,True,False
659400,7,15,12,492,False,False
660300,7,15,12,13,False,False
660300,7,15,12,492,True,False
660600,7,15,12,13,False,False
660600,7,15,12,492,False,False
660900,7,15,12,13,True,False
660900,7,15,12,492,True,False
666600,7,17,359,560,True,False
666900,7,17,359,560,True,False
667200,7,17,359,560,True,False
667800,7,17,359,560,True,False
668100,7,17,359,560,True,False
668400,7,17,359,560,True,False
669900,7,18,359,300,False,False
669900,7,18,359,301,True,False
670200,7,18,359,207,True,False
670200,7,18,359,560,True,False
670500,7,18,359,560,False,False
670800,7,18,359,207,True,False
670800,7,18,359,560,True,False
671100,7,18,359,560,True,False
671400,7,18,359,207,True,False
671700,7,18,359,207,False,False
671700,7,18,359,560,False,False
672000,7,18,359,207,True,False
672300,7,18,359,560,True,False
672600,7,18,359,560,True,False
673200,7,19,12,13,True,False
673200,7,19,359,560,False,False
673500,7,19,359,560,True,False
675600,7,19,359,560,True,False
675900,7,19,359,560,True,False
676200,7,19,359,560,True,False
676500,7,19,359,560,False,False
676800,7,20,12,13,True,False
676800,7,20,359,560,True,False
677100,7,20,12,13,True,False
677100,7,20,359,560,True,False
677400,7,20,12,13,False,False
677400,7,20,359,560,True,False
677700,7,20,12,13,False,False
678000,7,20,12,13,False,False
678300,7,20,12,13,True,False
678600,7,20,12,13,True,False
680100,7,20,12,13,True,False
680700,7,21,12,13,True,False
681000,7,21,12,13,False,False
681300,7,21,12,13,True,False
682200,7,21,12,13,True,False
682500,7,21,12,13,True,False
683400,7,21,12,13,True,False
684300,7,22,12,13,True,False
684600,7,22,12,13,True,False
686100,7,22,12,13,True,False
686400,7,22,12,13,True,False
686700,7,22,12,13,False,False
687000,7,22,12,13,True,False
687600,7,23,12,13,False,False
687900,7,23,12,13,False,False
688200,7,23,12,13,True,False
688500,7,23,12,13,True,False
688800,7,23,12,13,True,False
689100,7,23,12,13,True,False
689400,7,23,12,13,False,False
689700,7,23,12,13,False,False
690000,7,23,12,13,True,False
690300,7,23,12,13,True,False
690600,7,23,12,13,True,False
690900,7,23,12,13,True,False
691800,8,0,12,13,True,False
692100,8,0,12,13,True,False
692700,8,0,12,13,True,False
693000,8,0,12,13,True,False
695100,8,1,12,13,True,False
695400,8,1,12,13,False,False
695700,8,1,12,13,True,False
697800,8,1,12,13,True,False
698100,8,1,12,13,True,False
698700,8,2,12,13,True,False
699300,8,2,12,13,False,False
699600,8,2,12,13,True,False
699900,8,2,12,13,True,False
699900,8,2,12,635,True,False
700200,8,2,12,13,True,False
702000,8,3,12,13,True,False
706800,8,4,12,635,True,False
708000,8,4,12,13,True,False
708600,8,4,12,13,True,False
709200,8,5,12,13,True,False
709500,8,5,12,13,False,False
709800,8,5,12,13,False,False
714300,8,6,12,13,False,False
714600,8,6,12,13,False,False
716100,8,6,12,13,True,False
718500,8,7,12,13,False,False
720300,8,8,12,13,True,False
721200,8,8,12,13,False,False
721500,8,8,12,13,False,False
722100,8,8,12,13,True,False
723600,8,9,12,13,True,False
724500,8,9,12,13,False,False
725400,8,9,12,13,True,False
725700,8,9,12,13,True,False
726300,8,9,12,13,True,False
726600,8,9,12,13,True,False
726900,8,9,12,13,True,False
727200,8,10,12,13,True,False
727500,8,10,12,13,False,False
727800,8,10,12,13,True,False
728100,8,10,12,13,False,False
728700,8,10,12,13,False,False
729600,8,10,12,13,False,False
731400,8,11,12,472,True,False
731700,8,11,12,472,True,False
732000,8,11,12,472,False,False
732300,8,11,12,472,False,False
733200,8,11,483,109,True,False
733200,8,11,483,682,False,False
734100,8,11,483,6,True,False
734400,8,12,12,226,False,False
735000,8,12,483,536,True,False
737100,8,12,483,636,True,False
737400,8,12,72,324,True,False
737400,8,12,483,555,True,False
737700,8,12,12,167,False,False
737700,8,12,12,170,True,False
737700,8,12,359,547,True,False
737700,8,12,483,555,True,False
738000,8,13,12,25,False,False
738000,8,13,12,155,False,False
738000,8,13,12,170,True,False
738000,8,13,12,244,True,False
738000,8,13,72,324,True,False
738000,8,13,359,244,True,False
738000,8,13,359,399,True,False
738000,8,13,12,462,False,False
738000,8,13,12,508,False,False
738000,8,13,483,508,True,False
738000,8,13,12,555,True,False
738000,8,13,483,555,True,False
738000,8,13,12,645,True,False
738300,8,13,12,244,True,False
738300,8,13,359,399,True,False
738300,8,13,483,129,True,False
738300,8,13,483,244,False,False
738300,8,13,483,508,True,False
738300,8,13,483,555,True,False
738300,8,13,483,561,False,False
738300,8,13,12,645,False,False
738600,8,13,12,244,True,False
738600,8,13,359,155,False,False
738600,8,13,359,399,True,False
738600,8,13,483,508,True,False
738600,8,13,483,555,False,False
738600,8,13,12,645,False,False
738900,8,13,12,155,True,False
738900,8,13,12,244,False,False
738900,8,13,359,399,False,False
738900,8,13,12,423,True,False
738900,8,13,483,129,True,False
738900,8,13,483,508,True,False
738900,8,13,359,514,False,False
738900,8,13,483,555,False,False
738900,8,13,12,645,True,False
739200,8,13,12,25,True,False
739200,8,13,12,155,False,False
739200,8,13,12,170,False,False
739200,8,13,12,244,False,False
739200,8,13,359,155,True,False
739200,8,13,483,129,True,False
739200,8,13,359,514,True,False
739200,8,13,12,555,True,False
739200,8,13,483,555,False,False
739200,8,13,12,645,True,False
739500,8,13,12,155,True,False
739500,8,13,12,170,False,False
739500,8,13,12,244,True,False
739500,8,13,359,14,True,False
739500,8,13,359,244,True,False
739500,8,13,483,55,True,True
739500,8,13,12,645,True,False
739800,8,13,12,155,True,False
739800,8,13,12,244,False,False
739800,8,13,359,399,True,False
739800,8,13,483,508,True,False
740100,8,13,12,244,True,False
740100,8,13,72,322,False,False
740100,8,13,359,155,True,False
740100,8,13,359,399,True,False
740100,8,13,483,129,True,False
740100,8,13,12,508,True,False
740100,8,13,55,508,True,False
740100,8,13,483,508,True,False
740100,8,13,483,555,True,False
740400,8,13,483,129,False,False
740400,8,13,12,508,False,False
740400,8,13,55,508,True,False
740400,8,13,483,508,True,False
740400,8,13,483,555,False,False
740400,8,13,12,645,True,False
740700,8,13,55,129,False,False
740700,8,13,12,155,False,False
740700,8,13,12,244,True,False
740700,8,13,359,399,False,False
740700,8,13,483,129,False,False
740700,8,13,12,508,True,False
740700,8,13,483,508,True,False
740700,8,13,12,645,True,False
741000,8,13,12,25,True,False
741000,8,13,483,129,True,False
741000,8,13,483,508,True,False
741000,8,13,483,555,True,False
741000,8,13,483,613,False,False
741000,8,13,12,645,True,False
741300,8,13,12,155,True,False
741300,8,13,359,302,True,False
741300,8,13,12,508,False,False
741600,8,14,483,129,True,False
741900,8,14,12,155,True,False
741900,8,14,12,170,True,False
741900,8,14,12,244,False,False
741900,8,14,359,399,True,False
741900,8,14,12,508,False,False
741900,8,14,483,555,False,False
741900,8,14,483,613,True,False
741900,8,14,12,645,True,False
742200,8,14,12,170,True,False
742200,8,14,12,244,True,False
742200,8,14,359,399,True,False
742200,8,14,483,129,True,False
742200,8,14,55,508,True,False
742200,8,14,483,508,True,False
742200,8,14,483,555,True,False
742200,8,14,12,645,False,True
742200,8,14,645,155,True,False
742200,8,14,645,399,True,False
742500,8,14,12,170,True,False
742500,8,14,12,244,True,False
742500,8,14,483,129,True,False
742500,8,14,55,508,True,False
742500,8,14,483,508,True,False
742500,8,14,483,555,True,False
742800,8,14,12,170,False,False
742800,8,14,12,244,False,False
742800,8,14,359,155,True,False
742800,8,14,483,129,True,False
742800,8,14,483,170,True,False
742800,8,14,12,508,True,False
742800,8,14,483,508,True,False
742800,8,14,483,555,True,False
742800,8,14,645,244,True,False
743100,8,14,12,170,False,False
743100,8,14,12,244,True,False
743100,8,14,359,399,True,False
743100,8,14,483,129,False,False
743100,8,14,12,508,True,False
743100,8,14,483,508,True,False
743100,8,14,483,555,False,False
743100,8,14,645,155,True,False
743100,8,14,645,244,True,False
743400,8,14,12,25,False,False
743400,8,14,12,170,True,False
743400,8,14,12,244,True,False
743400,8,14,359,399,True,False
743400,8,14,483,129,True,False
743400,8,14,483,508,True,False
743700,8,14,12,25,True,False
743700,8,14,12,244,False,False
743700,8,14,359,399,True,False
743700,8,14,12,508,False,False
743700,8,14,55,508,True,False
743700,8,14,483,508,True,False
743700,8,14,359,514,False,False
744000,8,14,12,170,False,False
744000,8,14,359,25,True,False
744000,8,14,359,399,True,False
744000,8,14,12,508,False,False
744000,8,14,55,508,True,False
744000,8,14,483,508,False,False
744000,8,14,483,555,True,False
744300,8,14,359,317,True,False
744300,8,14,359,399,True,False
744300,8,14,483,555,True,False
744600,8,14,12,25,True,False
744600,8,14,12,244,True,False
744600,8,14,359,302,True,False
744600,8,14,359,349,True,False
744600,8,14,359,399,True,False
744600,8,14,12,508,True,False
744600,8,14,483,508,True,False
744600,8,14,483,555,True,False
744900,8,14,12,155,True,False
744900,8,14,12,170,True,False
744900,8,14,12,244,False,False
744900,8,14,359,399,True,False
744900,8,14,12,508,True,False
744900,8,14,55,508,True,False
744900,8,14,483,508,False,False
744900,8,14,645,244,True,False
745200,8,15,12,25,True,False
745200,8,15,359,423,True,False
745200,8,15,483,561,True,False
745200,8,15,55,613,True,False
745200,8,15,645,462,True,False
745500,8,15,12,244,True,False
745500,8,15,359,454,False,False
745500,8,15,645,812,True,False
746100,8,15,483,106,False,False
746100,8,15,645,216,True,False
746400,8,15,12,25,True,False
746400,8,15,12,244,True,False
746400,8,15,645,216,True,False
746700,8,15,12,25,True,False
746700,8,15,645,216,False,False
747000,8,15,12,25,False,False
747000,8,15,12,244,True,False
747000,8,15,483,547,True,False
747000,8,15,645,155,True,False
747000,8,15,645,216,True,False
747300,8,15,12,25,True,False
747300,8,15,12,244,False,False
747300,8,15,483,520,True,False
747300,8,15,645,155,False,False
747300,8,15,645,216,True,False
747300,8,15,645,530,True,False
747600,8,15,12,244,True,False
747600,8,15,645,155,True,False
747900,8,15,12,25,False,False
747900,8,15,12,244,True,False
747900,8,15,645,155,True,False
748200,8,15,12,25,False,False
748200,8,15,12,244,True,False
748200,8,15,645,155,True,False
748500,8,15,12,25,False,False
748500,8,15,12,244,True,False
748500,8,15,483,106,True,False
748500,8,15,645,155,True,False
748800,8,16,12,25,False,False
748800,8,16,12,244,True,False
748800,8,16,483,575,True,False
748800,8,16,645,155,True,False
749100,8,16,12,25,False,False
749100,8,16,12,244,True,False
749100,8,16,359,544,False,False
749100,8,16,645,155,True,False
749400,8,16,12,25,True,False
749400,8,16,12,244,True,False
749400,8,16,645,155,False,False
749700,8,16,12,25,True,False
749700,8,16,12,244,True,False
750000,8,16,12,25,True,False
750000,8,16,12,244,False,False
750000,8,16,645,155,True,False
750300,8,16,12,25,True,False
750300,8,16,12,244,True,False
750300,8,16,645,155,True,False
750600,8,16,12,25,False,False
750600,8,16,12,244,True,False
750900,8,16,12,25,True,False
750900,8,16,12,244,False,False
750900,8,16,645,155,False,False
751200,8,16,12,25,True,False
751200,8,16,12,244,False,False
751200,8,16,645,155,False,False
751500,8,16,12,25,True,False
751500,8,16,12,244,True,False
751500,8,16,359,423,True,False
751500,8,16,645,155,True,False
751800,8,16,12,25,True,False
751800,8,16,359,231,False,False
751800,8,16,645,155,True,False
752100,8,16,12,25,True,False
752100,8,16,645,155,True,False
752400,8,17,12,25,True,False
752400,8,17,359,613,True,False
752400,8,17,645,155,True,False
752700,8,17,12,25,True,False
752700,8,17,12,244,True,False
753000,8,17,12,25,True,False
753000,8,17,12,244,True,False
753000,8,17,645,155,True,False
753000,8,17,645,423,True,False
753300,8,17,12,25,True,False
753300,8,17,12,244,True,False
753300,8,17,645,155,True,False
753300,8,17,645,423,True,False
753900,8,17,12,25,True,False
753900,8,17,12,244,False,False
754200,8,17,12,25,False,False
754200,8,17,12,244,True,False
754500,8,17,12,25,True,False
754500,8,17,12,244,True,False
754800,8,17,12,25,True,False
754800,8,17,12,244,True,False
755100,8,17,12,25,True,False
755100,8,17,12,244,True,False
755400,8,17,12,25,True,False
755400,8,17,12,244,True,False
755700,8,17,12,25,True,False
755700,8,17,12,244,True,False
756000,8,18,12,25,True,False
756000,8,18,12,244,True,False
756300,8,18,12,25,True,False
757500,8,18,359,539,True,False
757800,8,18,359,560,True,False
758100,8,18,359,560,True,False
758400,8,18,359,539,True,False
758700,8,18,359,560,True,False
759000,8,18,359,539,False,False
759900,8,19,359,560,True,False
760200,8,19,359,560,True,False
760500,8,19,359,560,True,False
761100,8,19,359,560,True,False
762000,8,19,359,144,True,False
762000,8,19,359,560,True,False
762600,8,19,359,144,False,False
763500,8,20,359,144,True,False
764400,8,20,359,144,False,False
764700,8,20,359,144,True,False
764700,8,20,12,461,True,False
765600,8,20,359,144,True,False
765900,8,20,359,144,False,False
765900,8,20,359,560,True,False
766200,8,20,359,144,False,False
766200,8,20,359,560,True,False
766500,8,20,359,144,False,False
766500,8,20,359,560,False,False
766800,8,21,359,560,True,False
767700,8,21,12,13,True,False
768900,8,21,12,13,True,False
769500,8,21,12,13,True,False
770100,8,21,12,13,True,False
770400,8,22,12,13,True,False
770700,8,22,12,13,True,False
770700,8,22,12,461,True,False
771000,8,22,12,13,True,False
771300,8,22,12,13,True,False
771600,8,22,12,13,True,False
771600,8,22,12,461,False,False
771900,8,22,12,13,True,False
772200,8,22,12,13,True,False
772200,8,22,12,461,False,False
772500,8,22,12,13,True,False
772800,8,22,12,13,True,False
772800,8,22,12,461,True,False
773100,8,22,12,13,False,False
773400,8,22,12,13,True,False
773700,8,22,12,13,True,False
774000,8,23,12,13,False,False
774300,8,23,12,13,False,False
777900,9,0,12,13,True,False
778200,9,0,12,13,True,False
778500,9,0,12,13,True,False
778800,9,0,12,13,True,False
779100,9,0,12,13,False,False
779400,9,0,359,677,True,False
779700,9,0,12,13,True,False
780000,9,0,12,13,True,False
780300,9,0,12,13,False,False
780600,9,0,12,13,True,False
780900,9,0,12,13,False,False
781200,9,1,12,13,True,False
781500,9,1,12,13,True,False
781800,9,1,12,13,True,False
782100,9,1,12,13,True,False
782400,9,1,12,13,True,False
782700,9,1,12,13,True,False
783000,9,1,12,13,True,False
783000,9,1,55,57,True,False
783300,9,1,12,13,False,False
783600,9,1,12,13,True,False
783900,9,1,12,13,True,False
784200,9,1,12,13,False,False
784500,9,1,12,13,True,False
784800,9,2,12,13,True,False
785100,9,2,12,13,True,False
785400,9,2,12,13,True,False
785700,9,2,12,13,True,False
786000,9,2,12,13,True,False
786300,9,2,12,13,False,False
786600,9,2,12,13,True,False
786900,9,2,12,13,True,False
787200,9,2,12,13,True,False
787500,9,2,12,13,True,False
787800,9,2,12,13,True,False
788100,9,2,12,13,False,False
788400,9,3,12,13,True,False
789300,9,3,359,677,True,False
793200,9,4,359,677,True,False
806400,9,8,72,78,False,False
806400,9,8,72,584,True,False
806400,9,8,72,650,True,False
806700,9,8,72,78,True,False
806700,9,8,72,650,True,False
807000,9,8,72,149,False,False
807000,9,8,359,149,False,False
807000,9,8,359,235,False,False
807000,9,8,359,254,True,False
807000,9,8,72,650,True,False
807300,9,8,72,149,True,False
807300,9,8,359,149,True,False
807300,9,8,359,254,True,False
807300,9,8,72,584,True,False
807300,9,8,72,650,False,False
807600,9,8,72,149,True,False
807600,9,8,359,149,False,False
807600,9,8,359,235,True,False
807600,9,8,72,650,True,False
807900,9,8,72,149,True,False
807900,9,8,359,149,True,False
807900,9,8,359,235,True,False
807900,9,8,72,650,True,False
808200,9,8,72,149,True,False
808200,9,8,72,254,True,False
808200,9,8,359,149,True,False
808200,9,8,359,235,True,False
808200,9,8,359,254,True,False
808500,9,8,72,73,True,False
808500,9,8,72,149,False,False
808500,9,8,359,149,True,False
808500,9,8,359,235,True,False
808500,9,8,72,650,True,False
808800,9,8,72,78,True,False
808800,9,8,72,149,False,False
808800,9,8,72,254,False,False
808800,9,8,359,149,False,False
808800,9,8,359,235,False,False
808800,9,8,72,650,True,False
809100,9,8,359,235,True,False
809400,9,8,72,149,True,False
809400,9,8,72,351,True,False
809400,9,8,359,149,False,False
809400,9,8,359,235,True,False
809400,9,8,359,254,True,False
809400,9,8,72,650,True,False
809700,9,8,359,149,True,False
809700,9,8,359,235,True,False
809700,9,8,72,650,True,False
810000,9,9,359,78,True,False
810300,9,9,72,78,True,False
810300,9,9,359,78,True,False
810300,9,9,359,149,True,False
810600,9,9,359,78,True,False
810600,9,9,359,149,True,False
810600,9,9,72,418,False,False
810900,9,9,359,149,True,False
810900,9,9,359,235,False,False
810900,9,9,359,529,True,False
810900,9,9,72,650,True,False
811200,9,9,72,149,True,False
811200,9,9,359,149,True,False
811200,9,9,359,235,True,False
811200,9,9,359,367,True,False
811200,9,9,72,650,True,False
811500,9,9,359,235,True,False
811500,9,9,72,650,False,False
811800,9,9,359,235,False,False
811800,9,9,359,254,False,False
811800,9,9,359,582,True,False
811800,9,9,72,650,True,False
812100,9,9,12,13,True,False
812100,9,9,72,149,True,False
812100,9,9,359,149,True,False
812100,9,9,359,235,True,False
812100,9,9,359,582,True,False
812400,9,9,12,13,True,False
812400,9,9,72,149,False,False
812400,9,9,359,149,True,False
812400,9,9,72,650,False,False
812700,9,9,12,13,True,False
812700,9,9,72,254,True,False
812700,9,9,359,149,True,False
812700,9,9,359,235,True,False
812700,9,9,72,650,False,False
813000,9,9,12,13,True,False
813000,9,9,359,149,True,False
813000,9,9,359,235,True,False
813000,9,9,72,650,True,False
813300,9,9,12,13,True,False
813300,9,9,72,136,False,False
813300,9,9,72,149,False,False
813300,9,9,359,149,True,False
813300,9,9,359,235,True,False
813300,9,9,72,650,True,False
813600,9,10,72,149,True,False
813600,9,10,359,149,True,False
813600,9,10,72,650,True,False
813900,9,10,72,149,True,False
813900,9,10,359,254,False,False
813900,9,10,72,650,True,False
814200,9,10,72,149,True,False
814500,9,10,12,13,False,False
814500,9,10,72,73,False,False
814500,9,10,72,149,True,False
814500,9,10,359,78,True,False
814500,9,10,72,650,True,False
814800,9,10,72,149,True,False
814800,9,10,359,78,True,False
815100,9,10,72,149,True,False
815100,9,10,359,78,True,False
815400,9,10,72,149,False,False
815400,9,10,359,78,True,False
815400,9,10,359,336,True,False
815400,9,10,72,650,False,False
815700,9,10,72,149,True,False
815700,9,10,359,78,True,False
815700,9,10,72,650,True,False
816000,9,10,72,149,True,False
816000,9,10,359,78,True,False
816000,9,10,72,650,True,False
816300,9,10,72,149,True,False
816300,9,10,359,78,True,False
816600,9,10,72,149,True,False
816600,9,10,359,78,True,False
816900,9,10,12,13,True,False
816900,9,10,359,78,True,False
817200,9,11,12,13,True,False
817200,9,11,359,78,True,False
817500,9,11,12,13,True,False
817500,9,11,72,149,True,False
817500,9,11,359,78,True,False
817800,9,11,12,13,True,False
817800,9,11,72,149,True,False
817800,9,11,359,78,True,False
818100,9,11,12,13,True,False
818100,9,11,72,149,True,False
818100,9,11,72,339,True,False
818100,9,11,359,78,True,False
818400,9,11,12,13,False,False
818400,9,11,72,149,True,False
818400,9,11,359,78,True,False
818400,9,11,72,650,True,False
818700,9,11,12,13,True,False
818700,9,11,72,149,True,False
818700,9,11,72,650,True,False
819000,9,11,12,13,True,False
819000,9,11,72,149,False,False
819000,9,11,359,78,False,False
819000,9,11,72,650,False,False
819300,9,11,12,13,True,False
819300,9,11,72,149,False,False
819300,9,11,359,78,True,False
819300,9,11,72,650,False,False
819600,9,11,12,13,False,False
819600,9,11,72,149,True,False
819600,9,11,359,149,False,False
819600,9,11,72,650,True,False
819900,9,11,12,13,True,False
819900,9,11,359,78,False,False
819900,9,11,359,149,True,False
820200,9,11,12,13,True,False
820200,9,11,359,149,True,False
820500,9,11,359,78,True,False
820500,9,11,359,149,False,False
820800,9,12,12,13,True,False
820800,9,12,359,149,True,False
821100,9,12,359,78,False,False
821700,9,12,12,13,True,False
822000,9,12,645,237,False,False
822300,9,12,12,13,True,False
822600,9,12,12,13,True,False
823800,9,12,12,13,True,False
823800,9,12,359,92,True,False
824100,9,12,12,13,True,False
824100,9,12,12,65,True,False
824100,9,12,645,668,True,False
824400,9,13,12,13,False,False
824400,9,13,12,360,True,False
824700,9,13,12,13,True,False
824700,9,13,12,52,True,False
824700,9,13,12,576,False,False
824700,9,13,645,576,False,False
825000,9,13,12,13,True,False
825000,9,13,12,52,False,False
825000,9,13,12,244,False,False
825000,9,13,12,576,True,False
825000,9,13,645,244,True,False
825300,9,13,12,13,True,False
825300,9,13,12,52,False,False
825300,9,13,645,403,True,False
825600,9,13,12,13,True,False
825600,9,13,12,52,True,False
825600,9,13,12,273,True,False
825600,9,13,12,576,True,False
825600,9,13,645,52,False,False
825600,9,13,645,244,True,False
825600,9,13,12,668,True,False
825600,9,13,645,668,True,False
825900,9,13,12,13,True,False
825900,9,13,12,52,False,False
825900,9,13,12,576,True,False
826200,9,13,12,13,True,False
826200,9,13,12,52,True,False
826200,9,13,12,576,False,False
826200,9,13,645,576,True,False
826500,9,13,12,244,True,False
826500,9,13,12,668,False,False
826800,9,13,12,244,True,False
827100,9,13,12,13,False,False
827100,9,13,12,244,False,False
827100,9,13,645,668,True,False
827400,9,13,12,13,True,False
827400,9,13,12,244,True,False
827400,9,13,645,668,True,False
827700,9,13,12,13,True,False
827700,9,13,12,52,False,False
827700,9,13,12,547,True,False
827700,9,13,645,244,True,False
827700,9,13,645,668,True,False
828000,9,14,12,13,False,False
828000,9,14,12,52,True,False
828000,9,14,645,576,True,False
828000,9,14,645,668,True,False
828300,9,14,12,13,True,False
828300,9,14,12,52,True,False
828300,9,14,645,403,True,False
828600,9,14,12,13,True,False
828600,9,14,12,52,True,False
828600,9,14,645,576,False,False
828600,9,14,645,668,True,False
828900,9,14,12,52,True,False
828900,9,14,645,668,True,False
829800,9,14,12,244,True,False
830400,9,14,12,244,False,False
830700,9,14,12,244,True,False
831000,9,14,12,244,True,False
831000,9,14,359,259,True,False
831300,9,14,359,259,True,False
831600,9,15,359,259,True,False
831900,9,15,359,259,True,False
832200,9,15,359,259,True,False
832500,9,15,359,259,False,False
833100,9,15,12,189,False,False
835200,9,16,12,189,True,False
837900,9,16,12,13,True,False
838200,9,16,12,13,True,False
838500,9,16,12,13,True,False
840300,9,17,359,207,True,False
840600,9,17,359,207,True,False
840900,9,17,359,207,True,False
841800,9,17,359,207,True,False
841800,9,17,645,490,True,False
842100,9,17,359,207,False,False
842400,9,18,359,207,True,False
842700,9,18,359,207,True,False
845100,9,18,359,207,True,False
846000,9,19,359,207,True,False
846600,9,19,359,207,True,False
847200,9,19,359,207,True,False
847500,9,19,359,207,False,False
848100,9,19,72,325,True,False
853500,9,21,12,492,True,False
853800,9,21,12,492,False,False
854100,9,21,12,492,False,False
854400,9,21,12,492,True,False
854700,9,21,12,492,False,False
855000,9,21,12,11,True,False
855000,9,21,12,492,True,False
855300,9,21,12,11,True,False
855300,9,21,12,492,True,False
855600,9,21,12,492,False,False
855900,9,21,12,11,True,False
855900,9,21,12,492,True,False
856200,9,21,12,11,False,False
856200,9,21,12,492,False,False
856500,9,21,12,492,False,False
856800,9,22,12,492,False,False
857100,9,22,12,492,False,False
857400,9,22,12,492,False,False
857700,9,22,12,492,True,False
858000,9,22,12,492,True,False
858300,9,22,12,11,True,False
858300,9,22,12,492,True,False
858600,9,22,12,492,True,False
859800,9,22,12,492,True,False
860100,9,22,12,492,True,False
860400,9,23,12,492,True,False
860700,9,23,12,492,True,False
861000,9,23,12,492,False,False
861300,9,23,12,492,False,False
861600,9,23,12,492,True,False
861900,9,23,12,492,False,False
862200,9,23,12,492,True,False
862500,9,23,12,13,True,False
862800,9,23,12,13,True,False
863100,9,23,12,13,True,False
863400,9,23,12,13,True,False
863700,9,23,12,13,True,False
893700,10,8,55,274,True,False
894900,10,8,55,519,False,False
895200,10,8,55,519,True,False
895500,10,8,55,519,True,False
895800,10,8,55,519,False,False
897000,10,9,55,376,True,False
897900,10,9,55,114,False,False
898500,10,9,55,114,True,False
898500,10,9,55,376,True,False
899700,10,9,55,114,False,False
911100,10,13,645,189,False,False
911400,10,13,645,155,False,False
911400,10,13,645,555,True,False
911700,10,13,645,155,False,False
911700,10,13,645,421,True,False
912000,10,13,645,155,True,False
912300,10,13,645,155,True,False
912300,10,13,645,244,True,False
912300,10,13,645,399,True,False
912900,10,13,645,155,True,False
912900,10,13,645,555,True,False
913200,10,13,645,155,True,False
913800,10,13,645,155,False,False
913800,10,13,645,421,True,False
914100,10,13,645,155,False,False
914100,10,13,645,278,True,False
914100,10,13,645,399,False,False
914400,10,14,645,155,True,False
914700,10,14,645,155,True,False
914700,10,14,645,244,True,False
915000,10,14,645,155,True,False
915000,10,14,645,244,True,False
915300,10,14,645,155,True,False
915300,10,14,645,244,True,False
915600,10,14,645,155,True,False
915600,10,14,645,244,True,False
915900,10,14,645,155,True,False
916200,10,14,645,155,True,False
916200,10,14,645,244,True,False
916500,10,14,645,155,True,False
916500,10,14,645,244,True,False
916500,10,14,645,399,True,False
916800,10,14,645,155,False,False
916800,10,14,645,244,False,False
916800,10,14,645,278,True,False
917100,10,14,645,155,True,False
917100,10,14,645,244,False,False
917100,10,14,645,278,True,False
917400,10,14,645,244,True,False
918000,10,15,645,244,True,False
918600,10,15,645,155,True,False
918900,10,15,645,155,True,False
919200,10,15,645,155,True,False
919200,10,15,645,244,True,False
919500,10,15,645,155,True,False
919500,10,15,645,244,True,False
919500,10,15,645,278,False,False
919800,10,15,645,244,True,False
920100,10,15,645,244,False,False
920700,10,15,645,244,True,False
1081200,12,12,645,228,True,False
1081500,12,12,645,228,True,False
1081800,12,12,645,228,True,False
1082100,12,12,645,228,True,False
1083300,12,12,645,54,False,False
1084200,12,13,645,155,True,False
1084500,12,13,645,25,False,False
1084500,12,13,645,155,True,False
1084800,12,13,645,155,True,False
1084800,12,13,645,228,True,False
1085100,12,13,645,25,True,False
1085100,12,13,645,155,False,False
1085400,12,13,645,155,True,False
1086000,12,13,645,155,True,False
1089300,12,14,645,555,True,False
1089900,12,14,645,278,True,False
1089900,12,14,645,555,False,False
1090500,12,14,645,155,True,False
1090500,12,14,645,514,True,False
1090800,12,15,645,25,False,False
1090800,12,15,645,555,True,False
1091100,12,15,645,155,True,False
1091100,12,15,645,278,True,False
1091100,12,15,645,555,False,False
1091400,12,15,645,155,False,False
1091700,12,15,645,155,True,False
1091700,12,15,645,555,True,False
1092000,12,15,645,155,True,False
1092000,12,15,645,278,True,False
1092000,12,15,645,399,True,False
1092300,12,15,645,155,True,False
1092600,12,15,645,155,True,False
1092600,12,15,645,399,True,False
1092600,12,15,645,555,False,False
1092900,12,15,645,155,True,False
1093200,12,15,645,155,True,False
1093200,12,15,645,514,False,False
1093200,12,15,645,555,True,False
1093500,12,15,645,399,False,False
1093800,12,15,645,155,False,False
1094100,12,15,645,155,False,False
1094100,12,15,645,399,True,False
1094400,12,16,645,155,True,False
1094400,12,16,645,170,True,False
1094700,12,16,645,155,True,False
1094700,12,16,645,514,True,False
1095000,12,16,645,155,True,False
1095000,12,16,645,514,False,False
1095300,12,16,645,155,False,False
1192500,13,19,55,149,False,False
1192800,13,19,55,52,True,False
1192800,13,19,55,149,True,False
1192800,13,19,55,339,True,False
1193100,13,19,55,52,True,False
1193100,13,19,55,149,True,False
1193400,13,19,55,52,False,False
1193400,13,19,55,149,True,False
1193400,13,19,55,339,False,False
1193700,13,19,55,52,True,False
1193700,13,19,55,149,True,False
1193700,13,19,55,339,False,False
1194000,13,19,55,149,True,False
1194300,13,19,55,52,True,False
1194900,13,19,55,52,False,False
1194900,13,19,55,149,True,False
1194900,13,19,55,339,True,False
1195200,13,20,55,52,True,False
1195200,13,20,55,149,True,False
1195200,13,20,55,339,True,False
1195500,13,20,55,52,True,False
1195500,13,20,55,339,True,False
1195800,13,20,55,149,True,False
1196100,13,20,55,52,True,False
1196400,13,20,55,52,True,False
1196700,13,20,55,52,True,False
1197000,13,20,55,52,True,False
1197300,13,20,55,52,True,False
1197600,13,20,55,52,True,False
1197900,13,20,55,52,True,False
1198200,13,20,55,52,True,False
1198500,13,20,55,339,True,False
1198800,13,21,55,52,False,False
1199100,13,21,55,52,True,False
1199400,13,21,55,52,True,False
1199700,13,21,55,52,True,False
1200000,13,21,55,52,False,False
1200300,13,21,55,52,True,False
1200600,13,21,55,52,True,False
1200900,13,21,55,52,True,False
1201200,13,21,55,52,True,False
1201800,13,21,55,52,True,False
1202100,13,21,55,52,True,False
1202100,13,21,645,462,True,False
1202100,13,21,645,599,True,False
1202700,13,22,55,339,True,False
1203000,13,22,55,52,False,False
1203000,13,22,645,170,True,False
1203300,13,22,55,52,True,False
1203300,13,22,55,339,True,False
1203300,13,22,645,170,True,False
1203300,13,22,645,462,True,False
1203600,13,22,55,52,False,False
1203900,13,22,55,52,True,False
1203900,13,22,55,339,True,False
1203900,13,22,645,462,True,False
1203900,13,22,645,599,False,False
1204200,13,22,55,52,True,False
1204200,13,22,55,339,True,False
1204200,13,22,645,170,True,False
1204500,13,22,645,599,True,True
1204800,13,22,55,149,True,False
1204800,13,22,599,170,True,False
1204800,13,22,599,462,True,False
1204800,13,22,645,462,False,False
1205100,13,22,599,170,True,False
1205100,13,22,599,462,True,False
1205100,13,22,645,170,False,False
1205100,13,22,645,462,False,False
1206000,13,23,55,52,True,False
1206000,13,23,55,149,False,False
1206000,13,23,599,170,True,False
1206000,13,23,599,462,True,False
1206300,13,23,599,170,True,False
1206300,13,23,599,462,True,False
1206300,13,23,645,170,True,False
1206600,13,23,599,170,True,False
1206600,13,23,645,170,False,False
1206600,13,23,645,462,True,False
1206900,13,23,599,170,False,False
1206900,13,23,599,462,True,False
1206900,13,23,645,462,True,False
1207200,13,23,599,170,True,False
1207200,13,23,599,462,True,False
1207200,13,23,645,170,True,False
1207200,13,23,645,462,True,False
1207500,13,23,599,170,True,False
1207500,13,23,645,170,False,False
1207500,13,23,645,462,True,False
1207800,13,23,55,52,True,False
1207800,13,23,645,170,True,False
1207800,13,23,645,462,True,False
1208100,13,23,55,52,True,False
1208100,13,23,599,462,True,False
1208100,13,23,645,170,True,False
1208100,13,23,645,462,True,False
1208400,13,23,599,462,True,False
1208400,13,23,645,462,False,False
1208700,13,23,55,149,True,False
1209000,13,23,55,52,True,False
1209000,13,23,599,462,True,False
1209300,13,23,599,462,False,False
1209600,14,0,599,462,False,True
1210800,14,0,55,52,True,False
1212300,14,0,55,22,True,False
1212600,14,0,55,22,True,False
1212900,14,0,55,149,True,False
1213200,14,1,55,149,True,False
1213500,14,1,55,149,True,False
1213800,14,1,55,149,True,False
1214100,14,1,55,149,True,False
1214400,14,1,55,52,True,False
1215300,14,1,55,52,False,False
1216500,14,1,55,52,True,False
1216800,14,2,55,52,True,False
1217400,14,2,55,52,True,False
1217700,14,2,55,52,True,False
1218000,14,2,55,52,True,False
1218000,14,2,55,78,False,False
1218300,14,2,55,52,False,False
1218600,14,2,55,52,True,False
1218600,14,2,55,78,True,False
1219200,14,2,55,52,True,False
1219200,14,2,55,149,True,False
1219500,14,2,55,78,True,False
1219500,14,2,55,149,True,False
1219800,14,2,55,78,True,False
1219800,14,2,55,149,True,False
1220400,14,3,55,123,True,False
1221600,14,3,55,101,False,False
1221900,14,3,55,101,False,False
1222200,14,3,55,101,False,False
1222500,14,3,55,101,True,False
1230900,14,5,599,559,False,False
1231200,14,6,599,568,True,False
1231800,14,6,599,559,True,False
1232400,14,6,599,559,True,False
1232700,14,6,599,559,False,False
1233300,14,6,599,559,True,False
1239300,14,8,599,559,True,False
1242300,14,9,599,559,True,False
1243200,14,9,599,559,True,False
1246800,14,10,55,57,False,False
1251600,14,11,599,559,True,False
1253700,14,12,599,568,False,False
1254900,14,12,599,559,True,False
1255200,14,12,599,559,True,False
1265400,14,15,599,559,True,False
1266900,14,15,55,56,True,False
1281300,14,19,599,568,True,False
1281600,14,20,55,535,False,False
1293900,14,23,55,57,False,False
1304700,15,2,55,57,True,False
1306200,15,2,462,221,True,False
1310700,15,4,55,57,True,False
1312200,15,4,55,57,True,False
1331700,15,9,599,559,True,False
1332000,15,10,599,559,True,False
1332300,15,10,599,559,True,False
1332600,15,10,599,559,True,False
1332900,15,10,599,559,True,False
1333200,15,10,599,559,True,False
1333500,15,10,599,559,True,False
1335000,15,10,599,235,True,False
1335300,15,10,599,235,True,False
1335900,15,11,599,137,True,False
1336800,15,11,599,253,True,False
1337400,15,11,599,137,False,False
1337700,15,11,599,137,True,False
1338000,15,11,599,137,True,False
1338300,15,11,599,137,False,False
1339200,15,12,599,137,False,False
1339800,15,12,599,386,True,False
1342200,15,12,599,389,True,False
1342800,15,13,462,399,False,True
1342800,15,13,462,508,False,False
1342800,15,13,599,137,True,False
1343100,15,13,399,215,True,False
1343100,15,13,462,302,False,False
1343100,15,13,599,137,True,False
1343400,15,13,399,129,True,False
1343400,15,13,399,215,True,False
1343400,15,13,462,302,False,False
1343400,15,13,462,508,True,False
1343400,15,13,462,547,True,False
1343700,15,13,399,215,True,False
1343700,15,13,462,129,True,False
1343700,15,13,462,302,True,False
1343700,15,13,462,508,True,False
1343700,15,13,599,137,False,False
1344000,15,13,399,215,True,False
1344000,15,13,462,155,False,False
1344000,15,13,462,302,False,False
1344000,15,13,462,508,True,False
1344000,15,13,399,555,False,False
1344000,15,13,599,137,True,False
1344300,15,13,399,129,False,False
1344300,15,13,399,215,True,False
1344300,15,13,399,302,False,False
1344300,15,13,462,302,True,False
1344300,15,13,462,508,True,False
1344600,15,13,399,129,False,False
1344600,15,13,399,215,True,False
1344600,15,13,462,155,True,False
1344600,15,13,462,302,True,False
1344600,15,13,462,508,True,False
1344600,15,13,599,137,False,False
1344900,15,13,399,129,True,False
1344900,15,13,399,215,True,False
1344900,15,13,399,317,True,False
1344900,15,13,462,155,True,False
1344900,15,13,462,302,False,False
1344900,15,13,462,508,True,False
1344900,15,13,399,561,True,False
1344900,15,13,599,137,True,False
1345200,15,13,399,31,True,False
1345200,15,13,399,215,True,False
1345200,15,13,462,302,True,False
1345200,15,13,599,137,False,False
1345200,15,13,599,363,True,False
1345500,15,13,399,129,True,False
1345500,15,13,462,302,True,False
1345500,15,13,462,508,False,False
1345500,15,13,599,412,True,False
1345500,15,13,599,433,True,False
1345500,15,13,599,683,True,False
1345800,15,13,399,129,True,False
1345800,15,13,399,215,True,False
1345800,15,13,462,244,False,False
1345800,15,13,462,302,True,False
1345800,15,13,462,508,True,False
1345800,15,13,599,145,True,False
1345800,15,13,599,233,True,False
1346100,15,13,399,215,True,False
1346100,15,13,399,302,True,False
1346100,15,13,462,155,True,False
1346100,15,13,462,244,True,False
1346100,15,13,462,302,True,False
1346100,15,13,462,508,True,False
1346100,15,13,55,555,True,False
1346400,15,14,462,167,True,False
1346400,15,14,462,302,False,False
1346400,15,14,462,508,True,False
1346400,15,14,599,389,True,False
1346700,15,14,399,31,True,False
1346700,15,14,599,137,True,False
1346700,15,14,599,703,True,False
1347000,15,14,399,14,True,False
1347000,15,14,399,215,True,False
1347000,15,14,399,508,True,False
1347000,15,14,599,137,True,False
1347300,15,14,399,215,True,False
1347300,15,14,462,302,True,False
1347300,15,14,599,137,True,False
1347300,15,14,599,412,False,False
1347300,15,14,599,703,False,False
1347600,15,14,399,215,True,False
1347600,15,14,462,155,False,False
1347600,15,14,462,302,True,False
1347600,15,14,599,363,True,False
1347600,15,14,599,412,False,False
1347600,15,14,599,703,True,False
1347900,15,14,399,215,True,False
1347900,15,14,462,155,True,False
1347900,15,14,462,302,True,False
1347900,15,14,462,508,True,False
1348200,15,14,399,129,False,False
1348200,15,14,399,215,True,False
1348200,15,14,462,155,False,False
1348200,15,14,462,302,True,False
1348200,15,14,55,508,True,False
1348200,15,14,462,508,True,False
1348200,15,14,599,137,True,False
1348200,15,14,599,363,False,False
1348500,15,14,399,215,True,False
1348500,15,14,462,302,True,False
1348500,15,14,462,508,True,False
1348500,15,14,599,137,True,False
1348800,15,14,399,215,False,False
1348800,15,14,462,302,True,False
1348800,15,14,462,508,True,False
1348800,15,14,462,547,True,False
1348800,15,14,599,137,True,False
1349100,15,14,399,31,True,False
1349100,15,14,399,129,False,False
1349100,15,14,399,215,True,False
1349100,15,14,462,302,True,False
1349400,15,14,399,302,True,False
1349400,15,14,462,155,True,False
1349400,15,14,462,215,False,False
1349400,15,14,462,302,True,False
1349400,15,14,462,508,True,False
1349400,15,14,599,683,False,False
1349700,15,14,55,129,True,False
1349700,15,14,462,302,False,False
1349700,15,14,462,508,True,False
1349700,15,14,599,137,False,False
1350000,15,15,462,231,True,False
1350000,15,15,599,137,False,False
1350300,15,15,399,31,True,False
1350300,15,15,399,514,True,False
1350600,15,15,399,31,False,False
1350600,15,15,399,514,False,False
1350600,15,15,599,137,False,False
1350900,15,15,399,31,True,False
1350900,15,15,462,155,True,False
1350900,15,15,462,215,True,False
1350900,15,15,399,514,True,False
1351200,15,15,399,31,True,False
1351200,15,15,399,514,True,False
1351500,15,15,399,31,False,False
1351500,15,15,55,508,False,False
1351500,15,15,599,137,True,False
1351800,15,15,399,31,True,False
1351800,15,15,399,514,True,False
1352100,15,15,399,31,True,False
1352100,15,15,399,514,True,False
1352400,15,15,399,31,True,False
1352700,15,15,399,31,True,False
1352700,15,15,462,155,True,False
1353000,15,15,399,514,True,False
1353300,15,15,399,31,True,False
1353300,15,15,462,155,True,False
1353300,15,15,399,514,True,False
1353300,15,15,599,137,True,False
1353600,15,16,399,514,True,False
1353900,15,16,399,31,False,False
1353900,15,16,399,514,True,False
1354200,15,16,399,31,True,False
1354200,15,16,399,514,True,False
1354200,15,16,599,137,True,False
1354500,15,16,399,31,True,False
1354500,15,16,462,423,True,False
1354500,15,16,399,514,True,False
1354500,15,16,599,137,True,False
1354800,15,16,399,31,False,False
1354800,15,16,462,155,True,False
1354800,15,16,399,514,True,False
1355100,15,16,399,31,False,False
1355100,15,16,462,155,False,False
1355100,15,16,599,137,True,False
1356000,15,16,462,155,True,False
1356300,15,16,462,105,False,False
1356300,15,16,462,155,True,False
1356900,15,16,462,345,False,False
1362000,15,18,462,345,True,False
1368300,15,20,462,345,True,False
1368900,15,20,462,345,True,False
1370400,15,20,55,57,True,False
1391700,16,2,462,37,True,False
1398900,16,4,599,559,True,False
1399200,16,4,599,559,True,False
1399500,16,4,599,559,True,False
1400100,16,4,599,559,True,False
1400400,16,5,599,559,True,False
1400700,16,5,599,559,False,False
1401300,16,5,599,559,True,False
1401600,16,5,599,559,True,False
1401900,16,5,599,559,True,False
1402200,16,5,599,559,True,False
1402500,16,5,599,559,True,False
1403100,16,5,599,559,True,False
1403400,16,5,599,559,False,False
1404000,16,6,599,559,True,False
1404600,16,6,599,559,False,False
1404900,16,6,599,559,True,False
1405200,16,6,599,559,True,False
1406400,16,6,599,559,True,False
1406700,16,6,599,559,True,False
1426800,16,12,599,240,False,False
1444200,16,17,55,682,False,False
1444500,16,17,55,88,False,False
1444500,16,17,55,378,False,False
1444500,16,17,55,682,False,False
1444800,16,17,55,682,False,False
1447200,16,18,462,412,True,False
1447200,16,18,599,240,True,False
1447500,16,18,462,412,True,False
1449000,16,18,599,568,True,False
1451700,16,19,599,240,False,False
1452000,16,19,462,470,True,False
1452300,16,19,462,129,True,False
1452300,16,19,462,470,False,False
1452600,16,19,462,470,True,False
1452900,16,19,462,470,False,False
1453200,16,19,462,129,True,False
1458300,16,21,462,412,True,False
1458600,16,21,462,470,True,False
1458900,16,21,462,412,True,False
1458900,16,21,462,470,True,False
1459500,16,21,462,129,True,False
1460100,16,21,55,682,False,False
1461300,16,21,462,470,True,False
1461600,16,22,462,396,True,False
1461600,16,22,462,470,True,False
1462200,16,22,462,396,False,False
1462500,16,22,462,396,False,False
1462800,16,22,462,396,False,False
1463100,16,22,462,470,False,False
1463100,16,22,599,568,True,False
1463400,16,22,462,470,True,False
1464000,16,22,462,396,True,False
1464600,16,22,462,470,True,False
1465500,16,23,599,598,True,False
1466100,16,23,55,243,False,False
1466100,16,23,462,81,True,False
1466100,16,23,462,297,False,False
1466400,16,23,462,297,False,False
1467300,16,23,599,403,True,False
1467600,16,23,55,373,True,False
1467600,16,23,599,52,True,False
1468500,16,23,55,373,False,False
1521900,17,14,399,31,False,False
1521900,17,14,399,514,True,False
1522200,17,14,399,31,True,False
1522200,17,14,399,514,True,False
1522500,17,14,399,31,True,False
1522500,17,14,399,514,False,False
1522800,17,15,399,31,True,False
1522800,17,15,399,514,True,False
1523100,17,15,399,588,True,False
1523400,17,15,399,31,True,False
1523400,17,15,399,514,True,False
1523400,17,15,399,588,False,True
1523400,17,15,588,514,True,False
1523700,17,15,399,31,True,False
1523700,17,15,399,514,False,False
1523700,17,15,588,278,True,False
1523700,17,15,588,514,False,False
1524000,17,15,399,31,True,False
1524000,17,15,399,514,True,False
1524000,17,15,588,278,True,False
1524000,17,15,588,514,True,False
1524300,17,15,399,31,True,False
1524300,17,15,399,514,True,False
1524300,17,15,588,278,True,False
1524600,17,15,399,514,False,False
1524600,17,15,588,514,False,False
1524900,17,15,399,514,True,False
1524900,17,15,588,278,False,False
1524900,17,15,588,514,True,False
1525200,17,15,399,31,True,False
1525200,17,15,399,514,True,False
1525200,17,15,588,278,True,False
1525200,17,15,588,514,True,False
1525500,17,15,399,31,True,False
1525500,17,15,399,514,False,False
1525500,17,15,588,278,False,False
1525500,17,15,588,514,True,False
1525800,17,15,399,228,False,False
1525800,17,15,399,514,True,False
1525800,17,15,588,278,True,False
1525800,17,15,588,514,True,False
1526100,17,15,399,514,True,False
1526100,17,15,588,278,False,False
1526100,17,15,588,514,False,False
1526400,17,16,399,514,False,False
1526400,17,16,588,278,True,False
1526400,17,16,588,514,True,False
1526700,17,16,399,31,False,False
1526700,17,16,399,514,True,False
1527000,17,16,399,31,False,False
1527000,17,16,399,76,True,False
1527000,17,16,399,514,True,False
1527300,17,16,399,31,False,False
1527300,17,16,399,76,True,False
1527300,17,16,399,514,True,False
1527600,17,16,399,31,True,False
1527600,17,16,399,76,True,False
1527600,17,16,399,514,True,False
1527900,17,16,399,514,True,False
1528200,17,16,399,514,True,False
1528500,17,16,399,76,False,False
1528800,17,16,399,76,True,False
1528800,17,16,399,514,True,False
1529100,17,16,399,76,True,False
1529100,17,16,399,514,False,False
1529400,17,16,399,76,True,False
1529400,17,16,399,137,True,False
1529400,17,16,399,514,True,False
1529700,17,16,399,76,True,False
1529700,17,16,399,514,True,False
1530300,17,17,399,76,True,False
1530600,17,17,399,76,True,False
1530900,17,17,399,76,True,False
1530900,17,17,399,170,True,False
1531200,17,17,399,76,True,False
1531500,17,17,399,76,True,False
1552200,17,23,462,512,False,False
1583400,18,7,588,41,True,False
1587300,18,8,588,61,True,False
1589400,18,9,588,61,True,False
1589700,18,9,588,274,True,False
1589700,18,9,588,383,True,False
1589700,18,9,588,589,True,False
1591800,18,10,588,99,False,False
1593600,18,10,588,99,True,False
1594200,18,10,588,99,True,False
1595100,18,11,588,291,True,False
1595700,18,11,588,291,True,False
1596000,18,11,588,99,True,False
1596600,18,11,588,291,False,False
1596900,18,11,588,99,False,False
1596900,18,11,588,291,True,False
1597500,18,11,588,76,True,False
1598100,18,11,588,99,True,False
1599900,18,12,399,330,False,False
1600200,18,12,399,61,True,False
1600500,18,12,588,99,True,False
1602000,18,13,399,514,True,False
1602300,18,13,399,514,True,False
1602900,18,13,399,514,False,False
1603200,18,13,399,514,True,False
1603500,18,13,399,591,True,False
1603800,18,13,399,475,False,False
1603800,18,13,399,514,True,False
1604400,18,13,399,514,True,False
1608900,18,14,399,189,False,False
1609200,18,15,399,494,True,False
1609500,18,15,399,173,False,False
1609500,18,15,399,189,True,False
1610400,18,15,399,173,False,False
1610700,18,15,399,384,True,False
1612200,18,15,399,470,True,False
1614300,18,16,399,470,True,False
1615200,18,16,399,470,False,False
1615800,18,16,399,470,True,False
1616100,18,16,399,470,True,False
1648500,19,1,462,221,True,False
1659900,19,5,462,221,False,False
1662300,19,5,462,221,True,False
1668300,19,7,588,76,True,False
1668900,19,7,588,76,True,False
1669200,19,7,588,76,True,False
1669800,19,7,588,76,True,False
1670100,19,7,588,76,True,False
1670400,19,8,588,76,False,False
1670400,19,8,588,395,True,False
1670400,19,8,588,589,False,False
1670700,19,8,588,76,True,False
1670700,19,8,588,395,True,False
1671000,19,8,588,76,True,False
1671000,19,8,588,395,True,False
1671000,19,8,588,589,True,False
1671300,19,8,588,76,True,False
1671600,19,8,588,76,True,False
1671600,19,8,588,589,True,False
1671900,19,8,588,3,True,False
1671900,19,8,588,76,True,False
1672200,19,8,588,76,True,False
1672200,19,8,588,395,True,False
1672500,19,8,588,76,False,False
1672500,19,8,588,395,True,False
1672800,19,8,588,3,True,False
1672800,19,8,588,395,True,False
1682400,19,11,399,31,True,False
1682700,19,11,399,31,True,False
1683300,19,11,399,31,True,False
1683900,19,11,399,31,True,False
1684200,19,11,399,31,False,False
1684800,19,12,399,31,True,False
1685100,19,12,399,31,True,False
1685100,19,12,588,589,True,False
1685400,19,12,399,31,True,False
1685700,19,12,399,31,False,False
1685700,19,12,588,158,True,False
1685700,19,12,588,191,True,False
1686000,19,12,399,31,True,False
1686000,19,12,588,595,True,False
1686300,19,12,399,31,True,False
1686300,19,12,588,595,False,False
1686600,19,12,399,31,True,False
1686600,19,12,588,158,True,False
1686900,19,12,399,31,True,False
1686900,19,12,588,595,True,False
1687200,19,12,399,31,True,False
1687500,19,12,588,395,True,False
1688100,19,12,399,167,True,False
1688100,19,12,399,667,True,False
1688400,19,13,399,167,True,False
1688400,19,13,399,667,True,False
1688700,19,13,399,167,False,False
1688700,19,13,588,230,True,False
1688700,19,13,588,291,True,False
1689000,19,13,399,31,True,False
1689000,19,13,399,167,True,False
1689000,19,13,399,216,True,False
1689000,19,13,399,514,True,False
1689000,19,13,588,230,False,False
1689300,19,13,399,31,False,False
1689300,19,13,399,167,False,False
1689300,19,13,588,291,False,False
1689300,19,13,399,667,True,False
1689600,19,13,399,31,True,False
1689600,19,13,399,167,True,False
1689900,19,13,399,31,True,False
1689900,19,13,399,167,True,False
1689900,19,13,588,230,False,False
1690200,19,13,399,31,False,False
1690500,19,13,399,31,True,False
1690500,19,13,588,230,True,False
1690500,19,13,399,702,False,False
1690800,19,13,399,170,True,False
1691100,19,13,399,73,True,False
1691100,19,13,588,230,True,False
1691400,19,13,399,31,True,False
1691400,19,13,588,99,True,False
1691700,19,13,399,137,True,False
1691700,19,13,399,167,True,False
1692300,19,14,399,31,True,False
1692300,19,14,399,667,True,False
1692600,19,14,399,85,True,False
1692900,19,14,399,85,True,False
1692900,19,14,399,216,True,False
1692900,19,14,399,513,False,False
1692900,19,14,399,667,True,False
1693200,19,14,399,31,False,False
1693200,19,14,399,216,True,False
1693800,19,14,399,216,False,False
1693800,19,14,399,336,True,False
1693800,19,14,588,230,True,False
1693800,19,14,588,291,True,False
1694400,19,14,588,291,True,False
1694700,19,14,588,99,True,False
1695300,19,14,399,514,True,False
1695300,19,14,399,555,True,False
1695300,19,14,588,595,True,False
1695600,19,15,399,514,True,False
1695600,19,15,588,595,True,False
1695900,19,15,399,514,True,False
1695900,19,15,399,555,True,False
1696200,19,15,462,155,False,False
1696200,19,15,462,170,True,False
1696200,19,15,399,514,True,False
1696200,19,15,462,555,False,False
1696200,19,15,588,595,False,False
1696500,19,15,462,25,True,False
1696500,19,15,462,555,True,False
1696800,19,15,399,31,True,False
1696800,19,15,462,155,True,False
1696800,19,15,462,170,False,False
1696800,19,15,399,514,False,False
1696800,19,15,462,555,False,False
1697100,19,15,399,31,True,False
1697100,19,15,462,155,True,False
1697100,19,15,399,514,False,False
1697100,19,15,399,555,True,False
1697400,19,15,399,31,True,False
1697400,19,15,399,228,True,False
1697400,19,15,462,25,True,False
1697400,19,15,462,155,True,False
1697400,19,15,399,514,False,False
1697400,19,15,399,555,True,False
1697700,19,15,399,514,False,False
1698000,19,15,399,514,True,False
1698300,19,15,399,31,False,False
1698300,19,15,399,514,True,False
1699200,19,16,399,31,True,False
1699200,19,16,399,128,True,False
1699500,19,16,588,595,True,False
1702500,19,16,399,514,True,False
1702800,19,17,399,514,True,False
1703700,19,17,399,514,True,False
1704000,19,17,399,514,False,False
1704600,19,17,399,636,True,False
1705500,19,17,399,514,True,False
1705800,19,17,399,514,False,False
1706400,19,18,399,514,True,False
1706700,19,18,399,514,True,False
1707000,19,18,462,354,True,False
1707300,19,18,399,514,True,False
1707900,19,18,399,514,True,False
1708200,19,18,399,514,True,False
1723500,19,22,399,31,True,False
1723800,19,22,399,31,False,False
1724100,19,22,399,31,True,False
1724400,19,23,399,31,True,False
1724700,19,23,399,31,True,False
1725000,19,23,399,31,True,False
1725300,19,23,399,31,True,False
1725600,19,23,399,31,True,False
1725900,19,23,399,31,True,False
1726200,19,23,399,31,True,False
1726500,19,23,399,31,True,False
1726800,19,23,399,31,True,False
1727100,19,23,399,31,True,False
1727400,19,23,399,31,True,False
1727700,19,23,399,31,True,False
1728000,20,0,399,31,False,False
1728300,20,0,399,31,True,False
1728600,20,0,399,31,True,False
1728900,20,0,399,31,True,False
1729200,20,0,399,31,True,False
1729500,20,0,399,31,True,False
1729800,20,0,399,31,True,False
1730100,20,0,399,31,True,False
1730400,20,0,399,31,True,False
1730700,20,0,399,31,True,False
1731000,20,0,399,31,True,False
1731300,20,0,399,31,True,False
1731600,20,1,399,31,True,False
1731900,20,1,399,31,True,False
1732200,20,1,399,31,True,False
1732500,20,1,399,31,True,False
1732800,20,1,399,31,True,False
1733100,20,1,399,31,True,False
1733400,20,1,399,31,True,False
1733700,20,1,399,31,True,False
1734000,20,1,399,31,True,False
1734300,20,1,399,31,True,False
1734600,20,1,399,31,True,False
1734900,20,1,399,31,False,False
1735200,20,2,399,31,True,False
1735500,20,2,399,31,True,False
1735800,20,2,399,31,False,False
1736100,20,2,399,31,True,False
1736700,20,2,399,31,True,False
1737000,20,2,399,31,True,False
1737300,20,2,399,31,False,False
1737600,20,2,399,31,True,False
1737900,20,2,399,31,True,False
1738200,20,2,399,31,True,False
1738500,20,2,399,31,True,False
1738800,20,3,399,31,True,False
1739100,20,3,399,31,True,False
1810500,20,22,588,76,False,False
1810500,20,22,588,403,True,False
1810800,20,23,588,324,False,False
1811700,20,23,588,76,True,False
1813800,20,23,588,403,True,False
1814100,20,23,588,531,False,False
1816500,21,0,588,263,False,False
1816800,21,0,588,250,True,False
1816800,21,0,588,531,True,False
1817100,21,0,588,250,True,False
1817100,21,0,588,598,True,False
1817400,21,0,588,657,True,False
1818900,21,1,588,191,True,False
1818900,21,1,588,598,True,False
1819500,21,1,588,81,True,False
1819500,21,1,588,598,False,False
1821000,21,1,588,13,False,False
1821000,21,1,588,351,False,False
1821000,21,1,588,657,True,False
1821300,21,1,588,13,True,False
1821300,21,1,588,52,True,False
1821300,21,1,588,191,True,False
1821600,21,2,588,52,True,False
1821600,21,2,588,583,True,False
1821900,21,2,588,583,True,False
1823100,21,2,588,52,True,False
1823100,21,2,588,351,False,False
1824000,21,2,588,583,True,False
1826400,21,3,588,351,False,False
1826700,21,3,588,147,False,False
1826700,21,3,588,351,True,False
1827000,21,3,588,147,True,False
1827000,21,3,588,351,False,False
1827300,21,3,588,351,True,False
1827600,21,3,588,351,True,False
1881900,21,18,462,475,False,False
1883100,21,19,462,475,True,False
1934100,22,9,588,76,True,False
1934400,22,9,588,76,True,False
1934700,22,9,588,76,True,False
1935000,22,9,588,76,True,False
1935300,22,9,588,76,False,False
1935600,22,9,588,76,True,False
1936200,22,9,588,61,True,False
1936200,22,9,588,76,True,False
1937700,22,10,588,528,False,False
1938000,22,10,588,528,False,False
1938300,22,10,588,528,True,False
1938600,22,10,588,528,False,False
1938900,22,10,588,528,True,False
1939200,22,10,588,415,True,False
1947900,22,13,399,216,True,False
1947900,22,13,399,514,True,False
1948200,22,13,399,258,True,False
1948200,22,13,399,349,True,False
1948200,22,13,399,514,True,False
1948500,22,13,399,129,True,False
1948500,22,13,399,349,False,False
1948500,22,13,462,423,False,False
1948500,22,13,399,514,True,False
1948800,22,13,399,258,True,False
1948800,22,13,399,423,True,False
1948800,22,13,462,244,False,False
1948800,22,13,462,278,True,False
1948800,22,13,399,514,True,False
1949100,22,13,462,244,True,False
1949100,22,13,462,278,False,False
1949100,22,13,399,514,True,False
1949100,22,13,399,613,True,False
1949400,22,13,462,278,True,False
1949400,22,13,399,514,False,False
1949400,22,13,462,514,True,False
1949700,22,13,399,215,True,False
1949700,22,13,399,349,False,False
1949700,22,13,462,278,True,False
1949700,22,13,399,514,False,False
1950000,22,13,399,349,True,False
1950000,22,13,462,278,True,False
1950000,22,13,399,514,False,False
1950000,22,13,462,555,True,False
1950300,22,13,399,514,True,False
1951800,22,14,462,244,False,False
1951800,22,14,462,514,True,False
1952400,22,14,462,244,False,False
1952400,22,14,462,514,True,False
1952700,22,14,462,302,True,False
1953300,22,14,462,167,False,False
1953300,22,14,462,244,True,False
1953600,22,14,462,244,True,False
1953900,22,14,462,244,False,False
1953900,22,14,462,278,True,False
1954200,22,14,462,278,True,False
1955700,22,15,462,555,True,False
1956000,22,15,462,555,True,False
1956300,22,15,462,555,True,False
1956600,22,15,462,215,True,False
1957200,22,15,462,555,False,False
1957500,22,15,462,555,False,False
1958400,22,16,462,555,True,False
1959300,22,16,462,555,True,False
1959900,22,16,462,555,True,False
1960200,22,16,462,555,True,False
1960800,22,16,462,555,False,False
1961100,22,16,462,555,True,False
1961400,22,16,462,555,True,False
1962000,22,17,462,167,True,False
1962000,22,17,462,555,True,False
1962600,22,17,462,555,False,False
1962900,22,17,462,555,False,False
1963200,22,17,462,555,True,False
1964700,22,17,462,52,True,False
1970700,22,19,462,345,True,False
2063100,23,21,462,221,True,False
