time,day,hour,infected,exposed,masked,infection_occured
-1,-1,-1,-1,12,False,True
0,0,0,12,244,True,False
0,0,0,12,454,True,False
300,0,0,12,244,True,False
600,0,0,12,244,True,False
600,0,0,12,454,True,False
1500,0,0,12,244,True,False
1500,0,0,12,454,True,False
1800,0,0,12,244,True,False
4200,0,1,12,244,True,False
4200,0,1,12,454,True,False
4500,0,1,12,244,True,False
4800,0,1,12,244,True,False
6000,0,1,12,454,True,False
7200,0,2,12,244,True,False
7500,0,2,12,244,True,False
10800,0,3,12,244,True,False
11100,0,3,12,244,True,False
11400,0,3,12,244,True,False
39600,0,11,12,11,True,False
51900,0,14,12,11,True,False
54600,0,15,12,492,True,False
54900,0,15,12,492,True,False
55200,0,15,12,492,True,False
55500,0,15,12,492,True,False
55800,0,15,12,13,True,False
55800,0,15,12,492,True,False
56100,0,15,12,13,True,False
56100,0,15,12,492,True,False
56400,0,15,12,13,True,False
56700,0,15,12,13,True,False
56700,0,15,12,492,True,False
57000,0,15,12,13,True,False
57000,0,15,12,492,True,False
57300,0,15,12,13,True,False
57300,0,15,12,461,True,False
57600,0,16,12,13,True,False
57600,0,16,12,492,True,False
57900,0,16,12,13,True,False
57900,0,16,12,492,True,False
58200,0,16,12,13,True,False
58200,0,16,12,492,True,False
58500,0,16,12,13,True,False
58800,0,16,12,13,True,False
58800,0,16,12,492,True,False
59100,0,16,12,492,True,False
59400,0,16,12,492,True,False
63300,0,17,12,13,True,False
63600,0,17,12,13,True,False
66600,0,18,12,13,True,False
69600,0,19,12,13,True,False
70200,0,19,12,11,True,False
71700,0,19,12,13,True,False
72900,0,20,12,13,True,False
73500,0,20,12,13,True,False
74100,0,20,12,13,True,False
74700,0,20,12,13,True,False
74700,0,20,12,461,True,False
75000,0,20,12,13,True,False
75300,0,20,12,13,True,False
75600,0,21,12,13,True,False
75900,0,21,12,13,True,False
76200,0,21,12,13,True,False
76500,0,21,12,13,True,False
80700,0,22,12,13,True,False
83700,0,23,12,11,True,False
84000,0,23,12,11,True,False
86400,1,0,12,13,True,False
86700,1,0,12,13,True,False
88500,1,0,12,13,True,False
88800,1,0,12,13,True,False
89100,1,0,12,13,True,False
95100,1,2,12,13,True,False
96000,1,2,12,13,True,False
97800,1,3,12,13,True,False
98100,1,3,12,13,True,False
98400,1,3,12,13,True,False
98700,1,3,12,13,True,False
117000,1,8,12,13,True,False
117300,1,8,12,13,True,False
117600,1,8,12,13,True,False
123000,1,10,12,13,True,False
123300,1,10,12,13,True,False
123600,1,10,12,13,True,False
124200,1,10,12,13,True,False
130800,1,12,12,13,True,False
131400,1,12,12,13,True,False
132900,1,12,12,317,True,False
133200,1,13,12,244,True,False
133200,1,13,12,317,True,False
133500,1,13,12,317,True,False
133800,1,13,12,423,True,False
134100,1,13,12,25,True,False
134100,1,13,12,244,True,False
134100,1,13,12,423,True,False
134400,1,13,12,25,True,False
134400,1,13,12,244,True,False
134400,1,13,12,317,True,False
134400,1,13,12,423,True,False
134700,1,13,12,25,True,False
134700,1,13,12,215,True,False
134700,1,13,12,244,True,False
134700,1,13,12,317,True,False
135000,1,13,12,244,True,False
135000,1,13,12,317,True,False
135300,1,13,12,215,True,False
135300,1,13,12,244,True,False
135300,1,13,12,317,True,False
135600,1,13,12,244,True,False
135600,1,13,12,317,True,False
135900,1,13,12,215,True,False
135900,1,13,12,317,True,False
136200,1,13,12,14,True,False
136800,1,14,12,244,True,False
136800,1,14,12,317,True,False
136800,1,14,12,423,True,False
137100,1,14,12,244,True,False
137400,1,14,12,244,True,False
137700,1,14,12,317,True,False
137700,1,14,12,423,True,False
138000,1,14,12,317,True,False
138000,1,14,12,423,True,False
138300,1,14,12,317,True,False
138600,1,14,12,244,True,False
138600,1,14,12,317,True,False
138600,1,14,12,423,True,False
138900,1,14,12,244,True,False
138900,1,14,12,317,True,False
138900,1,14,12,423,True,False
139200,1,14,12,244,True,False
139200,1,14,12,317,True,False
139500,1,14,12,317,True,False
139800,1,14,12,317,True,False
139800,1,14,12,423,True,False
140100,1,14,12,244,True,False
140400,1,15,12,25,True,False
140400,1,15,12,613,True,False
140400,1,15,12,642,True,False
140700,1,15,12,25,True,False
140700,1,15,12,244,True,False
141000,1,15,12,25,True,False
141000,1,15,12,244,True,False
141300,1,15,12,25,True,False
141300,1,15,12,244,True,False
141600,1,15,12,25,True,False
141600,1,15,12,244,True,False
141900,1,15,12,25,True,False
141900,1,15,12,244,True,False
142200,1,15,12,244,True,False
142500,1,15,12,25,True,False
142800,1,15,12,25,True,False
142800,1,15,12,244,True,False
143100,1,15,12,25,True,False
143100,1,15,12,244,True,False
143700,1,15,12,25,True,False
143700,1,15,12,244,True,False
144000,1,16,12,244,True,False
144300,1,16,12,244,True,False
144600,1,16,12,25,True,False
144600,1,16,12,244,True,False
144900,1,16,12,244,True,False
145200,1,16,12,25,True,False
145200,1,16,12,244,True,False
145500,1,16,12,25,True,False
145500,1,16,12,244,True,False
145800,1,16,12,244,True,False
146100,1,16,12,25,True,False
146100,1,16,12,244,True,False
146400,1,16,12,25,True,False
146400,1,16,12,244,True,False
146700,1,16,12,25,True,False
146700,1,16,12,244,True,False
147000,1,16,12,25,True,False
147000,1,16,12,244,True,False
147300,1,16,12,244,True,False
147900,1,17,12,25,True,False
147900,1,17,12,244,True,False
148200,1,17,12,25,True,False
148200,1,17,12,244,True,False
148800,1,17,12,244,True,False
168900,1,22,12,13,True,False
168900,1,22,12,492,True,False
169500,1,23,12,13,True,False
171600,1,23,12,13,True,False
171900,1,23,12,13,True,False
172200,1,23,12,13,True,False
172500,1,23,12,13,True,False
172800,2,0,12,13,True,False
173100,2,0,12,13,True,False
173700,2,0,12,13,True,False
174000,2,0,12,13,True,False
174600,2,0,12,13,True,False
175200,2,0,12,13,True,False
176100,2,0,12,13,True,False
177600,2,1,12,13,True,False
177900,2,1,12,13,True,False
179400,2,1,12,13,True,False
181200,2,2,12,11,True,False
184800,2,3,12,13,True,False
187200,2,4,12,13,True,False
189300,2,4,12,13,True,False
190500,2,4,12,13,True,False
191700,2,5,12,13,True,False
192300,2,5,12,13,True,False
201300,2,7,12,13,True,False
201600,2,8,12,13,True,False
201900,2,8,12,13,True,False
202200,2,8,12,13,True,False
202500,2,8,12,13,True,False
204900,2,8,12,13,True,False
205500,2,9,12,13,True,False
206100,2,9,12,13,True,False
206400,2,9,12,13,True,False
206400,2,9,12,492,True,False
207300,2,9,12,13,True,False
207600,2,9,12,13,True,False
226500,2,14,12,492,True,False
236700,2,17,12,492,True,False
237000,2,17,12,492,True,False
237600,2,18,12,492,True,False
243900,2,19,12,13,True,False
244200,2,19,12,13,True,False
244500,2,19,12,13,True,False
244800,2,20,12,13,True,False
245700,2,20,12,13,True,False
246900,2,20,12,13,True,False
247500,2,20,12,13,True,False
247800,2,20,12,13,True,False
248100,2,20,12,13,True,False
248400,2,21,12,13,True,False
248700,2,21,12,13,True,False
249000,2,21,12,13,True,False
254700,2,22,12,13,True,False
255000,2,22,12,13,True,False
255900,2,23,12,13,True,False
256800,2,23,12,13,True,False
274800,3,4,12,13,True,False
279000,3,5,12,13,True,False
279300,3,5,12,13,True,False
279600,3,5,12,13,True,False
280800,3,6,12,13,True,False
281100,3,6,12,13,True,False
281400,3,6,12,13,True,False
281700,3,6,12,13,True,False
282000,3,6,12,13,True,False
282300,3,6,12,13,True,False
282600,3,6,12,13,True,False
282900,3,6,12,13,True,False
283200,3,6,12,13,True,False
283500,3,6,12,13,True,False
283800,3,6,12,13,True,False
284100,3,6,12,13,True,False
284400,3,7,12,13,True,False
284700,3,7,12,13,True,False
285000,3,7,12,13,True,False
285300,3,7,12,13,True,False
285600,3,7,12,13,True,False
285900,3,7,12,13,True,False
320700,3,17,12,13,True,False
321000,3,17,12,13,True,False
321600,3,17,12,13,True,False
323700,3,17,12,13,True,False
324000,3,18,12,13,True,False
324300,3,18,12,13,True,False
324900,3,18,12,13,True,False
325200,3,18,12,13,True,False
325500,3,18,12,13,True,False
325800,3,18,12,13,True,False
326100,3,18,12,13,True,False
326400,3,18,12,13,True,False
327300,3,18,12,13,True,False
327600,3,19,12,13,True,False
327900,3,19,12,13,True,False
328200,3,19,12,13,True,False
328800,3,19,12,13,True,False
329700,3,19,12,13,True,False
330300,3,19,12,13,True,False
330900,3,19,12,13,True,False
331500,3,20,12,13,True,False
331800,3,20,12,13,True,False
332100,3,20,12,13,True,False
334200,3,20,12,13,True,False
335100,3,21,12,13,True,False
335700,3,21,12,13,True,False
336900,3,21,12,13,True,False
337200,3,21,12,13,True,False
337500,3,21,12,13,True,False
339000,3,22,12,13,True,False
345000,3,23,12,13,True,False
345900,4,0,12,13,True,False
348000,4,0,12,13,True,False
348900,4,0,12,13,True,False
350100,4,1,12,13,True,False
351600,4,1,12,13,True,False
352200,4,1,12,13,True,False
354900,4,2,12,13,True,False
361800,4,4,12,13,True,False
367200,4,6,12,13,True,False
367500,4,6,12,13,True,False
367500,4,6,12,448,True,False
367800,4,6,12,13,True,False
370800,4,7,12,13,True,False
371100,4,7,12,13,True,False
371400,4,7,12,13,True,False
371700,4,7,12,13,True,False
372000,4,7,12,13,True,False
372600,4,7,12,13,True,False
374400,4,8,12,244,True,False
374700,4,8,12,170,True,False
374700,4,8,12,244,True,False
374700,4,8,12,264,True,False
374700,4,8,12,555,True,False
375000,4,8,12,244,True,False
375300,4,8,12,244,True,False
375600,4,8,12,244,True,False
375900,4,8,12,244,True,False
376200,4,8,12,244,True,False
376500,4,8,12,244,True,False
376800,4,8,12,244,True,False
376800,4,8,12,349,True,False
377100,4,8,12,244,True,False
377400,4,8,12,244,True,False
377700,4,8,12,216,True,False
377700,4,8,12,244,True,False
378000,4,9,12,244,True,False
378300,4,9,12,244,True,False
379200,4,9,12,244,True,False
379500,4,9,12,244,True,False
379800,4,9,12,244,True,False
380100,4,9,12,105,True,False
380100,4,9,12,244,True,False
380400,4,9,12,244,True,False
380400,4,9,12,349,True,False
380700,4,9,12,244,True,False
380700,4,9,12,349,True,False
381000,4,9,12,244,True,False
381000,4,9,12,349,True,False
381300,4,9,12,244,True,False
381300,4,9,12,302,True,False
381300,4,9,12,349,True,False
381600,4,10,12,244,True,False
381600,4,10,12,349,True,False
381900,4,10,12,244,True,False
381900,4,10,12,349,True,False
382200,4,10,12,244,True,False
382500,4,10,12,105,True,False
382500,4,10,12,244,True,False
382500,4,10,12,349,True,False
382800,4,10,12,244,True,False
383400,4,10,12,25,True,False
383400,4,10,12,155,True,False
383400,4,10,12,243,True,False
383400,4,10,12,264,True,False
383400,4,10,12,555,True,False
383700,4,10,12,25,True,False
384000,4,10,12,25,True,False
384300,4,10,12,25,True,False
384600,4,10,12,25,True,False
384900,4,10,12,25,True,False
385200,4,11,12,25,True,False
385500,4,11,12,25,True,False
385800,4,11,12,25,True,False
385800,4,11,12,244,True,False
386100,4,11,12,555,True,False
386400,4,11,12,25,True,False
386400,4,11,12,264,True,False
386700,4,11,12,25,True,False
386700,4,11,12,264,True,False
387000,4,11,12,25,True,False
387000,4,11,12,244,True,False
387000,4,11,12,483,True,False
387300,4,11,12,25,True,False
387300,4,11,12,264,True,False
387900,4,11,12,25,True,False
387900,4,11,12,309,True,False
478500,5,12,12,359,True,False
478800,5,13,12,244,True,False
479100,5,13,12,244,True,False
479400,5,13,12,244,True,False
479700,5,13,12,244,True,False
480000,5,13,12,244,True,False
480300,5,13,12,244,True,False
480600,5,13,12,244,True,False
480900,5,13,12,244,True,False
481500,5,13,12,244,True,False
482100,5,13,12,244,True,False
482700,5,14,12,244,True,False
483000,5,14,12,28,True,False
483300,5,14,12,244,True,False
483600,5,14,12,25,True,False
483600,5,14,12,73,True,False
483600,5,14,12,244,True,False
483900,5,14,12,244,True,False
483900,5,14,12,284,True,False
484200,5,14,12,244,True,False
484800,5,14,12,244,True,False
485100,5,14,12,244,True,False
485100,5,14,12,483,True,False
485400,5,14,12,25,True,False
485400,5,14,12,244,True,False
488100,5,15,12,25,True,False
488100,5,15,12,244,True,False
488400,5,15,12,25,True,False
488400,5,15,12,170,True,False
488400,5,15,12,244,True,False
488400,5,15,12,483,True,False
488700,5,15,12,25,True,False
488700,5,15,12,170,True,False
488700,5,15,12,244,True,False
488700,5,15,12,399,True,False
488700,5,15,12,483,True,False
489000,5,15,12,25,True,False
489000,5,15,12,170,True,False
489000,5,15,12,244,True,False
489000,5,15,12,483,True,False
489300,5,15,12,25,True,False
489300,5,15,12,170,True,False
489300,5,15,12,244,True,False
489300,5,15,12,483,True,False
489600,5,16,12,25,True,False
489600,5,16,12,170,True,False
489600,5,16,12,244,True,False
489600,5,16,12,483,True,False
489900,5,16,12,25,True,False
489900,5,16,12,170,True,False
489900,5,16,12,244,True,False
489900,5,16,12,399,True,False
489900,5,16,12,483,True,False
490200,5,16,12,25,True,False
490200,5,16,12,170,True,False
490200,5,16,12,244,True,False
490200,5,16,12,483,True,False
490500,5,16,12,25,True,False
490500,5,16,12,170,True,False
490500,5,16,12,244,True,False
490500,5,16,12,399,True,False
490800,5,16,12,25,True,False
490800,5,16,12,170,True,False
490800,5,16,12,244,True,False
490800,5,16,12,483,True,False
491100,5,16,12,25,True,False
491100,5,16,12,170,True,False
491100,5,16,12,483,True,True
491100,5,16,483,25,True,False
491100,5,16,483,170,True,False
491100,5,16,483,244,True,False
491400,5,16,12,25,True,False
491400,5,16,12,170,True,False
491400,5,16,12,244,True,False
491400,5,16,483,244,True,False
491700,5,16,12,170,True,False
491700,5,16,12,244,True,False
491700,5,16,483,244,True,False
492000,5,16,12,25,True,False
492000,5,16,12,244,True,False
492000,5,16,483,25,True,False
492000,5,16,483,170,True,False
492000,5,16,483,244,True,False
492300,5,16,12,25,True,False
492300,5,16,12,244,True,False
492300,5,16,483,25,True,False
492300,5,16,483,244,True,False
492600,5,16,12,25,True,False
492600,5,16,12,244,True,False
492600,5,16,483,181,True,False
492900,5,16,12,25,True,False
493200,5,17,12,25,True,False
496800,5,18,12,25,True,False
497100,5,18,12,25,True,False
497400,5,18,12,25,True,False
497700,5,18,12,25,True,False
498300,5,18,12,25,True,False
498600,5,18,12,25,True,False
498900,5,18,12,25,True,False
498900,5,18,12,473,True,False
498900,5,18,12,513,True,False
499200,5,18,12,25,True,False
499500,5,18,12,25,True,False
499800,5,18,12,25,True,False
500100,5,18,12,25,True,False
500400,5,19,12,25,True,False
501600,5,19,12,25,True,False
501900,5,19,12,25,True,False
501900,5,19,12,473,True,False
502200,5,19,12,25,True,False
502500,5,19,12,25,True,False
502800,5,19,12,25,True,False
503100,5,19,12,25,True,False
503100,5,19,12,438,True,False
503400,5,19,12,25,True,False
503700,5,19,12,25,True,False
504900,5,20,12,25,True,False
505500,5,20,12,25,True,False
505800,5,20,12,25,True,False
506100,5,20,12,25,True,False
506400,5,20,12,25,True,False
507000,5,20,12,25,True,False
507300,5,20,12,25,True,False
507900,5,21,12,25,True,False
508200,5,21,12,25,True,False
508500,5,21,12,25,True,False
510000,5,21,12,401,True,False
510300,5,21,12,25,True,False
510300,5,21,12,401,True,False
510300,5,21,12,458,True,False
510600,5,21,12,25,True,False
510600,5,21,12,370,True,False
510600,5,21,12,401,True,False
510600,5,21,12,458,True,False
510900,5,21,12,513,True,False
513900,5,22,12,513,True,False
515100,5,23,12,25,True,False
515400,5,23,12,25,True,False
515400,5,23,12,263,True,False
515400,5,23,12,405,True,False
515700,5,23,12,25,True,False
515700,5,23,12,263,True,False
516000,5,23,12,25,True,False
516000,5,23,12,492,True,False
517500,5,23,12,263,True,False
517800,5,23,12,197,True,False
518100,5,23,12,263,True,False
518400,6,0,12,492,True,False
518700,6,0,12,492,True,False
518700,6,0,12,513,True,False
519000,6,0,12,25,True,False
519000,6,0,12,492,True,False
519300,6,0,12,25,True,False
519300,6,0,12,263,True,False
519300,6,0,12,492,True,False
519600,6,0,12,492,True,False
519900,6,0,12,25,True,False
520200,6,0,12,79,True,False
520200,6,0,12,455,True,False
521100,6,0,12,25,True,False
521100,6,0,12,492,True,False
521400,6,0,12,263,True,False
521400,6,0,12,492,True,False
521700,6,0,12,263,True,False
521700,6,0,12,492,True,False
522000,6,1,12,492,True,False
522900,6,1,12,88,True,False
522900,6,1,12,263,True,False
522900,6,1,12,401,True,False
522900,6,1,12,455,True,False
522900,6,1,12,492,True,False
523200,6,1,12,263,True,False
524100,6,1,12,455,True,False
524400,6,1,12,25,True,False
525000,6,1,12,25,True,False
525000,6,1,12,401,True,False
525300,6,1,12,25,True,False
525300,6,1,12,88,True,False
525300,6,1,12,175,True,False
525300,6,1,12,401,True,False
525300,6,1,12,492,True,False
525600,6,2,12,492,True,False
525900,6,2,12,401,True,False
525900,6,2,12,485,True,True
525900,6,2,485,79,True,False
525900,6,2,485,401,True,False
526200,6,2,485,79,True,False
526500,6,2,12,492,True,False
526800,6,2,12,79,True,False
526800,6,2,12,175,True,False
526800,6,2,12,401,True,False
526800,6,2,485,79,True,False
527400,6,2,485,364,True,False
527400,6,2,12,492,True,False
527700,6,2,485,364,True,False
528000,6,2,485,401,True,False
528300,6,2,12,455,True,False
528300,6,2,485,364,True,False
528300,6,2,485,455,True,False
528300,6,2,12,513,True,False
528600,6,2,12,401,True,False
528600,6,2,485,455,True,False
529200,6,3,12,455,True,False
530100,6,3,485,79,True,False
530400,6,3,485,79,True,False
530700,6,3,485,79,True,False
531900,6,3,12,175,True,False
533100,6,4,485,175,True,False
536400,6,5,485,455,True,False
537300,6,5,485,180,True,False
537600,6,5,485,180,True,False
537900,6,5,485,180,True,False
538200,6,5,485,180,True,False
538500,6,5,485,180,True,False
539700,6,5,485,180,True,False
540600,6,6,485,180,True,False
540900,6,6,485,180,True,False
541800,6,6,485,180,True,False
542700,6,6,485,180,True,False
543600,6,7,485,180,True,False
544500,6,7,485,180,True,False
545100,6,7,485,180,True,False
545400,6,7,485,180,True,False
546900,6,7,485,180,True,False
547200,6,8,485,180,True,False
547500,6,8,485,180,True,False
547800,6,8,485,180,True,False
549000,6,8,485,180,True,False
549300,6,8,485,180,True,False
549600,6,8,485,180,True,False
549900,6,8,485,180,True,False
550500,6,8,485,179,True,False
550800,6,9,485,179,True,False
551400,6,9,485,180,True,False
551700,6,9,485,179,True,False
551700,6,9,485,180,True,False
552000,6,9,485,179,True,False
552000,6,9,485,180,True,False
552300,6,9,485,179,True,False
552300,6,9,485,180,True,False
552600,6,9,485,179,True,False
552900,6,9,485,179,True,False
552900,6,9,485,180,True,False
553500,6,9,485,180,True,False
553800,6,9,485,180,True,False
554100,6,9,485,180,True,False
554400,6,10,485,180,True,False
554700,6,10,485,180,True,False
555000,6,10,485,180,True,False
555300,6,10,485,180,True,False
555600,6,10,485,180,True,False
555900,6,10,485,180,True,False
556500,6,10,485,180,True,False
556800,6,10,485,180,True,False
557100,6,10,485,180,True,False
557400,6,10,485,180,True,False
562200,6,12,485,180,True,False
562800,6,12,485,180,True,False
566400,6,13,485,179,True,False
567000,6,13,485,179,True,False
568500,6,13,485,179,True,False
570600,6,14,485,180,True,False
576000,6,16,485,472,True,False
576300,6,16,485,472,True,False
576600,6,16,485,472,True,False
576900,6,16,485,472,True,False
577200,6,16,485,472,True,False
577500,6,16,485,472,True,False
577800,6,16,485,131,True,False
577800,6,16,485,280,True,False
578100,6,16,485,280,True,False
578400,6,16,485,280,True,False
578700,6,16,485,280,True,False
579000,6,16,485,280,True,False
579600,6,17,485,280,True,False
579600,6,17,485,472,True,False
579900,6,17,485,280,True,False
579900,6,17,485,472,True,False
580200,6,17,485,280,True,False
580200,6,17,485,472,True,False
580500,6,17,485,280,True,False
580500,6,17,485,472,True,False
580500,6,17,485,537,True,False
580800,6,17,485,280,True,False
581400,6,17,485,131,True,False
582000,6,17,485,280,True,False
582000,6,17,485,537,True,False
582600,6,17,485,280,True,False
582600,6,17,485,472,True,False
582600,6,17,485,537,True,False
582900,6,17,485,537,True,False
583200,6,18,485,537,True,False
583500,6,18,485,280,True,False
583500,6,18,485,537,True,False
583800,6,18,485,472,True,False
583800,6,18,485,537,True,False
584100,6,18,485,472,True,False
584400,6,18,485,194,True,False
584400,6,18,485,537,True,False
584700,6,18,485,280,True,False
584700,6,18,485,472,True,False
584700,6,18,485,537,True,False
585000,6,18,485,280,True,False
585000,6,18,485,472,True,False
585300,6,18,485,280,True,False
585300,6,18,485,537,True,False
585600,6,18,485,280,True,False
585600,6,18,485,472,True,False
585600,6,18,485,537,True,False
585900,6,18,485,280,True,False
586200,6,18,485,537,True,False
586500,6,18,485,472,True,False
586500,6,18,485,537,True,False
586800,6,19,485,472,True,False
587100,6,19,485,537,True,False
587400,6,19,485,280,True,False
587400,6,19,485,472,True,False
588300,6,19,485,280,True,False
588600,6,19,485,280,True,False
588600,6,19,485,537,True,False
588900,6,19,485,537,True,False
589200,6,19,485,194,True,False
589200,6,19,485,295,True,False
590400,6,20,485,194,True,False
590400,6,20,485,537,True,False
590700,6,20,485,537,True,False
591300,6,20,485,280,True,False
592200,6,20,485,294,True,False
593400,6,20,485,96,True,False
593400,6,20,485,524,True,False
593700,6,20,485,52,True,False
593700,6,20,485,176,True,False
593700,6,20,485,262,True,False
593700,6,20,485,294,True,False
593700,6,20,485,524,True,False
594000,6,21,485,524,True,False
594600,6,21,485,294,True,False
594900,6,21,485,280,True,False
594900,6,21,485,294,True,False
594900,6,21,485,537,True,False
595200,6,21,485,280,True,False
595500,6,21,485,280,True,False
595800,6,21,485,96,True,False
595800,6,21,485,578,True,False
596100,6,21,485,81,True,False
596100,6,21,485,176,True,False
596100,6,21,485,280,True,False
596400,6,21,485,194,True,False
596400,6,21,485,280,True,False
596700,6,21,485,52,True,False
596700,6,21,485,81,True,False
596700,6,21,485,280,True,False
597000,6,21,485,176,True,False
597000,6,21,485,280,True,False
597000,6,21,485,524,True,False
597600,6,22,485,75,True,False
597600,6,22,485,524,True,False
597900,6,22,485,108,True,False
597900,6,22,485,263,True,False
598200,6,22,485,52,True,False
598200,6,22,485,69,True,False
598200,6,22,485,578,True,False
598500,6,22,485,96,True,False
598500,6,22,485,194,True,False
598500,6,22,485,280,True,False
598800,6,22,485,108,True,False
598800,6,22,485,176,True,False
599100,6,22,485,280,True,False
599100,6,22,485,524,True,False
599400,6,22,485,52,True,False
599700,6,22,485,194,True,False
600300,6,22,485,108,True,False
600300,6,22,485,176,True,False
600300,6,22,485,194,True,False
600900,6,22,485,194,True,False
601200,6,23,485,96,True,False
601200,6,23,485,194,True,False
601200,6,23,485,221,True,False
601800,6,23,485,96,True,False
602100,6,23,485,75,True,False
602100,6,23,485,537,True,False
602400,6,23,485,96,True,False
602400,6,23,485,524,True,False
602400,6,23,485,537,True,False
602700,6,23,485,537,True,False
603000,6,23,485,96,True,False
603000,6,23,485,295,True,False
603600,6,23,485,263,True,False
603900,6,23,485,176,True,False
603900,6,23,485,524,True,False
604200,6,23,12,401,True,False
604200,6,23,485,401,True,False
604200,6,23,485,657,True,False
604500,6,23,12,401,True,False
604800,7,0,485,401,True,False
605100,7,0,485,176,True,False
605100,7,0,485,537,True,False
605400,7,0,485,75,True,False
605400,7,0,485,401,True,False
605700,7,0,485,52,True,False
605700,7,0,485,294,True,False
605700,7,0,485,524,True,False
605700,7,0,485,578,True,False
606000,7,0,485,294,True,False
606300,7,0,485,176,True,False
606600,7,0,485,81,True,False
607200,7,0,485,81,True,False
607200,7,0,485,401,True,False
607800,7,0,12,401,True,False
607800,7,0,485,358,True,False
608100,7,0,12,401,True,False
608400,7,1,12,401,True,False
609600,7,1,485,401,True,False
610200,7,1,485,401,True,False
610800,7,1,485,295,True,False
610800,7,1,485,373,True,False
611100,7,1,485,295,True,False
611100,7,1,485,324,True,False
611700,7,1,485,358,True,False
612000,7,2,485,358,True,False
612300,7,2,485,295,True,False
612300,7,2,485,358,True,False
612600,7,2,485,221,True,False
612600,7,2,485,295,True,False
612900,7,2,485,295,True,False
612900,7,2,485,524,True,False
613200,7,2,485,358,True,False
613200,7,2,485,524,True,False
613500,7,2,485,295,True,False
613500,7,2,485,358,True,False
613500,7,2,485,524,True,False
613800,7,2,485,358,True,False
614100,7,2,485,524,True,False
614400,7,2,485,52,True,False
632100,7,7,12,13,True,False
638400,7,9,12,13,True,False
648000,7,12,12,13,True,False
648300,7,12,12,13,True,False
649500,7,12,12,13,True,False
649800,7,12,12,13,True,False
650100,7,12,12,13,True,False
650700,7,12,12,13,True,False
651000,7,12,12,13,True,False
651900,7,13,12,13,True,False
652500,7,13,12,13,True,False
652800,7,13,12,13,True,False
655800,7,14,12,13,True,False
656400,7,14,12,13,True,False
656700,7,14,12,13,True,False
657000,7,14,12,13,True,False
657300,7,14,12,13,True,False
657600,7,14,12,13,True,False
658800,7,15,485,180,True,False
659100,7,15,12,13,True,False
659100,7,15,485,180,True,False
659100,7,15,12,492,True,False
659400,7,15,485,180,True,False
659400,7,15,12,492,True,False
660000,7,15,485,180,True,False
660300,7,15,12,13,True,False
660300,7,15,485,180,True,False
660300,7,15,12,492,True,False
660600,7,15,12,13,True,False
660600,7,15,485,180,True,False
660600,7,15,12,492,True,False
660900,7,15,12,13,True,False
660900,7,15,485,180,True,False
660900,7,15,12,492,True,False
661800,7,15,485,179,True,False
665400,7,16,485,52,True,False
665700,7,16,485,52,True,False
666000,7,17,485,52,True,False
666000,7,17,485,472,True,False
666300,7,17,485,52,True,False
666300,7,17,485,236,True,False
666300,7,17,485,283,True,False
666600,7,17,485,52,True,False
666600,7,17,485,236,True,False
666600,7,17,485,283,True,False
666900,7,17,485,52,True,False
666900,7,17,485,236,True,False
666900,7,17,485,283,True,False
666900,7,17,485,472,True,False
667200,7,17,485,52,True,False
667200,7,17,485,236,True,False
667200,7,17,485,472,True,False
667500,7,17,485,52,True,False
667500,7,17,485,236,True,False
667500,7,17,485,472,True,False
667800,7,17,485,52,True,False
668100,7,17,485,52,True,False
668100,7,17,485,472,True,False
668400,7,17,485,52,True,False
669000,7,17,485,166,True,False
669300,7,17,485,52,True,False
669300,7,17,485,166,True,False
669300,7,17,485,236,True,False
669600,7,18,485,52,True,False
669600,7,18,485,166,True,False
669600,7,18,485,236,True,False
669900,7,18,485,166,True,False
669900,7,18,485,236,True,False
670200,7,18,485,52,True,False
670200,7,18,485,166,True,False
670200,7,18,485,236,True,False
670500,7,18,485,52,True,False
670500,7,18,485,236,True,False
670800,7,18,485,52,True,False
671400,7,18,485,166,True,False
671700,7,18,485,166,True,False
672000,7,18,485,166,True,False
672000,7,18,485,236,True,False
672000,7,18,485,472,True,False
672300,7,18,485,166,True,False
672600,7,18,485,166,True,False
672600,7,18,485,472,True,False
672900,7,18,485,166,True,False
672900,7,18,485,236,True,False
673200,7,19,12,13,True,False
673200,7,19,485,166,True,False
673200,7,19,485,472,True,False
673500,7,19,485,166,True,False
673500,7,19,485,472,True,False
673800,7,19,485,166,True,False
673800,7,19,485,236,True,False
674100,7,19,485,166,True,False
674100,7,19,485,236,True,False
674100,7,19,485,472,True,False
674400,7,19,485,236,True,False
674700,7,19,485,166,True,False
674700,7,19,485,236,True,False
675000,7,19,485,166,True,False
675000,7,19,485,472,True,False
675300,7,19,485,166,True,False
675300,7,19,485,472,True,False
675600,7,19,485,166,True,False
675900,7,19,485,166,True,False
675900,7,19,485,236,True,False
676200,7,19,485,166,True,False
676200,7,19,485,236,True,False
676200,7,19,485,472,True,False
676500,7,19,485,166,True,False
676500,7,19,485,236,True,False
676500,7,19,485,472,True,False
676800,7,20,12,13,True,False
676800,7,20,485,166,True,False
677100,7,20,12,13,True,False
677100,7,20,485,166,True,False
677100,7,20,485,472,True,False
677400,7,20,12,13,True,False
677400,7,20,485,166,True,False
677400,7,20,485,236,True,False
677400,7,20,485,472,True,False
677700,7,20,12,13,True,False
677700,7,20,485,166,True,False
677700,7,20,485,236,True,False
677700,7,20,485,472,True,False
678000,7,20,12,13,True,False
678000,7,20,485,166,True,False
678000,7,20,485,280,True,False
678300,7,20,12,13,True,False
678300,7,20,485,166,True,False
678300,7,20,485,236,True,False
678300,7,20,485,280,True,False
678300,7,20,485,472,True,False
678600,7,20,12,13,True,False
678600,7,20,485,166,True,False
678600,7,20,485,236,True,False
678600,7,20,485,280,True,False
678600,7,20,485,472,True,False
678900,7,20,485,166,True,False
678900,7,20,485,280,True,False
678900,7,20,485,472,True,False
679200,7,20,485,166,True,False
679200,7,20,485,236,True,False
679200,7,20,485,280,True,False
679200,7,20,485,472,True,False
679500,7,20,485,166,True,False
679500,7,20,485,236,True,False
679500,7,20,485,280,True,False
679500,7,20,485,472,True,False
680100,7,20,12,13,True,False
680100,7,20,485,166,True,False
680100,7,20,485,280,True,False
680400,7,21,485,166,True,False
680400,7,21,485,280,True,False
680700,7,21,12,13,True,False
680700,7,21,485,166,True,False
680700,7,21,485,236,True,False
680700,7,21,485,472,True,False
681000,7,21,12,13,True,False
681000,7,21,485,166,True,False
681000,7,21,485,236,True,False
681300,7,21,12,13,True,False
681300,7,21,485,166,True,False
681300,7,21,485,236,True,False
681600,7,21,485,166,True,False
681900,7,21,485,166,True,False
682200,7,21,12,13,True,True
682200,7,21,485,166,True,False
682200,7,21,485,236,True,False
682500,7,21,485,166,True,False
682500,7,21,485,280,True,False
682500,7,21,485,472,True,False
682800,7,21,485,166,True,False
682800,7,21,485,472,True,False
683100,7,21,485,166,True,False
683100,7,21,485,280,True,False
683100,7,21,485,472,True,False
683400,7,21,485,166,True,False
683400,7,21,485,236,True,False
683400,7,21,485,472,True,False
683700,7,21,485,166,True,False
683700,7,21,485,280,True,False
683700,7,21,485,472,True,False
684000,7,22,485,166,True,False
684000,7,22,485,236,True,False
684000,7,22,485,280,True,False
684000,7,22,485,472,True,False
684300,7,22,485,166,True,False
684300,7,22,485,236,True,False
684300,7,22,485,472,True,False
684600,7,22,485,472,True,False
684900,7,22,485,166,True,False
684900,7,22,485,236,True,False
684900,7,22,485,472,True,False
685200,7,22,485,166,True,False
685200,7,22,485,472,True,False
685500,7,22,485,166,True,False
685500,7,22,485,236,True,False
685500,7,22,485,472,True,False
685800,7,22,485,166,True,False
685800,7,22,485,472,True,False
686100,7,22,485,166,True,False
686100,7,22,485,236,True,False
686100,7,22,485,472,True,False
686400,7,22,485,166,True,False
686400,7,22,485,236,True,False
686400,7,22,485,472,True,False
686700,7,22,485,166,True,False
686700,7,22,485,472,True,False
687000,7,22,485,166,True,False
687000,7,22,485,472,True,False
687300,7,22,485,166,True,False
687300,7,22,485,472,True,False
687600,7,23,485,166,True,False
687900,7,23,485,166,True,False
687900,7,23,485,472,True,False
688200,7,23,485,166,True,False
688200,7,23,485,472,True,False
688500,7,23,485,69,True,False
688500,7,23,485,472,True,False
688800,7,23,485,472,True,False
688800,7,23,13,492,True,False
689100,7,23,485,472,True,False
690900,7,23,485,180,True,False
691500,8,0,485,180,True,False
691800,8,0,485,180,True,False
692400,8,0,485,180,True,False
693000,8,0,485,180,True,False
693300,8,0,485,180,True,False
693900,8,0,485,180,True,False
694500,8,0,485,180,True,False
694800,8,1,485,180,True,False
695100,8,1,485,180,True,False
695400,8,1,485,180,True,False
695700,8,1,485,180,True,False
696000,8,1,485,180,True,False
696300,8,1,485,180,True,False
696600,8,1,485,180,True,False
697200,8,1,485,180,True,False
697800,8,1,485,401,True,False
698100,8,1,485,401,True,False
698400,8,2,485,401,True,False
699900,8,2,485,401,True,False
699900,8,2,12,635,True,False
700500,8,2,485,180,True,False
700800,8,2,485,180,True,False
701400,8,2,485,180,True,False
701700,8,2,485,180,True,False
702000,8,3,485,180,True,False
702600,8,3,485,180,True,False
703500,8,3,485,180,True,False
703800,8,3,485,180,True,False
704100,8,3,485,180,True,False
704400,8,3,485,180,True,False
704700,8,3,485,180,True,False
705000,8,3,485,180,True,False
705300,8,3,485,180,True,False
705600,8,4,485,180,True,False
705900,8,4,485,180,True,False
706200,8,4,485,180,True,False
706500,8,4,485,180,True,False
706800,8,4,12,635,True,False
707100,8,4,485,180,True,False
707700,8,4,485,180,True,False
708000,8,4,485,180,True,False
708300,8,4,485,180,True,False
720000,8,8,485,181,True,False
720300,8,8,485,181,True,False
720600,8,8,485,181,True,False
720900,8,8,485,181,True,False
721200,8,8,485,181,True,False
721200,8,8,485,260,True,False
721500,8,8,485,181,True,False
721800,8,8,485,181,True,False
723000,8,8,485,465,True,False
723300,8,8,485,151,True,False
723300,8,8,485,228,True,False
723600,8,9,485,449,True,False
723900,8,9,485,151,True,False
723900,8,9,485,449,True,False
724500,8,9,485,228,True,False
724500,8,9,485,556,True,False
724800,8,9,485,151,True,False
725100,8,9,485,228,True,False
725400,8,9,485,151,True,False
725400,8,9,485,228,True,False
725700,8,9,485,180,True,False
725700,8,9,485,228,True,False
726000,8,9,485,180,True,False
726300,8,9,485,151,True,False
726300,8,9,485,180,True,False
726600,8,9,485,151,True,False
726600,8,9,485,228,True,False
726900,8,9,485,151,True,False
726900,8,9,485,180,True,False
727200,8,10,485,180,True,False
727200,8,10,485,556,True,False
727200,8,10,485,571,True,False
727800,8,10,485,151,True,False
727800,8,10,485,180,True,False
727800,8,10,485,556,True,False
728100,8,10,485,449,True,False
728400,8,10,485,180,True,False
728700,8,10,485,151,True,False
728700,8,10,485,180,True,False
728700,8,10,485,556,True,False
729000,8,10,485,180,True,False
729000,8,10,485,571,True,False
729300,8,10,485,151,True,False
729300,8,10,485,556,True,False
729600,8,10,485,151,True,False
729600,8,10,485,180,True,False
729900,8,10,485,180,True,False
730200,8,10,485,180,True,False
730200,8,10,485,556,True,False
730200,8,10,485,571,True,False
730500,8,10,485,180,True,False
730800,8,11,485,151,True,False
730800,8,11,485,180,True,False
731100,8,11,485,151,True,False
731100,8,11,485,180,True,False
731400,8,11,12,472,True,False
731400,8,11,485,571,True,False
731700,8,11,12,472,True,False
731700,8,11,485,151,True,False
731700,8,11,485,180,True,False
731700,8,11,485,571,True,False
732000,8,11,12,472,True,False
732000,8,11,485,180,True,False
732000,8,11,485,556,True,False
732000,8,11,485,578,True,False
732300,8,11,12,472,True,False
732300,8,11,485,180,True,False
732300,8,11,485,449,True,False
732900,8,11,485,90,True,False
732900,8,11,485,180,True,False
732900,8,11,485,571,True,False
733200,8,11,483,109,True,False
733200,8,11,485,180,True,False
733200,8,11,485,571,True,False
733200,8,11,483,682,True,False
733500,8,11,485,180,True,False
733800,8,11,485,180,True,False
734100,8,11,483,6,True,False
734400,8,12,12,226,True,False
734700,8,12,485,180,True,False
735000,8,12,485,180,True,False
735000,8,12,483,536,True,False
735300,8,12,485,179,True,False
735600,8,12,485,179,True,False
735600,8,12,485,180,True,False
736500,8,12,12,72,True,False
737100,8,12,13,11,True,False
737100,8,12,483,636,True,False
737400,8,12,483,555,True,False
737700,8,12,12,167,True,False
737700,8,12,12,170,True,False
737700,8,12,483,555,True,False
738000,8,13,12,25,True,False
738000,8,13,12,155,True,False
738000,8,13,12,170,True,False
738000,8,13,12,244,True,False
738000,8,13,12,462,True,False
738000,8,13,12,508,True,False
738000,8,13,483,508,True,False
738000,8,13,12,555,True,False
738000,8,13,483,555,True,False
738000,8,13,12,645,True,False
738300,8,13,12,244,True,False
738300,8,13,483,129,True,False
738300,8,13,483,244,True,False
738300,8,13,483,508,True,False
738300,8,13,483,555,True,False
738300,8,13,483,561,True,False
738300,8,13,12,645,True,False
738600,8,13,12,244,True,False
738600,8,13,483,508,True,False
738600,8,13,483,555,True,False
738600,8,13,12,645,True,False
738900,8,13,12,155,True,False
738900,8,13,12,244,True,False
738900,8,13,12,423,True,False
738900,8,13,483,129,True,False
738900,8,13,483,508,True,False
738900,8,13,483,555,True,False
738900,8,13,12,645,True,False
739200,8,13,12,25,True,False
739200,8,13,12,155,True,False
739200,8,13,12,170,True,False
739200,8,13,12,244,True,False
739200,8,13,483,129,True,False
739200,8,13,12,555,True,False
739200,8,13,483,555,True,False
739200,8,13,12,645,True,False
739500,8,13,12,155,True,False
739500,8,13,12,170,True,False
739500,8,13,12,244,True,False
739500,8,13,483,55,True,False
739500,8,13,12,645,True,False
739800,8,13,12,155,True,False
739800,8,13,12,244,True,False
739800,8,13,483,508,True,False
740100,8,13,12,244,True,False
740100,8,13,483,129,True,False
740100,8,13,12,508,True,False
740100,8,13,483,508,True,False
740100,8,13,483,555,True,False
740400,8,13,483,129,True,False
740400,8,13,12,508,True,False
740400,8,13,483,508,True,False
740400,8,13,483,555,True,False
740400,8,13,12,645,True,False
740700,8,13,12,155,True,False
740700,8,13,12,244,True,False
740700,8,13,483,129,True,False
740700,8,13,12,508,True,False
740700,8,13,483,508,True,False
740700,8,13,12,645,True,False
741000,8,13,12,25,True,False
741000,8,13,483,129,True,False
741000,8,13,483,508,True,False
741000,8,13,483,555,True,False
741000,8,13,483,613,True,False
741000,8,13,12,645,True,False
741300,8,13,12,155,True,False
741300,8,13,12,508,True,False
741600,8,14,13,52,True,False
741600,8,14,483,129,True,False
741900,8,14,13,52,True,False
741900,8,14,12,155,True,False
741900,8,14,12,170,True,False
741900,8,14,12,244,True,False
741900,8,14,12,508,True,False
741900,8,14,483,555,True,False
741900,8,14,483,613,True,False
741900,8,14,12,645,True,False
742200,8,14,13,52,True,False
742200,8,14,12,170,True,False
742200,8,14,12,244,True,False
742200,8,14,483,129,True,False
742200,8,14,483,508,True,False
742200,8,14,483,555,True,False
742200,8,14,12,645,True,False
742500,8,14,13,52,True,False
742500,8,14,12,170,True,False
742500,8,14,12,244,True,False
742500,8,14,483,129,True,False
742500,8,14,483,508,True,False
742500,8,14,483,555,True,False
742800,8,14,13,52,True,False
742800,8,14,12,170,True,False
742800,8,14,12,244,True,False
742800,8,14,483,129,True,False
742800,8,14,483,170,True,False
742800,8,14,12,508,True,False
742800,8,14,483,508,True,False
742800,8,14,483,555,True,False
742800,8,14,12,645,True,False
743100,8,14,13,52,True,False
743100,8,14,12,170,True,False
743100,8,14,12,244,True,False
743100,8,14,483,129,True,False
743100,8,14,12,508,True,False
743100,8,14,483,508,True,False
743100,8,14,483,555,True,False
743100,8,14,12,645,True,False
743400,8,14,12,25,True,False
743400,8,14,13,52,True,False
743400,8,14,12,170,True,False
743400,8,14,12,244,True,False
743400,8,14,483,129,True,False
743400,8,14,483,508,True,False
743400,8,14,12,645,True,False
743700,8,14,12,25,True,False
743700,8,14,13,52,True,False
743700,8,14,12,244,True,False
743700,8,14,12,508,True,False
743700,8,14,483,508,True,False
744000,8,14,13,52,True,False
744000,8,14,12,170,True,False
744000,8,14,12,508,True,False
744000,8,14,483,508,True,False
744000,8,14,483,555,True,False
744300,8,14,13,52,True,False
744300,8,14,483,555,True,False
744600,8,14,12,25,True,False
744600,8,14,13,52,True,False
744600,8,14,12,244,True,False
744600,8,14,12,508,True,False
744600,8,14,483,508,True,False
744600,8,14,483,555,True,False
744900,8,14,13,52,True,False
744900,8,14,12,155,True,False
744900,8,14,12,170,True,False
744900,8,14,12,244,True,False
744900,8,14,12,508,True,False
744900,8,14,483,508,True,False
744900,8,14,12,645,True,False
745200,8,15,12,25,True,False
745200,8,15,12,359,True,False
745200,8,15,483,561,True,False
745500,8,15,12,244,True,False
745800,8,15,13,52,True,False
745800,8,15,13,598,True,False
746100,8,15,13,52,True,False
746100,8,15,483,106,True,False
746100,8,15,13,598,True,False
746400,8,15,12,25,True,False
746400,8,15,13,52,True,False
746400,8,15,12,244,True,False
746700,8,15,12,25,True,False
747000,8,15,12,25,True,False
747000,8,15,12,244,True,False
747000,8,15,483,547,True,False
747300,8,15,12,25,True,False
747300,8,15,12,244,True,False
747300,8,15,483,520,True,False
747600,8,15,12,244,True,False
747900,8,15,12,25,True,False
747900,8,15,12,244,True,False
748200,8,15,12,25,True,False
748200,8,15,12,244,True,False
748500,8,15,12,25,True,False
748500,8,15,12,244,True,False
748500,8,15,483,106,True,False
748800,8,16,12,25,True,False
748800,8,16,12,244,True,False
748800,8,16,483,575,True,False
749100,8,16,12,25,True,False
749100,8,16,12,244,True,False
749100,8,16,13,598,True,False
749400,8,16,12,25,True,False
749400,8,16,12,244,True,False
749400,8,16,13,598,True,False
749700,8,16,12,25,True,False
749700,8,16,12,244,True,False
749700,8,16,13,598,True,False
750000,8,16,12,25,True,False
750000,8,16,12,244,True,False
750000,8,16,483,55,True,False
750300,8,16,12,25,True,False
750300,8,16,12,244,True,False
750300,8,16,13,598,True,False
750600,8,16,12,25,True,False
750600,8,16,12,244,True,False
750600,8,16,13,598,True,False
750900,8,16,12,25,True,False
750900,8,16,12,244,True,False
750900,8,16,13,598,True,False
751200,8,16,12,25,True,False
751200,8,16,12,244,True,False
751500,8,16,12,25,True,False
751500,8,16,12,244,True,False
751800,8,16,12,25,True,False
751800,8,16,13,598,True,False
752100,8,16,12,25,True,False
752100,8,16,13,598,True,False
752400,8,17,12,25,True,False
752400,8,17,13,598,True,False
752700,8,17,12,25,True,False
752700,8,17,12,244,True,False
753000,8,17,12,25,True,False
753000,8,17,12,244,True,False
753000,8,17,485,180,True,False
753300,8,17,12,25,True,False
753300,8,17,12,244,True,False
753300,8,17,485,180,True,False
753900,8,17,12,25,True,False
753900,8,17,12,244,True,False
754200,8,17,12,25,True,False
754200,8,17,12,244,True,False
754500,8,17,12,25,True,False
754500,8,17,12,244,True,False
754500,8,17,13,281,True,False
754800,8,17,12,25,True,False
754800,8,17,12,244,True,False
754800,8,17,13,281,True,False
755100,8,17,12,25,True,False
755100,8,17,12,244,True,False
755400,8,17,12,25,True,False
755400,8,17,12,244,True,False
755700,8,17,12,25,True,False
755700,8,17,12,244,True,False
756000,8,18,12,25,True,False
756000,8,18,12,244,True,False
756300,8,18,12,25,True,False
757200,8,18,13,262,True,False
757500,8,18,13,262,True,False
757800,8,18,13,262,True,False
758100,8,18,13,262,True,False
758700,8,18,13,262,True,False
761700,8,19,13,101,True,False
761700,8,19,13,531,True,False
762000,8,19,13,101,True,False
762300,8,19,13,250,True,False
762300,8,19,13,471,True,True
762300,8,19,13,531,True,False
762900,8,19,13,101,True,False
762900,8,19,13,250,True,False
762900,8,19,471,250,True,False
763200,8,20,13,101,True,False
763500,8,20,13,101,True,False
763800,8,20,13,101,True,False
763800,8,20,13,250,True,False
763800,8,20,485,180,True,False
763800,8,20,13,677,True,False
764100,8,20,13,101,True,False
764400,8,20,13,101,True,False
764400,8,20,13,250,True,False
764400,8,20,13,677,True,False
764700,8,20,12,461,True,False
764700,8,20,13,677,True,False
765000,8,20,485,472,True,False
765300,8,20,471,250,True,False
767400,8,21,13,461,True,False
770700,8,22,12,461,True,False
771600,8,22,12,461,True,False
771900,8,22,485,472,True,False
772200,8,22,12,461,True,False
772200,8,22,485,472,True,False
772800,8,22,12,461,True,False
773100,8,22,13,461,True,False
773400,8,22,13,461,True,False
777600,9,0,485,180,True,False
777900,9,0,485,180,True,False
778200,9,0,485,180,True,False
778500,9,0,485,180,True,False
779100,9,0,485,180,True,False
780000,9,0,485,180,True,False
780300,9,0,485,180,True,False
780600,9,0,485,180,True,False
780900,9,0,485,180,True,False
781200,9,1,485,180,True,False
786600,9,2,13,635,True,False
788100,9,2,13,635,True,False
788400,9,3,485,180,True,False
798000,9,5,485,180,True,False
799500,9,6,485,180,True,False
805800,9,7,485,180,True,False
807600,9,8,485,180,True,False
808500,9,8,485,180,True,False
808800,9,8,485,179,True,False
808800,9,8,485,180,True,False
813000,9,9,485,182,True,False
813000,9,9,485,358,True,False
813300,9,9,485,81,True,False
813300,9,9,485,182,True,False
813300,9,9,485,658,True,False
813900,9,10,485,358,True,False
814200,9,10,485,358,True,False
815700,9,10,485,65,True,False
816600,9,10,485,90,True,False
816600,9,10,485,358,True,False
816900,9,10,485,358,True,False
817500,9,11,485,358,True,False
817800,9,11,485,182,True,False
817800,9,11,485,358,True,False
818100,9,11,485,182,True,False
818100,9,11,485,358,True,False
818400,9,11,485,182,True,False
818400,9,11,485,358,True,False
818700,9,11,485,182,True,False
818700,9,11,485,358,True,False
819000,9,11,485,182,True,False
819000,9,11,485,358,True,False
819300,9,11,485,182,True,False
819300,9,11,485,358,True,False
819600,9,11,485,182,True,False
819600,9,11,485,358,True,False
819900,9,11,485,358,True,False
820200,9,11,485,182,True,False
821700,9,12,485,179,True,False
822000,9,12,485,179,True,False
822300,9,12,485,179,True,False
823800,9,12,13,286,True,False
823800,9,12,13,421,True,False
824100,9,12,12,65,True,False
824100,9,12,13,286,True,False
824100,9,12,13,360,True,False
824400,9,13,13,52,True,False
824400,9,13,12,360,True,False
824700,9,13,12,52,True,False
824700,9,13,13,52,True,False
824700,9,13,13,244,True,False
824700,9,13,12,576,True,False
824700,9,13,13,576,True,False
824700,9,13,13,585,True,False
825000,9,13,12,52,True,False
825000,9,13,13,52,True,False
825000,9,13,12,244,True,False
825000,9,13,13,244,True,False
825000,9,13,12,576,True,False
825300,9,13,12,52,True,False
825300,9,13,13,52,True,False
825300,9,13,13,244,True,False
825600,9,13,12,52,True,False
825600,9,13,13,52,True,False
825600,9,13,13,244,True,False
825600,9,13,12,273,True,False
825600,9,13,12,576,True,False
825600,9,13,12,668,True,False
825900,9,13,12,52,True,False
825900,9,13,13,244,True,False
825900,9,13,12,576,True,False
826200,9,13,12,52,True,False
826200,9,13,13,52,True,False
826200,9,13,12,576,True,False
826500,9,13,13,52,True,False
826500,9,13,12,244,True,False
826500,9,13,485,90,True,False
826500,9,13,12,668,True,False
826800,9,13,13,49,True,False
826800,9,13,13,52,True,False
826800,9,13,12,244,True,False
826800,9,13,13,612,True,False
827100,9,13,13,52,True,False
827100,9,13,12,244,True,False
827100,9,13,13,275,True,False
827100,9,13,13,342,True,False
827400,9,13,13,52,True,False
827400,9,13,12,244,True,False
827400,9,13,485,90,True,False
827400,9,13,13,585,True,False
827700,9,13,12,52,True,False
827700,9,13,13,52,True,False
827700,9,13,485,90,True,False
827700,9,13,12,547,True,False
828000,9,14,12,52,True,False
828000,9,14,13,52,True,False
828000,9,14,13,244,True,False
828000,9,14,485,90,True,False
828300,9,14,12,52,True,False
828600,9,14,12,52,True,False
828600,9,14,485,521,True,False
828600,9,14,13,668,True,False
828900,9,14,12,52,True,False
829800,9,14,12,244,True,False
830400,9,14,12,244,True,False
830700,9,14,12,244,True,False
831000,9,14,12,244,True,False
832500,9,15,471,472,True,False
833100,9,15,12,189,True,False
833700,9,15,471,472,True,False
834000,9,15,471,472,True,False
834300,9,15,471,472,True,False
834900,9,15,471,472,True,False
835200,9,16,12,189,True,False
835200,9,16,471,472,True,False
835800,9,16,471,472,True,False
836100,9,16,471,472,True,False
836400,9,16,471,472,True,False
837000,9,16,471,472,True,False
837300,9,16,471,472,True,False
837600,9,16,471,472,True,True
839700,9,17,485,180,True,False
840000,9,17,485,180,True,False
840300,9,17,485,180,True,False
840300,9,17,13,542,True,False
840600,9,17,13,542,True,False
840900,9,17,485,180,True,False
840900,9,17,13,542,True,False
841200,9,17,13,542,True,False
841500,9,17,485,180,True,False
842100,9,17,485,180,True,False
842100,9,17,13,542,True,False
842400,9,18,13,542,True,False
842700,9,18,13,542,True,False
843000,9,18,13,542,True,False
843900,9,18,485,180,True,False
844200,9,18,485,180,True,False
845700,9,18,485,180,True,False
845700,9,18,13,542,True,False
846000,9,19,13,542,True,False
846300,9,19,13,542,True,False
846900,9,19,485,180,True,False
847200,9,19,485,180,True,False
847500,9,19,485,180,True,False
851100,9,20,485,180,True,False
851400,9,20,485,180,True,False
851700,9,20,485,180,True,False
852000,9,20,485,180,True,False
852900,9,20,485,180,True,False
853500,9,21,485,180,True,False
853500,9,21,12,492,True,False
853800,9,21,12,492,True,False
854100,9,21,485,180,True,False
854100,9,21,12,492,True,False
854400,9,21,485,180,True,False
854400,9,21,12,492,True,False
854700,9,21,485,180,True,False
854700,9,21,12,492,True,False
855000,9,21,12,11,True,False
855000,9,21,485,180,True,False
855000,9,21,12,492,True,False
855300,9,21,12,11,True,False
855300,9,21,485,180,True,False
855300,9,21,12,492,True,False
855600,9,21,12,492,True,False
855900,9,21,12,11,True,False
855900,9,21,12,492,True,False
856200,9,21,12,11,True,False
856200,9,21,12,492,True,False
856500,9,21,485,180,True,False
856500,9,21,12,492,True,False
856800,9,22,12,492,True,False
857100,9,22,485,180,True,False
857100,9,22,12,492,True,False
857400,9,22,12,492,True,False
857700,9,22,485,180,True,False
857700,9,22,12,492,True,False
858000,9,22,12,492,True,False
858300,9,22,12,11,True,False
858300,9,22,485,180,True,False
858300,9,22,12,492,True,False
858600,9,22,12,492,True,False
859200,9,22,485,180,True,False
859500,9,22,485,180,True,False
859800,9,22,485,180,True,False
859800,9,22,12,492,True,False
859800,9,22,485,666,True,False
860100,9,22,12,492,True,False
860400,9,23,485,180,True,False
860400,9,23,12,492,True,False
860700,9,23,485,180,True,False
860700,9,23,12,492,True,False
861000,9,23,12,492,True,False
861300,9,23,12,492,True,False
861600,9,23,485,180,True,False
861600,9,23,12,492,True,False
861900,9,23,485,180,True,False
861900,9,23,12,492,True,False
862200,9,23,12,492,True,False
862200,9,23,13,542,True,False
866100,10,0,485,180,True,False
867300,10,0,485,180,True,False
867600,10,1,485,180,True,False
867900,10,1,485,180,True,False
868200,10,1,485,180,True,False
868500,10,1,485,180,True,False
870000,10,1,13,11,True,False
874200,10,2,485,180,True,False
878400,10,4,485,180,True,False
882000,10,5,12,461,True,False
889200,10,7,485,180,True,False
891600,10,7,485,23,True,False
891900,10,7,485,23,True,False
891900,10,7,485,180,True,False
892200,10,7,485,23,True,False
892200,10,7,485,180,True,False
892500,10,7,485,23,True,False
892800,10,8,485,23,True,False
892800,10,8,485,358,True,False
893100,10,8,13,54,True,False
893100,10,8,485,23,True,False
893400,10,8,13,269,True,False
893400,10,8,13,475,True,False
893400,10,8,485,23,True,False
893400,10,8,485,90,True,False
893700,10,8,13,120,True,False
893700,10,8,13,475,True,False
893700,10,8,485,23,True,False
894000,10,8,13,54,True,False
894000,10,8,485,358,True,False
894300,10,8,13,54,True,False
894300,10,8,13,269,True,False
894300,10,8,13,403,True,False
894300,10,8,485,536,True,False
894600,10,8,13,54,True,False
894600,10,8,13,475,True,False
894600,10,8,485,358,True,False
894900,10,8,13,54,True,False
894900,10,8,485,23,True,False
894900,10,8,485,124,True,False
894900,10,8,485,358,True,False
895200,10,8,471,191,True,False
895200,10,8,471,437,True,False
895200,10,8,485,23,True,False
895200,10,8,485,358,True,False
895500,10,8,13,54,True,False
895500,10,8,471,191,True,False
895500,10,8,13,475,True,False
895500,10,8,485,23,True,False
895500,10,8,485,124,True,False
895500,10,8,485,182,True,False
895500,10,8,485,358,True,False
895800,10,8,471,191,True,False
895800,10,8,471,250,True,False
895800,10,8,13,475,True,False
895800,10,8,485,90,True,False
895800,10,8,485,358,True,False
896100,10,8,13,54,True,False
896100,10,8,13,412,True,False
896100,10,8,471,191,True,False
896100,10,8,471,250,True,False
896100,10,8,13,475,True,False
896100,10,8,485,23,True,False
896100,10,8,485,124,True,False
896100,10,8,485,358,True,False
896100,10,8,471,531,True,False
896100,10,8,485,536,True,False
896400,10,9,471,191,True,False
896400,10,9,471,250,True,False
896400,10,9,471,437,True,False
896400,10,9,485,23,True,False
896400,10,9,485,182,True,False
896400,10,9,485,358,True,False
896700,10,9,485,23,True,False
896700,10,9,485,358,True,False
897000,10,9,485,23,True,False
897000,10,9,485,182,True,False
897000,10,9,485,358,True,False
897300,10,9,485,23,True,False
897300,10,9,485,182,True,False
897300,10,9,485,358,True,False
897600,10,9,485,182,True,False
897600,10,9,485,358,True,False
897600,10,9,13,637,True,False
897900,10,9,485,23,True,False
897900,10,9,485,182,True,False
897900,10,9,485,358,True,False
898200,10,9,485,23,True,False
898200,10,9,485,358,True,False
898500,10,9,485,23,True,False
898500,10,9,485,358,True,False
898800,10,9,485,23,True,False
898800,10,9,485,182,True,False
898800,10,9,485,358,True,False
899100,10,9,485,182,True,False
899100,10,9,485,358,True,False
899400,10,9,485,23,True,False
899400,10,9,485,182,True,False
899400,10,9,485,358,True,False
899700,10,9,485,23,True,False
899700,10,9,485,182,True,False
899700,10,9,485,358,True,False
900000,10,10,12,170,True,False
900000,10,10,12,302,True,False
900000,10,10,485,23,True,False
900000,10,10,485,182,True,False
900300,10,10,12,170,True,False
900300,10,10,12,302,True,False
900300,10,10,12,359,True,False
900300,10,10,485,182,True,False
900300,10,10,485,358,True,False
900600,10,10,12,302,True,False
900600,10,10,485,90,True,False
900900,10,10,12,302,True,False
900900,10,10,485,23,True,False
900900,10,10,485,182,True,False
901200,10,10,485,23,True,False
901200,10,10,485,90,True,False
901200,10,10,485,182,True,False
901500,10,10,12,302,True,False
901500,10,10,485,23,True,False
901500,10,10,485,90,True,False
901500,10,10,485,182,True,False
901500,10,10,485,358,True,False
901800,10,10,12,278,True,False
901800,10,10,485,23,True,False
901800,10,10,485,90,True,False
901800,10,10,485,182,True,False
901800,10,10,485,358,True,False
902100,10,10,12,95,True,False
902100,10,10,12,336,True,False
902100,10,10,485,23,True,False
902100,10,10,485,90,True,False
902100,10,10,485,182,True,False
902100,10,10,485,358,True,False
902400,10,10,12,302,True,False
902400,10,10,485,90,True,False
902400,10,10,485,182,True,False
902700,10,10,12,302,True,False
902700,10,10,485,23,True,False
902700,10,10,485,90,True,False
902700,10,10,485,182,True,False
902700,10,10,472,628,True,False
903000,10,10,12,302,True,False
903000,10,10,472,116,True,False
903000,10,10,485,23,True,False
903000,10,10,485,90,True,False
903000,10,10,485,182,True,False
903000,10,10,472,628,True,False
903300,10,10,472,116,True,False
903300,10,10,485,23,True,False
903300,10,10,485,90,True,False
903300,10,10,485,182,True,False
903300,10,10,485,358,True,False
903300,10,10,12,519,True,False
903300,10,10,472,628,True,False
903600,10,11,12,302,True,False
903600,10,11,485,23,True,False
903600,10,11,485,90,True,False
903600,10,11,485,182,True,False
903600,10,11,12,519,True,False
903900,10,11,12,302,True,False
903900,10,11,485,3,True,False
903900,10,11,485,182,True,False
903900,10,11,485,358,True,False
904200,10,11,12,302,True,False
904200,10,11,485,182,True,False
904500,10,11,12,302,True,False
904800,10,11,12,170,True,False
905100,10,11,12,585,True,False
905400,10,11,12,676,True,False
906000,10,11,12,656,True,False
906600,10,11,12,386,True,False
906900,10,11,12,368,True,False
907500,10,12,12,386,True,False
907500,10,12,485,358,True,False
907500,10,12,13,665,True,False
907800,10,12,485,90,True,False
907800,10,12,485,405,True,False
908100,10,12,485,48,True,False
908100,10,12,485,405,True,False
908100,10,12,485,682,True,False
908400,10,12,485,90,True,False
908400,10,12,485,358,True,False
908400,10,12,485,405,True,False
908700,10,12,12,244,True,False
908700,10,12,485,90,True,False
908700,10,12,485,358,True,False
908700,10,12,485,405,True,False
908700,10,12,12,555,True,False
908700,10,12,485,682,True,False
909000,10,12,12,244,True,False
909000,10,12,485,90,True,False
909000,10,12,485,358,True,False
909000,10,12,485,405,True,False
909000,10,12,12,555,True,False
909000,10,12,485,682,True,False
909300,10,12,12,421,True,False
909300,10,12,485,90,True,False
909300,10,12,485,405,True,False
909600,10,12,485,358,True,False
909600,10,12,12,555,True,False
909900,10,12,485,48,True,False
909900,10,12,485,405,True,False
909900,10,12,12,555,True,False
909900,10,12,485,682,True,False
910200,10,12,12,244,True,False
910200,10,12,12,555,True,False
910500,10,12,12,155,True,False
910500,10,12,12,244,True,False
910500,10,12,485,536,True,False
910800,10,13,12,155,True,False
910800,10,13,12,244,True,False
910800,10,13,12,555,True,False
911100,10,13,12,155,True,False
911100,10,13,12,386,True,False
911100,10,13,12,421,True,False
911100,10,13,12,555,True,False
911400,10,13,12,155,True,False
911400,10,13,12,244,True,False
911400,10,13,12,555,True,False
911700,10,13,12,155,True,False
911700,10,13,12,645,True,False
912000,10,13,12,155,True,False
912000,10,13,12,244,True,False
912000,10,13,12,278,True,False
912000,10,13,12,421,True,False
912000,10,13,12,555,True,False
912300,10,13,12,155,True,False
912300,10,13,12,244,True,False
912300,10,13,12,278,True,False
912300,10,13,12,555,True,False
912600,10,13,12,31,True,False
912600,10,13,12,155,True,False
912600,10,13,12,244,True,False
912600,10,13,12,421,True,False
912600,10,13,12,555,True,False
912900,10,13,12,155,True,False
912900,10,13,12,170,True,False
912900,10,13,485,348,True,False
912900,10,13,12,555,True,False
913200,10,13,12,155,True,False
913200,10,13,12,555,True,False
913200,10,13,12,645,True,False
913500,10,13,12,244,True,False
913800,10,13,12,244,True,False
914100,10,13,12,244,True,False
914400,10,14,12,155,True,False
914400,10,14,12,170,True,False
914400,10,14,12,278,True,False
914400,10,14,12,514,True,False
914400,10,14,12,645,True,False
914700,10,14,12,155,True,False
914700,10,14,12,278,True,False
915000,10,14,12,155,True,False
915000,10,14,12,278,True,False
915000,10,14,485,358,True,False
915000,10,14,12,547,True,False
915300,10,14,12,244,True,False
915300,10,14,12,278,True,False
915600,10,14,12,244,True,False
915900,10,14,12,244,True,False
916200,10,14,12,155,True,False
916200,10,14,12,244,True,False
916500,10,14,12,244,True,False
916800,10,14,12,155,True,False
916800,10,14,12,244,True,False
916800,10,14,12,399,True,False
917100,10,14,12,155,True,False
917100,10,14,12,244,True,False
917400,10,14,12,155,True,False
917400,10,14,12,244,True,False
917700,10,14,12,155,True,False
917700,10,14,12,244,True,False
918000,10,15,12,155,True,False
918000,10,15,12,244,True,False
918000,10,15,12,278,True,False
918300,10,15,12,155,True,False
918300,10,15,12,170,True,False
918300,10,15,12,244,True,False
918300,10,15,12,645,True,False
918600,10,15,12,244,True,False
918600,10,15,485,358,True,False
919500,10,15,12,31,True,False
919500,10,15,12,155,True,False
919500,10,15,12,170,True,False
919500,10,15,12,244,True,False
919500,10,15,12,399,True,False
919500,10,15,12,514,True,False
919500,10,15,12,645,True,False
919800,10,15,12,244,True,False
919800,10,15,12,645,True,False
920100,10,15,12,244,True,False
920100,10,15,12,645,True,False
920400,10,15,12,244,True,False
920400,10,15,485,536,True,False
920400,10,15,12,645,True,False
920700,10,15,12,244,True,False
921000,10,15,12,244,True,False
921000,10,15,471,250,True,False
921000,10,15,471,324,True,False
921000,10,15,471,437,True,False
921000,10,15,471,583,True,False
921300,10,15,471,191,True,False
921300,10,15,485,182,True,False
921600,10,16,471,191,True,False
921600,10,16,471,437,True,False
921900,10,16,471,191,True,False
921900,10,16,471,583,True,False
922200,10,16,12,244,True,False
922200,10,16,12,399,True,False
922200,10,16,471,191,True,False
922200,10,16,471,437,True,False
922200,10,16,485,536,True,False
922500,10,16,12,244,True,False
922500,10,16,471,191,True,False
922800,10,16,471,191,True,False
922800,10,16,471,437,True,False
923100,10,16,12,88,True,False
923100,10,16,471,191,True,False
925200,10,17,471,652,True,False
925500,10,17,471,652,True,False
925800,10,17,485,180,True,False
926400,10,17,485,180,True,False
926400,10,17,12,492,True,False
926700,10,17,13,262,True,False
926700,10,17,485,180,True,False
926700,10,17,12,492,True,False
927000,10,17,13,262,True,False
927000,10,17,485,180,True,False
927300,10,17,13,262,True,False
927600,10,17,13,262,True,False
927900,10,17,485,180,True,False
928200,10,17,12,283,True,False
928200,10,17,485,180,True,False
928500,10,17,472,324,True,False
928500,10,17,485,180,True,False
928800,10,18,472,262,True,False
928800,10,18,472,263,True,False
928800,10,18,472,324,True,False
928800,10,18,485,180,True,False
928800,10,18,12,492,True,False
929100,10,18,12,283,True,False
929100,10,18,12,492,True,False
929400,10,18,12,283,True,False
929400,10,18,472,176,True,False
929400,10,18,472,262,True,False
929400,10,18,472,263,True,False
929400,10,18,472,324,True,False
929400,10,18,12,492,True,False
929700,10,18,472,176,True,False
929700,10,18,472,263,True,False
929700,10,18,472,657,True,False
930000,10,18,472,176,True,False
930000,10,18,472,262,True,False
930000,10,18,472,263,True,False
930000,10,18,472,657,True,False
930300,10,18,472,176,True,False
930300,10,18,472,262,True,False
930300,10,18,472,263,True,False
930300,10,18,472,657,True,False
930600,10,18,472,176,True,False
930600,10,18,472,262,True,False
930600,10,18,472,263,True,False
930600,10,18,472,657,True,False
930900,10,18,13,283,True,False
930900,10,18,472,176,True,False
930900,10,18,472,262,True,False
930900,10,18,472,263,True,False
930900,10,18,13,492,True,False
930900,10,18,472,657,True,False
931200,10,18,472,52,True,False
931200,10,18,472,176,True,False
931200,10,18,472,262,True,False
931200,10,18,472,263,True,False
931200,10,18,472,657,True,False
931500,10,18,472,52,True,False
931500,10,18,472,176,True,False
931500,10,18,472,263,True,False
931500,10,18,12,492,True,False
931500,10,18,472,657,True,False
931800,10,18,13,283,True,False
931800,10,18,472,52,True,False
931800,10,18,472,176,True,False
931800,10,18,472,262,True,False
931800,10,18,472,263,True,False
932100,10,18,472,176,True,False
932100,10,18,472,262,True,False
932100,10,18,472,263,True,False
932100,10,18,13,492,True,False
932100,10,18,472,657,True,False
932400,10,19,12,283,True,False
932400,10,19,13,283,True,False
932400,10,19,13,492,True,False
932700,10,19,12,283,True,False
932700,10,19,13,283,True,False
932700,10,19,12,492,True,False
933000,10,19,12,283,True,False
933600,10,19,12,283,True,False
934200,10,19,472,176,True,False
934200,10,19,472,221,True,False
934500,10,19,12,283,True,False
934500,10,19,472,176,True,False
934500,10,19,485,180,True,False
934800,10,19,13,283,True,False
934800,10,19,472,176,True,False
935100,10,19,13,283,True,False
935100,10,19,472,176,True,False
935100,10,19,472,221,True,False
935400,10,19,13,283,True,False
935400,10,19,472,221,True,False
935700,10,19,472,176,True,False
935700,10,19,472,221,True,False
935700,10,19,485,452,True,False
935700,10,19,472,657,True,False
936000,10,20,472,262,True,False
936300,10,20,472,176,True,False
936300,10,20,472,262,True,False
936300,10,20,472,263,True,False
936600,10,20,13,342,True,False
936600,10,20,472,52,True,False
936600,10,20,472,176,True,False
936600,10,20,485,452,True,False
936900,10,20,485,452,True,False
937200,10,20,485,461,True,False
941700,10,21,485,23,True,False
946500,10,22,485,180,True,False
946800,10,23,485,180,True,False
947700,10,23,485,180,True,False
948000,10,23,485,180,True,False
948300,10,23,485,180,True,False
948900,10,23,485,180,True,False
949200,10,23,485,180,True,False
949500,10,23,485,180,True,False
949800,10,23,485,180,True,False
950100,10,23,485,180,True,False
950400,11,0,485,180,True,False
950700,11,0,485,180,True,False
951000,11,0,485,180,True,False
951300,11,0,485,180,True,False
951600,11,0,485,180,True,False
953100,11,0,485,180,True,False
953700,11,0,485,180,True,False
954900,11,1,485,180,True,False
955800,11,1,485,180,True,False
957000,11,1,485,180,True,False
957300,11,1,485,180,True,False
959100,11,2,485,180,True,False
962700,11,3,485,180,True,False
964500,11,3,485,180,True,False
968700,11,5,485,180,True,False
969900,11,5,485,180,True,False
973800,11,6,485,180,True,False
975000,11,6,12,11,True,False
978000,11,7,12,11,True,False
981300,11,8,483,613,True,False
982200,11,8,483,613,True,False
983400,11,9,12,105,True,False
983400,11,9,483,613,True,False
983700,11,9,13,11,True,False
983700,11,9,12,529,True,False
984300,11,9,483,244,True,False
984900,11,9,483,613,True,False
985200,11,9,12,105,True,False
985200,11,9,12,529,True,False
985200,11,9,483,547,True,False
985500,11,9,12,105,True,False
985500,11,9,12,170,True,False
985500,11,9,12,529,True,False
985800,11,9,12,529,True,False
986100,11,9,12,105,True,False
986100,11,9,12,529,True,False
986400,11,10,12,529,True,False
986700,11,10,12,529,True,False
987300,11,10,12,244,True,False
987300,11,10,483,215,True,False
987300,11,10,483,399,True,False
987600,11,10,12,244,True,False
987600,11,10,483,235,True,False
987600,11,10,483,309,True,False
987900,11,10,12,244,True,False
987900,11,10,483,34,True,False
987900,11,10,483,235,True,False
988200,11,10,12,244,True,False
988200,11,10,12,258,True,False
988200,11,10,483,427,True,False
988500,11,10,483,25,True,False
988800,11,10,483,235,True,False
989100,11,10,12,244,True,False
989100,11,10,12,258,True,False
989400,11,10,12,244,True,False
989400,11,10,12,258,True,False
989700,11,10,12,244,True,False
989700,11,10,12,258,True,False
989700,11,10,483,555,True,False
990000,11,11,12,244,True,False
990000,11,11,483,349,True,False
990300,11,11,12,25,True,False
990300,11,11,12,129,True,False
990300,11,11,12,167,True,False
990300,11,11,12,244,True,False
990600,11,11,12,129,True,False
990600,11,11,12,244,True,False
990600,11,11,12,292,True,False
990600,11,11,483,175,True,False
990600,11,11,483,243,True,False
990600,11,11,483,399,True,False
990900,11,11,12,25,True,False
990900,11,11,483,243,True,False
990900,11,11,483,309,True,False
990900,11,11,483,349,True,False
990900,11,11,483,613,True,False
991200,11,11,12,129,True,False
991200,11,11,12,244,True,False
991500,11,11,12,129,True,False
991500,11,11,12,170,True,False
991500,11,11,12,244,True,False
991500,11,11,483,349,True,False
991800,11,11,12,170,True,False
991800,11,11,12,244,True,False
991800,11,11,483,349,True,False
991800,11,11,483,613,True,False
992100,11,11,12,215,True,False
992100,11,11,483,349,True,False
994200,11,12,12,244,True,False
994200,11,12,13,269,True,False
994500,11,12,12,25,True,False
994500,11,12,13,269,True,False
994500,11,12,485,48,True,False
994500,11,12,485,405,True,False
994500,11,12,485,555,True,False
994500,11,12,485,682,True,False
994800,11,12,12,25,True,False
994800,11,12,12,244,True,False
994800,11,12,13,269,True,False
994800,11,12,13,405,True,False
994800,11,12,485,48,True,False
994800,11,12,485,405,True,False
995100,11,12,12,25,True,False
995100,11,12,12,244,True,False
995100,11,12,13,269,True,False
995100,11,12,485,339,True,False
995100,11,12,485,405,True,False
995100,11,12,13,682,True,False
995100,11,12,485,682,True,False
995400,11,12,12,25,True,False
995400,11,12,12,244,True,False
995400,11,12,485,48,True,False
995400,11,12,485,339,True,False
995400,11,12,485,405,True,False
995400,11,12,485,555,True,False
995400,11,12,485,682,True,False
995700,11,12,12,25,True,False
995700,11,12,12,244,True,False
995700,11,12,13,358,True,False
995700,11,12,485,263,True,False
995700,11,12,485,339,True,False
995700,11,12,485,358,True,False
995700,11,12,13,682,True,False
996000,11,12,12,25,True,False
996300,11,12,12,25,True,False
996300,11,12,12,244,True,False
996300,11,12,485,358,True,False
996600,11,12,12,25,True,False
996600,11,12,12,244,True,False
996600,11,12,471,217,True,False
996600,11,12,485,358,True,False
996600,11,12,13,527,True,False
996900,11,12,12,25,True,False
996900,11,12,12,244,True,False
996900,11,12,471,217,True,False
997200,11,13,12,25,True,False
997200,11,13,12,244,True,False
997200,11,13,471,217,True,False
997500,11,13,12,25,True,False
997500,11,13,12,244,True,False
997500,11,13,471,217,True,False
997500,11,13,485,180,True,False
997800,11,13,12,25,True,False
997800,11,13,12,244,True,False
997800,11,13,485,180,True,False
998100,11,13,12,25,True,False
998100,11,13,12,244,True,False
998100,11,13,485,180,True,False
998400,11,13,485,180,True,False
998700,11,13,485,180,True,False
999000,11,13,12,244,True,False
999000,11,13,13,314,True,False
999000,11,13,485,180,True,False
999000,11,13,13,567,True,False
999300,11,13,12,244,True,False
999600,11,13,12,244,True,False
999600,11,13,13,341,True,False
999600,11,13,13,640,True,False
999900,11,13,485,180,True,False
999900,11,13,13,527,True,False
1000200,11,13,12,244,True,False
1000200,11,13,485,180,True,False
1000500,11,13,485,180,True,False
1000800,11,14,485,180,True,False
1001100,11,14,12,244,True,False
1001400,11,14,12,244,True,False
1001700,11,14,12,244,True,False
1002000,11,14,12,244,True,False
1002300,11,14,12,244,True,False
1002900,11,14,12,244,True,False
1002900,11,14,13,394,True,False
1002900,11,14,485,180,True,False
1003200,11,14,12,244,True,False
1003200,11,14,485,180,True,False
1003500,11,14,485,180,True,False
1003800,11,14,485,180,True,False
1004100,11,14,13,174,True,False
1004100,11,14,485,180,True,False
1004400,11,15,485,180,True,False
1004400,11,15,13,527,True,False
1004700,11,15,13,314,True,False
1004700,11,15,12,362,True,False
1004700,11,15,485,180,True,False
1004700,11,15,13,527,True,False
1005000,11,15,13,314,True,False
1005000,11,15,13,527,True,False
1005300,11,15,13,314,True,False
1005300,11,15,485,180,True,False
1005300,11,15,13,527,True,False
1005600,11,15,13,314,True,False
1005600,11,15,485,180,True,False
1005600,11,15,13,527,True,False
1006200,11,15,13,314,True,False
1006200,11,15,13,527,True,False
1006500,11,15,13,527,True,False
1007100,11,15,485,180,True,False
1007100,11,15,13,527,True,False
1007100,11,15,12,664,True,False
1007400,11,15,485,180,True,False
1007400,11,15,13,527,True,False
1007400,11,15,12,664,True,False
1007700,11,15,13,527,True,False
1008000,11,16,13,314,True,False
1008000,11,16,13,527,True,False
1008300,11,16,13,314,True,False
1008300,11,16,13,527,True,False
1008600,11,16,13,527,True,False
1008900,11,16,13,527,True,False
1009200,11,16,13,314,True,False
1009200,11,16,13,527,True,False
1009200,11,16,12,664,True,False
1009500,11,16,13,527,True,False
1009800,11,16,13,314,True,False
1009800,11,16,485,180,True,False
1009800,11,16,13,527,True,False
1010100,11,16,13,527,True,False
1010400,11,16,13,237,True,False
1010400,11,16,13,527,True,False
1010700,11,16,13,527,True,False
1011000,11,16,13,527,True,False
1011300,11,16,13,527,True,False
1011600,11,17,13,527,True,False
1011900,11,17,12,190,True,False
1011900,11,17,13,314,True,False
1011900,11,17,13,527,True,False
1012200,11,17,13,314,True,False
1012200,11,17,13,527,True,False
1012500,11,17,12,217,True,False
1012500,11,17,13,527,True,False
1016100,11,18,12,492,True,False
1016400,11,18,12,492,True,False
1016700,11,18,12,51,True,False
1016700,11,18,12,492,True,False
1017000,11,18,12,492,True,False
1017300,11,18,12,109,True,False
1018200,11,18,13,461,True,False
1021500,11,19,13,11,True,False
1021800,11,19,13,492,True,False
1022100,11,19,13,492,True,False
1022400,11,20,12,280,True,False
1022400,11,20,485,664,True,False
1022700,11,20,12,190,True,False
1022700,11,20,12,243,True,False
1022700,11,20,12,273,True,False
1022700,11,20,485,415,True,False
1022700,11,20,485,441,True,False
1023000,11,20,13,461,True,False
1023300,11,20,485,157,True,False
1023300,11,20,12,528,True,False
1023600,11,20,13,461,True,False
1023600,11,20,485,344,True,False
1023600,11,20,485,441,True,False
1023900,11,20,12,100,True,False
1023900,11,20,13,461,True,False
1023900,11,20,485,528,True,False
1024200,11,20,12,100,True,False
1024200,11,20,485,157,True,False
1024200,11,20,485,415,True,False
1024500,11,20,485,528,True,False
1024800,11,20,485,263,True,False
1025100,11,20,485,157,True,False
1025100,11,20,485,173,True,False
1025100,11,20,485,263,True,False
1025100,11,20,485,528,True,False
1025700,11,20,485,157,True,False
1025700,11,20,485,263,True,False
1025700,11,20,485,528,True,False
1026000,11,21,485,122,True,False
1026300,11,21,485,528,True,False
1026600,11,21,485,263,True,False
1026600,11,21,485,280,True,False
1026600,11,21,485,415,True,False
1026600,11,21,485,528,True,False
1026900,11,21,485,157,True,False
1026900,11,21,485,415,True,False
1027200,11,21,485,528,True,False
1027500,11,21,485,157,True,False
1027500,11,21,485,263,True,False
1027500,11,21,485,344,True,False
1027500,11,21,485,378,True,False
1027800,11,21,485,280,True,False
1027800,11,21,485,528,True,False
1028400,11,21,485,157,True,False
1028400,11,21,485,263,True,False
1028400,11,21,485,528,True,False
1028700,11,21,485,157,True,False
1028700,11,21,485,263,True,False
1028700,11,21,485,457,True,False
1029000,11,21,485,157,True,False
1029000,11,21,485,280,True,False
1029000,11,21,485,441,True,False
1029000,11,21,485,457,True,False
1029000,11,21,485,528,True,False
1029900,11,22,485,378,True,False
1029900,11,22,485,598,True,False
1030200,11,22,485,95,True,False
1032000,11,22,485,311,True,False
1032000,11,22,485,457,True,False
1032900,11,22,485,122,True,False
1032900,11,22,485,297,True,False
1032900,11,22,485,415,True,False
1033800,11,23,485,235,True,False
1033800,11,23,485,528,True,False
1034100,11,23,485,88,True,False
1034100,11,23,485,157,True,False
1034700,11,23,485,122,True,False
1034700,11,23,485,263,True,False
1034700,11,23,485,528,True,False
1035000,11,23,485,81,True,False
1035300,11,23,485,81,True,False
1035300,11,23,485,190,True,False
1035300,11,23,485,263,True,False
1035900,11,23,485,81,True,False
1035900,11,23,485,190,True,False
1036200,11,23,485,190,True,False
1036500,11,23,485,81,True,False
1036500,11,23,485,190,True,False
1036800,12,0,485,190,True,False
1037100,12,0,485,95,True,False
1037100,12,0,485,157,True,False
1037100,12,0,485,262,True,False
1037400,12,0,485,551,True,False
1037700,12,0,485,88,True,False
1037700,12,0,485,122,True,False
1037700,12,0,485,415,True,False
1038000,12,0,485,415,True,False
1038000,12,0,485,457,True,False
1038300,12,0,485,415,True,False
1038600,12,0,485,457,True,False
1073400,12,10,471,669,True,False
1073700,12,10,471,669,True,False
1074000,12,10,471,669,True,False
1074900,12,10,13,222,True,False
1075200,12,10,13,222,True,False
1075500,12,10,13,222,True,False
1075500,12,10,12,226,True,False
1075500,12,10,12,258,True,False
1075500,12,10,12,376,True,False
1075800,12,10,13,222,True,False
1075800,12,10,13,269,True,False
1075800,12,10,13,444,True,False
1075800,12,10,12,677,True,False
1076100,12,10,13,222,True,False
1076100,12,10,12,311,True,False
1076400,12,11,13,222,True,False
1076400,12,11,12,376,True,False
1076400,12,11,13,444,True,False
1076400,12,11,471,366,True,False
1076700,12,11,13,222,True,False
1076700,12,11,12,244,True,False
1076700,12,11,13,267,True,False
1076700,12,11,12,376,True,False
1076700,12,11,13,444,True,False
1076700,12,11,471,366,True,False
1077000,12,11,12,154,True,False
1077000,12,11,12,192,True,False
1077000,12,11,13,222,True,False
1077000,12,11,12,244,True,False
1077000,12,11,12,376,True,False
1077000,12,11,471,366,True,False
1077000,12,11,12,506,True,False
1077300,12,11,13,222,True,False
1077300,12,11,12,244,True,False
1077300,12,11,12,376,True,False
1077300,12,11,13,402,True,False
1077300,12,11,13,444,True,False
1077300,12,11,12,691,True,False
1077600,12,11,13,222,True,False
1077600,12,11,12,244,True,False
1077600,12,11,12,376,True,False
1077900,12,11,13,222,True,False
1077900,12,11,12,244,True,False
1077900,12,11,12,376,True,False
1077900,12,11,13,486,True,False
1078200,12,11,13,222,True,False
1078500,12,11,13,222,True,False
1078500,12,11,13,444,True,False
1078800,12,11,12,192,True,False
1079100,12,11,13,222,True,False
1079100,12,11,13,444,True,False
1079400,12,11,12,154,True,False
1079400,12,11,13,222,True,False
1079400,12,11,12,244,True,False
1079400,12,11,13,269,True,False
1079400,12,11,12,326,True,False
1079400,12,11,12,376,True,False
1079400,12,11,13,444,True,False
1079700,12,11,12,244,True,False
1079700,12,11,12,376,True,False
1080000,12,12,12,244,True,False
1080300,12,12,12,244,True,False
1080300,12,12,12,376,True,False
1080600,12,12,12,244,True,False
1080900,12,12,12,244,True,False
1080900,12,12,12,376,True,False
1081200,12,12,12,25,True,False
1081200,12,12,13,64,True,False
1081200,12,12,12,244,True,False
1081200,12,12,12,376,True,False
1081500,12,12,12,25,True,False
1081500,12,12,12,244,True,False
1081500,12,12,12,376,True,False
1081800,12,12,12,25,True,False
1081800,12,12,12,244,True,False
1081800,12,12,12,376,True,False
1082100,12,12,12,25,True,False
1082100,12,12,12,244,True,False
1082100,12,12,12,376,True,False
1082400,12,12,12,25,True,False
1082400,12,12,13,35,True,False
1082400,12,12,13,179,True,False
1082400,12,12,13,180,True,False
1082400,12,12,13,230,True,False
1082400,12,12,12,244,True,False
1082400,12,12,13,294,True,False
1082400,12,12,12,376,True,False
1082700,12,12,12,25,True,False
1082700,12,12,12,244,True,False
1082700,12,12,12,376,True,False
1082700,12,12,13,468,True,False
1083000,12,12,12,25,True,False
1083000,12,12,12,244,True,False
1083000,12,12,12,376,True,False
1083300,12,12,12,25,True,False
1083300,12,12,12,244,True,False
1083300,12,12,12,376,True,False
1083600,12,13,12,25,True,False
1083600,12,13,12,244,True,False
1083600,12,13,12,376,True,False
1083600,12,13,13,452,True,False
1083600,12,13,13,610,True,False
1083900,12,13,12,25,True,False
1083900,12,13,13,52,True,False
1083900,12,13,13,194,True,False
1083900,12,13,12,244,True,False
1083900,12,13,12,376,True,False
1083900,12,13,13,452,True,False
1083900,12,13,13,489,True,False
1083900,12,13,13,505,True,False
1084200,12,13,12,25,True,False
1084200,12,13,12,155,True,False
1084200,12,13,13,194,True,False
1084200,12,13,12,244,True,False
1084200,12,13,12,376,True,False
1084500,12,13,12,25,True,False
1084500,12,13,12,244,True,False
1084500,12,13,12,376,True,False
1084800,12,13,12,25,True,False
1084800,12,13,12,244,True,False
1084800,12,13,12,376,True,False
1084800,12,13,483,155,True,False
1085100,12,13,12,25,True,False
1085100,12,13,13,192,True,False
1085100,12,13,12,244,True,False
1085100,12,13,13,294,True,False
1085100,12,13,12,376,True,False
1085100,12,13,483,155,True,False
1085100,12,13,483,170,True,False
1085100,12,13,483,645,True,False
1085400,12,13,12,25,True,False
1085400,12,13,12,244,True,False
1085400,12,13,13,294,True,False
1085400,12,13,12,376,True,False
1085400,12,13,483,155,True,False
1085700,12,13,12,25,True,False
1085700,12,13,12,170,True,False
1085700,12,13,13,194,True,False
1085700,12,13,12,244,True,False
1085700,12,13,13,294,True,False
1085700,12,13,12,376,True,False
1086000,12,13,13,194,True,False
1086000,12,13,13,294,True,False
1086000,12,13,483,155,True,False
1086300,12,13,13,311,True,False
1086300,12,13,483,170,True,False
1086900,12,13,12,25,True,False
1086900,12,13,12,155,True,False
1086900,12,13,13,296,True,False
1086900,12,13,13,308,True,False
1086900,12,13,483,170,True,False
1086900,12,13,13,583,True,False
1087200,12,14,12,25,True,False
1087200,12,14,12,244,True,False
1087200,12,14,13,296,True,False
1087200,12,14,12,376,True,False
1087200,12,14,13,665,True,False
1087500,12,14,12,25,True,False
1087500,12,14,12,244,True,False
1087500,12,14,13,294,True,False
1087500,12,14,12,376,True,False
1087800,12,14,12,25,True,False
1087800,12,14,12,244,True,False
1087800,12,14,13,294,True,False
1087800,12,14,12,376,True,False
1087800,12,14,483,155,True,False
1088100,12,14,12,25,True,False
1088100,12,14,12,244,True,False
1088100,12,14,12,376,True,False
1088400,12,14,12,25,True,False
1088400,12,14,12,244,True,False
1088400,12,14,13,294,True,False
1088400,12,14,12,376,True,False
1088400,12,14,483,376,True,False
1088700,12,14,12,25,True,False
1088700,12,14,12,244,True,False
1088700,12,14,12,376,True,False
1088700,12,14,483,31,True,False
1089000,12,14,12,25,True,False
1089000,12,14,12,244,True,False
1089000,12,14,12,376,True,False
1089000,12,14,483,155,True,False
1089300,12,14,12,25,True,False
1089300,12,14,13,180,True,False
1089300,12,14,12,244,True,False
1089300,12,14,13,326,True,False
1089300,12,14,12,376,True,False
1089300,12,14,483,31,True,False
1089300,12,14,483,555,True,False
1089600,12,14,12,25,True,False
1089600,12,14,12,244,True,False
1089600,12,14,12,376,True,False
1089600,12,14,483,31,True,False
1089900,12,14,12,25,True,False
1089900,12,14,12,244,True,False
1089900,12,14,13,263,True,False
1089900,12,14,12,376,True,False
1089900,12,14,13,378,True,False
1089900,12,14,483,555,True,False
1089900,12,14,483,645,True,False
1090200,12,14,12,25,True,False
1090200,12,14,12,244,True,False
1090200,12,14,13,263,True,False
1090200,12,14,12,376,True,False
1090200,12,14,483,25,True,False
1090200,12,14,483,170,True,False
1090500,12,14,12,25,True,False
1090500,12,14,12,376,True,False
1090500,12,14,483,555,True,False
1090800,12,15,12,25,True,False
1090800,12,15,12,244,True,False
1090800,12,15,12,376,True,False
1090800,12,15,483,170,True,False
1091100,12,15,12,25,True,False
1091100,12,15,12,244,True,False
1091100,12,15,12,376,True,False
1091100,12,15,483,25,True,False
1091100,12,15,483,155,True,False
1091100,12,15,483,555,True,False
1091400,12,15,12,25,True,False
1091400,12,15,12,170,True,False
1091400,12,15,12,244,True,False
1091400,12,15,12,376,True,False
1091700,12,15,12,25,True,False
1091700,12,15,12,244,True,False
1091700,12,15,12,376,True,False
1091700,12,15,483,31,True,False
1091700,12,15,483,155,True,False
1091700,12,15,483,555,True,False
1091700,12,15,483,645,True,False
1092000,12,15,12,25,True,False
1092000,12,15,12,244,True,False
1092000,12,15,12,376,True,False
1092000,12,15,483,555,True,False
1092300,12,15,12,25,True,False
1092300,12,15,12,244,True,False
1092300,12,15,13,308,True,False
1092300,12,15,12,376,True,False
1092300,12,15,483,155,True,False
1092300,12,15,483,170,True,False
1092300,12,15,483,555,True,False
1092300,12,15,13,585,True,False
1092600,12,15,12,25,True,False
1092600,12,15,12,244,True,False
1092600,12,15,12,376,True,False
1092600,12,15,483,155,True,False
1092600,12,15,13,608,True,False
1092600,12,15,483,645,True,False
1092900,12,15,12,25,True,False
1092900,12,15,13,231,True,False
1092900,12,15,12,376,True,False
1092900,12,15,483,170,True,False
1092900,12,15,483,278,True,False
1093200,12,15,12,25,True,False
1093200,12,15,13,101,True,False
1093200,12,15,13,231,True,False
1093200,12,15,12,244,True,False
1093200,12,15,12,376,True,False
1093200,12,15,483,155,True,False
1093200,12,15,483,555,True,False
1093500,12,15,12,25,True,False
1093500,12,15,12,155,True,False
1093500,12,15,12,244,True,False
1093500,12,15,12,376,True,False
1093500,12,15,483,555,True,False
1093800,12,15,12,25,True,False
1093800,12,15,12,244,True,False
1093800,12,15,483,645,True,False
1094100,12,15,483,31,True,False
1094100,12,15,483,155,True,False
1094100,12,15,483,278,True,False
1094100,12,15,483,645,True,False
1094400,12,16,13,433,True,False
1094700,12,16,12,25,True,False
1094700,12,16,483,155,True,False
1094700,12,16,483,170,True,False
1094700,12,16,483,645,True,False
1095000,12,16,12,25,True,False
1095000,12,16,483,155,True,False
1095000,12,16,483,170,True,False
1095000,12,16,483,514,True,False
1095000,12,16,483,645,True,False
1095300,12,16,483,599,True,False
1095600,12,16,12,25,True,False
1095600,12,16,13,677,True,False
1095900,12,16,13,101,True,False
1096200,12,16,12,25,True,False
1096200,12,16,13,291,True,False
1096200,12,16,13,364,True,False
1096200,12,16,13,583,True,False
1096500,12,16,12,25,True,False
1096500,12,16,13,73,True,False
1096500,12,16,13,136,True,False
1096800,12,16,13,50,True,False
1096800,12,16,13,109,True,False
1096800,12,16,13,288,True,False
1096800,12,16,13,308,True,False
1097100,12,16,12,25,True,False
1097100,12,16,13,283,True,False
1097100,12,16,13,288,True,False
1097100,12,16,13,308,True,False
1097700,12,16,12,25,True,False
1097700,12,16,13,109,True,False
1098000,12,17,12,25,True,False
1098000,12,17,13,109,True,False
1098000,12,17,13,308,True,False
1098000,12,17,13,405,True,False
1098000,12,17,13,457,True,False
1098000,12,17,13,688,True,False
1098300,12,17,12,25,True,False
1098300,12,17,12,192,True,False
1098300,12,17,13,308,True,False
1098600,12,17,12,25,True,False
1098600,12,17,13,109,True,False
1098600,12,17,13,288,True,False
1098600,12,17,12,291,True,False
1098600,12,17,13,308,True,False
1098600,12,17,12,401,True,False
1098900,12,17,12,25,True,False
1098900,12,17,13,96,True,False
1098900,12,17,13,512,True,False
1098900,12,17,12,682,True,False
1099200,12,17,12,192,True,False
1099200,12,17,13,308,True,False
1099500,12,17,12,25,True,False
1099500,12,17,13,25,True,False
1099500,12,17,13,288,True,False
1099500,12,17,13,308,True,False
1099500,12,17,12,682,True,False
1099800,12,17,13,308,True,False
1100100,12,17,13,109,True,False
1100100,12,17,13,192,True,False
1100100,12,17,13,308,True,False
1100100,12,17,472,405,True,False
1100400,12,17,12,25,True,False
1100400,12,17,13,96,True,False
1100400,12,17,13,308,True,False
1100400,12,17,13,311,True,False
1100400,12,17,13,470,True,False
1100400,12,17,13,682,True,False
1100400,12,17,13,688,True,False
1100700,12,17,12,25,True,False
1100700,12,17,13,470,True,False
1100700,12,17,13,688,True,False
1101000,12,17,12,25,True,False
1101300,12,17,12,25,True,False
1101300,12,17,12,423,True,False
1101300,12,17,472,190,True,False
1101300,12,17,472,239,True,False
1101600,12,18,13,358,True,False
1101900,12,18,13,358,True,False
1102200,12,18,12,25,True,False
1102200,12,18,13,294,True,False
1102500,12,18,12,25,True,False
1102500,12,18,13,405,True,False
1102800,12,18,13,190,True,False
1102800,12,18,12,197,True,False
1102800,12,18,12,358,True,False
1103100,12,18,13,25,True,False
1103400,12,18,12,25,True,False
1103400,12,18,13,25,True,False
1103400,12,18,13,197,True,False
1103700,12,18,12,25,True,False
1104000,12,18,12,25,True,False
1104300,12,18,12,25,True,False
1104300,12,18,472,358,True,False
1104600,12,18,472,521,True,False
1105800,12,19,12,25,True,False
1106100,12,19,12,470,True,False
1107000,12,19,472,521,True,False
1107300,12,19,472,358,True,False
1107900,12,19,472,521,True,False
1108200,12,19,12,25,True,False
1108500,12,19,12,25,True,False
1108500,12,19,472,521,True,False
1108800,12,20,12,25,True,False
1108800,12,20,12,137,True,False
1108800,12,20,12,454,True,False
1108800,12,20,472,521,True,False
1109100,12,20,12,25,True,False
1109100,12,20,12,454,True,False
1109700,12,20,472,521,True,False
1110000,12,20,12,25,True,False
1110000,12,20,12,137,True,False
1110000,12,20,12,454,True,False
1110000,12,20,472,358,True,False
1110000,12,20,472,521,True,False
1110300,12,20,472,358,True,False
1110600,12,20,12,137,True,False
1110600,12,20,12,454,True,False
1110600,12,20,472,358,True,False
1110600,12,20,472,521,True,False
1110900,12,20,12,137,True,False
1110900,12,20,12,454,True,False
1110900,12,20,472,358,True,False
1110900,12,20,472,521,True,False
1111200,12,20,12,95,True,False
1111200,12,20,12,131,True,False
1111200,12,20,12,137,True,False
1111200,12,20,12,197,True,False
1111200,12,20,472,358,True,False
1111200,12,20,472,521,True,False
1111200,12,20,12,545,True,False
1111500,12,20,12,25,True,False
1111500,12,20,12,131,True,False
1111500,12,20,12,137,True,False
1111500,12,20,12,454,True,False
1111500,12,20,472,521,True,False
1111800,12,20,12,454,True,False
1111800,12,20,472,521,True,False
1111800,12,20,12,545,True,False
1112100,12,20,12,25,True,False
1112100,12,20,472,521,True,False
1112400,12,21,12,25,True,False
1112400,12,21,472,521,True,False
1112700,12,21,12,25,True,False
1112700,12,21,12,137,True,False
1112700,12,21,12,197,True,False
1112700,12,21,12,454,True,False
1112700,12,21,472,521,True,False
1113000,12,21,12,131,True,False
1113000,12,21,12,454,True,False
1113300,12,21,12,454,True,False
1113900,12,21,12,137,True,False
1113900,12,21,12,263,True,False
1114200,12,21,12,454,True,False
1114800,12,21,12,283,True,False
1115100,12,21,12,137,True,False
1115700,12,21,12,25,True,False
1116000,12,22,12,280,True,False
1116300,12,22,12,131,True,False
1116300,12,22,12,286,True,False
1116300,12,22,12,461,True,False
1116300,12,22,12,567,True,False
1116600,12,22,12,286,True,False
1116600,12,22,12,567,True,False
1116900,12,22,12,137,True,False
1116900,12,22,12,686,True,False
1117500,12,22,12,239,True,False
1118100,12,22,12,25,True,False
1118100,12,22,12,352,True,False
1118100,12,22,12,418,True,False
1118100,12,22,12,454,True,False
1118400,12,22,12,454,True,False
1118700,12,22,12,401,True,False
1118700,12,22,12,454,True,False
1119600,12,23,12,452,True,False
1120500,12,23,12,179,True,False
1121400,12,23,12,179,True,False
1121700,12,23,12,470,True,False
1122000,12,23,12,401,True,False
1122000,12,23,12,454,True,False
1122600,12,23,12,370,True,False
1122600,12,23,12,401,True,False
1123200,13,0,12,454,True,False
1123500,13,0,12,454,True,False
1123800,13,0,12,454,True,False
1124100,13,0,12,25,True,False
1124400,13,0,12,25,True,False
1125000,13,0,12,25,True,False
1125000,13,0,12,454,True,False
1125000,13,0,12,470,True,False
1125300,13,0,12,454,True,False
1125900,13,0,12,454,True,False
1143600,13,5,472,280,True,False
1157700,13,9,12,11,True,False
1162200,13,10,472,262,True,False
1162500,13,10,472,262,True,False
1162800,13,11,472,262,True,False
1163100,13,11,472,52,True,False
1163700,13,11,472,262,True,False
1163700,13,11,485,179,True,False
1164000,13,11,472,262,True,False
1164300,13,11,472,52,True,False
1164300,13,11,472,262,True,False
1164600,13,11,472,262,True,False
1164600,13,11,472,263,True,False
1165200,13,11,472,598,True,False
1165500,13,11,472,598,True,False
1165800,13,11,472,263,True,False
1166100,13,11,472,262,True,False
1166100,13,11,472,263,True,False
1166100,13,11,472,598,True,False
1166400,13,12,472,598,True,False
1166700,13,12,472,262,True,False
1166700,13,12,472,263,True,False
1166700,13,12,472,598,True,False
1167000,13,12,472,262,True,False
1167000,13,12,472,598,True,False
1167300,13,12,472,262,True,False
1167300,13,12,472,598,True,False
1167600,13,12,472,598,True,False
1167900,13,12,472,263,True,False
1169100,13,12,472,263,True,False
1169100,13,12,472,598,True,False
1169400,13,12,472,598,True,False
1169700,13,12,472,263,True,False
1169700,13,12,472,598,True,False
1170000,13,13,472,263,True,False
1170300,13,13,472,263,True,False
1170600,13,13,472,263,True,False
1170600,13,13,472,598,True,False
1170900,13,13,472,263,True,False
1170900,13,13,472,598,True,False
1171200,13,13,472,263,True,False
1171200,13,13,472,598,True,False
1171500,13,13,472,263,True,False
1171500,13,13,472,598,True,False
1171800,13,13,472,263,True,False
1171800,13,13,472,598,True,False
1172100,13,13,472,263,True,False
1172100,13,13,472,598,True,False
1172400,13,13,472,263,True,False
1172400,13,13,472,598,True,False
1172700,13,13,472,263,True,False
1172700,13,13,472,598,True,False
1173000,13,13,472,263,True,False
1173000,13,13,472,598,True,False
1173300,13,13,472,263,True,False
1173300,13,13,472,598,True,False
1173900,13,14,472,263,True,False
1173900,13,14,472,598,True,False
1174200,13,14,472,263,True,False
1174500,13,14,472,263,True,False
1174800,13,14,472,263,True,False
1174800,13,14,472,598,True,False
1175400,13,14,472,263,True,False
1176600,13,14,472,263,True,False
1176600,13,14,472,598,True,False
1176900,13,14,472,263,True,False
1180800,13,16,485,263,True,False
1181100,13,16,485,263,True,False
1181400,13,16,485,263,True,False
1184100,13,16,485,431,True,False
1184400,13,17,485,431,True,False
1184700,13,17,485,431,True,False
1185600,13,17,485,431,True,False
1186500,13,17,485,431,True,False
1189500,13,18,485,431,True,False
1190400,13,18,485,431,True,False
1191900,13,19,485,431,True,False
1193400,13,19,485,431,True,False
1193700,13,19,485,431,True,False
1194000,13,19,485,431,True,False
1195200,13,20,485,431,True,False
1196400,13,20,485,431,True,False
1196700,13,20,485,431,True,False
1197000,13,20,485,431,True,False
1197300,13,20,485,431,True,False
1197900,13,20,485,431,True,False
1198500,13,20,485,431,True,False
1199400,13,21,12,461,True,False
1199400,13,21,485,431,True,False
1199700,13,21,12,461,True,False
1200000,13,21,485,431,True,False
1200300,13,21,485,431,True,False
1200600,13,21,485,431,True,False
1201200,13,21,485,431,True,False
1201500,13,21,485,431,True,False
1201800,13,21,485,431,True,False
1202400,13,22,485,431,True,False
1203000,13,22,12,461,True,False
1203000,13,22,13,461,True,False
1203000,13,22,485,431,True,False
1203300,13,22,12,461,True,False
1203300,13,22,485,431,True,False
1203600,13,22,485,431,True,False
1204200,13,22,485,431,True,False
1204500,13,22,485,431,True,False
1204800,13,22,485,431,True,False
1205700,13,22,485,431,True,False
1206300,13,23,485,431,True,False
1206600,13,23,485,431,True,False
1206900,13,23,485,431,True,False
1207200,13,23,485,431,True,False
1207500,13,23,485,431,True,False
1208700,13,23,485,431,True,False
1211100,14,0,485,431,True,False
1211700,14,0,485,431,True,False
1212000,14,0,485,431,True,False
1212300,14,0,485,431,True,False
1212600,14,0,485,431,True,False
1213500,14,1,485,431,True,False
1213800,14,1,485,431,True,False
1214100,14,1,485,431,True,False
1214400,14,1,485,431,True,False
1214700,14,1,485,431,True,False
1215000,14,1,485,431,True,False
1215300,14,1,485,431,True,False
1215600,14,1,485,431,True,False
1215900,14,1,485,431,True,False
1216200,14,1,485,431,True,False
1216500,14,1,485,431,True,False
1216800,14,2,485,431,True,False
1217100,14,2,485,431,True,False
1217400,14,2,485,431,True,False
1217700,14,2,485,431,True,False
1220700,14,3,485,440,True,False
1262100,14,14,485,179,True,False
1262400,14,14,485,179,True,False
1262700,14,14,485,179,True,False
1263600,14,15,485,179,True,False
1284000,14,20,471,222,True,False
1284900,14,20,471,222,True,False
1285200,14,21,471,222,True,False
1285500,14,21,471,222,True,False
1285800,14,21,471,222,True,False
1286100,14,21,471,222,True,False
1286400,14,21,471,222,True,False
1289700,14,22,471,222,True,False
1289700,14,22,485,180,True,False
1290000,14,22,471,222,True,False
1290300,14,22,485,180,True,False
1290600,14,22,471,222,True,False
1290600,14,22,485,180,True,False
1290900,14,22,485,180,True,False
1291500,14,22,485,180,True,False
1291800,14,22,471,222,True,False
1291800,14,22,485,180,True,False
1292100,14,22,471,222,True,False
1292400,14,23,485,180,True,False
1292700,14,23,471,222,True,False
1292700,14,23,485,180,True,False
1293000,14,23,471,222,True,False
1293300,14,23,471,222,True,False
1293900,14,23,485,180,True,False
1294200,14,23,485,180,True,False
1295700,14,23,471,222,True,False
